State,State Code,Insurance Company
Alabama,AL,Access Health Services - TPA
Alabama,AL,Aetna
Alabama,AL,Aetna Atlantic Health
Alabama,AL,Aetna National
Alabama,AL,Affinity
Alabama,AL,Alabama Medicaid
Alabama,AL,All Savers Health Plans
Alabama,AL,Allegiance
Alabama,AL,Alliant Health
Alabama,AL,Allied Health Benefits
Alabama,AL,AllWays Health Partners
Alabama,AL,Alternative Insurance Resources
Alabama,AL,Ambetter 
Alabama,AL,AmBetter Commercial
Alabama,AL,AmeriBen
Alabama,AL,America's Choice Provider Network
Alabama,AL,American Healthcare Alliance
Alabama,AL,American PPO
Alabama,AL,AmeriGroup
Alabama,AL,AmeriHealth
Alabama,AL,Ametros
Alabama,AL,Ancillary Care Services
Alabama,AL,Anthem BCBCS
Alabama,AL,Anthem BCBS
Alabama,AL,Anthem Blue Cross Blue Shield
Alabama,AL,Anthem Medicaid
Alabama,AL,Arcbest Corporation
Alabama,AL,ASURIS
Alabama,AL,Atrio Health Plans
Alabama,AL,Badger Care
Alabama,AL,BCE Emergis
Alabama,AL,Beacon Health
Alabama,AL,Beech Street
Alabama,AL,Benefit Assistance Corp
Alabama,AL,Blue Benefit Administrators
Alabama,AL,Blue Cross Blue Shield
Alabama,AL,BlueCross and BlueShield of Alabama
Alabama,AL,Bluegrass Family Health
Alabama,AL,BMI Benefits LLC
Alabama,AL,Boulder Admin
Alabama,AL,Bright Health
Alabama,AL,Buckeye Community Health Plan
Alabama,AL,CareFirst BCBS
Alabama,AL,Careington International
Alabama,AL,Caresource
Alabama,AL,CAREVALENT GILSBAR
Alabama,AL,Cedar Valley Community Healthcare
Alabama,AL,Cedar Valley Hospice - Transportation
Alabama,AL,Century Health Solutions
Alabama,AL,Cerner Health Plan
Alabama,AL,CHAMP VA
Alabama,AL,CHN Solutions
Alabama,AL,Choice Care Network
Alabama,AL,Cigna
Alabama,AL,Cigna Medicare of  Alabama
Alabama,AL,ClearPrice Networks
Alabama,AL,Clover Health
Alabama,AL,CMN Inc. Global
Alabama,AL,Coastal Care Services
Alabama,AL,Cofinity Health Benefits
Alabama,AL,Common Ground Health Care
Alabama,AL,Commonwealth Care Alliance
Alabama,AL,Community Care
Alabama,AL,Community Health Options
Alabama,AL,Compass Rose Health Plan
Alabama,AL,CompDME
Alabama,AL,Connecticare
Alabama,AL,CONSOCIATE CARE
Alabama,AL,Continental Benefits
Alabama,AL,Cook County Health Plan
Alabama,AL,CoreSource
Alabama,AL,Coventry Health Care
Alabama,AL,CuraeChoice
Alabama,AL,Delta Health Systems
Alabama,AL,Deseret Mutual Benefit Administrators
Alabama,AL,Eagle Health Plan
Alabama,AL,EBMS
Alabama,AL,EBPA
Alabama,AL,Emblem Health
Alabama,AL,Employer's Choice Network (ECN)
Alabama,AL,Employers Health Network
Alabama,AL,Exceedent
Alabama,AL,Fidelis Care
Alabama,AL,First Choice Health
Alabama,AL,Friday Health Plan
Alabama,AL,Galaxy Health Network
Alabama,AL,Gateway Health
Alabama,AL,GEHA
Alabama,AL,Geisinger
Alabama,AL,Gilsbar
Alabama,AL,global excel management 
Alabama,AL,group health benefits
Alabama,AL,Group Health Eau Claire
Alabama,AL,Harbor Health Plan
Alabama,AL,Harvard Pilgrim
Alabama,AL,Health Care Partners
Alabama,AL,Health Choice
Alabama,AL,health eos
Alabama,AL,Health EZ
Alabama,AL,Health New England
Alabama,AL,Health Options
Alabama,AL,Health Partners
Alabama,AL,Health Payment Systems
Alabama,AL,Health Plan Services
Alabama,AL,Health Plans Inc
Alabama,AL,Health Scope
Alabama,AL,Health Smart
Alabama,AL,HealthComp
Alabama,AL,Healthcomp TPA
Alabama,AL,Healthgram
Alabama,AL,HealthLink
Alabama,AL,HealthSmart
Alabama,AL,"HealthSmart Preferred Care II, LP"
Alabama,AL,HFN
Alabama,AL,highlands
Alabama,AL,Highmark BlueCross BlueShield
Alabama,AL,Home Care Alliance of Virginia (HCAV)
Alabama,AL,Homelink
Alabama,AL,Hudson Health Plan
Alabama,AL,Humana
Alabama,AL,Imagine 360
Alabama,AL,"immergrun, inc."
Alabama,AL,Independence BCBS
Alabama,AL,Independent Health
Alabama,AL,Independent Medical Systems
Alabama,AL,indequest
Alabama,AL,Insurance Management Services
Alabama,AL,Integra
Alabama,AL,INTotal Health
Alabama,AL,IPMG
Alabama,AL,"Itasca Medical Care (IMCare), Minnesota Department of Health"
Alabama,AL,J.P. Farley Corporation
Alabama,AL,Key Benefit Administrators
Alabama,AL,Keystone First
Alabama,AL,lakes area community healthplan
Alabama,AL,Lasso Healthcare
Alabama,AL,Lucent Health
Alabama,AL,Magellan
Alabama,AL,Magnacare
Alabama,AL,Mail Handlers
Alabama,AL,Martin's Point
Alabama,AL,maxor provider network
Alabama,AL,McLaren Health Plans
Alabama,AL,mcm maxcare ppo
Alabama,AL,Medcorp Southwest Inc
Alabama,AL,MedCost
Alabama,AL,Medi-Share
Alabama,AL,Medica
Alabama,AL,Medicaid
Alabama,AL,"Medical Cost Containment Professionals, LLC (MCCP)"
Alabama,AL,medical resource
Alabama,AL,Medicare
Alabama,AL,MedPartners
Alabama,AL,Meridian Health Plan
Alabama,AL,Meritain Health
Alabama,AL,Methodist First Choice
Alabama,AL,MetroPlus
Alabama,AL,Midlands Choice
Alabama,AL,Midwest Health
Alabama,AL,MissionPoint
Alabama,AL,Moda Health
Alabama,AL,Molina
Alabama,AL,Mountain Health CO-OP
Alabama,AL,Multiplan-PHCS
Alabama,AL,Mutual Assurance Administrators
Alabama,AL,NAMCI North Alabama Managed Care
Alabama,AL,National Association of Letter Carriers
Alabama,AL,National Elevator Industry Health Benefits
Alabama,AL,Nationwide Insurance
Alabama,AL,"Nationwide Insurance, Pratt Towers"
Alabama,AL,Northeast Health Plan
Alabama,AL,NYSHIP
Alabama,AL,One Homecare Solutions
Alabama,AL,Onecall
Alabama,AL,Optum
Alabama,AL,Other
Alabama,AL,OWCA
Alabama,AL,Oxford Health Plans
Alabama,AL,Pacific Source Health Plans
Alabama,AL,Paradigm
Alabama,AL,Performance Health
Alabama,AL,Piedmont Healthcare
Alabama,AL,Pinnacle Assurance
Alabama,AL,Porter County Government Employee Benefits
Alabama,AL,PPO Plus
Alabama,AL,Prairie States
Alabama,AL,Preferred Health Alliance
Alabama,AL,Preferred Health Professionals
Alabama,AL,Preferred Medical Network
Alabama,AL,Preferred One
Alabama,AL,Presbyterian Health Plan 
Alabama,AL,Prime Health
Alabama,AL,Priority Health
Alabama,AL,PROVIDENCE HEALTH
Alabama,AL,Provider Network of America
Alabama,AL,QualChoice
Alabama,AL,Quartz
Alabama,AL,Reserve National Insurance Company
Alabama,AL,ResourceOne Administrators
Alabama,AL,S & S Health
Alabama,AL,Samaritan
Alabama,AL,Sana Benefits
Alabama,AL,Sanford Health Plan
Alabama,AL,Scott & White Health Plan
Alabama,AL,SEASIDE HLTH
Alabama,AL,Sedgwick
Alabama,AL,Select Administrative Services
Alabama,AL,Self Insured Services Company
Alabama,AL,Sentara Health Plans
Alabama,AL,Sentry Insurance
Alabama,AL,Sentry Insurance
Alabama,AL,SIHO
Alabama,AL,Simpra Advantage
Alabama,AL,SIX DEGREES HEALTH
Alabama,AL,SmartHealth
Alabama,AL,SMS National
Alabama,AL,Sound Health and Wellness
Alabama,AL,Sound Health and Wellness
Alabama,AL,South Central Preferred
Alabama,AL,Starmark
Alabama,AL,Surest
Alabama,AL,Surest Health Plan
Alabama,AL,The American Worker
Alabama,AL,The American Worker
Alabama,AL,The Empire Plan
Alabama,AL,The Health Plan
Alabama,AL,Tricare
Alabama,AL,TriCare – East Region
Alabama,AL,Tricare East
Alabama,AL,Tricare Overseas
Alabama,AL,Trilogy
Alabama,AL,TRPN
Alabama,AL,Trustmark
Alabama,AL,Tufts Health Plan
Alabama,AL,Ucare
Alabama,AL,UHC ALL SAVERS
Alabama,AL,UHC SHARED SERVICES
Alabama,AL,UHC STUDENT RESOURCES
Alabama,AL,UHC SUREST
Alabama,AL,UHIS
Alabama,AL,UMR
Alabama,AL,UMWA Health & Retirement Funds
Alabama,AL,Unicare
Alabama,AL,United
Alabama,AL,United Healthcare
Alabama,AL,United Healthcare All Savers
Alabama,AL,United Healthcare Medicaid
Alabama,AL,United Healthcare Shared Services
Alabama,AL,United Healthcare StudentResources
Alabama,AL,United Student Resources
Alabama,AL,UPMC
Alabama,AL,US Family Health Plan
Alabama,AL,USA MANAGED CARE ORGANIZATIONS
Alabama,AL,Valenz
Alabama,AL,Valenz
Alabama,AL,VIVA Health
Alabama,AL,WebTPA
Alabama,AL,Wellcare
Alabama,AL,WellCare of Alabama
Alabama,AL,WellFirst Health
Alabama,AL,WellMed
Alabama,AL,World Trade Center
Alabama,AL,Zelis
Alabama,AL,ZENITH ADMIN
Arizona,AZ, Aetna Better Health
Arizona,AZ,A&S Financial
Arizona,AZ,Access Health Services - TPA
Arizona,AZ,Aetna
Arizona,AZ,Aetna Atlantic Health
Arizona,AZ,Aetna National
Arizona,AZ,Affinity
Arizona,AZ,All Savers Health Plans
Arizona,AZ,Allegiance
Arizona,AZ,Alliance Health
Arizona,AZ,Alliant Health
Arizona,AZ,Allied Health Benefits
Arizona,AZ,AllWays Health Partners
Arizona,AZ,Allwell Arizona Complete Health
Arizona,AZ,Alternative Insurance Resources
Arizona,AZ,Ambetter 
Arizona,AZ,Ambetter Arizona Complete Health
Arizona,AZ,AmBetter Commercial
Arizona,AZ,AmeriBen
Arizona,AZ,America's Choice Provider Network
Arizona,AZ,American Healthcare Alliance
Arizona,AZ,American PPO
Arizona,AZ,AmeriGroup
Arizona,AZ,AmeriHealth
Arizona,AZ,Ametros
Arizona,AZ,Ancillary Care Services
Arizona,AZ,Anthem BCBCS
Arizona,AZ,Anthem BCBS
Arizona,AZ,Anthem Blue Cross Blue Shield
Arizona,AZ,Anthem Medicaid
Arizona,AZ,Arcbest Corporation
Arizona,AZ,Arizona Blue Cross Blue Shield
Arizona,AZ,Arizona Complete Health
Arizona,AZ,Arizona Complete Health - Medicaid
Arizona,AZ,Arizona Foundation for Medical Care
Arizona,AZ,Arizona Physicians IPA
Arizona,AZ,ASURIS
Arizona,AZ,Atrio Health Plans
Arizona,AZ,Badger Care
Arizona,AZ,Banner Health
Arizona,AZ,Banner University Health Plans
Arizona,AZ,BCE Emergis
Arizona,AZ,Beacon Health
Arizona,AZ,Beech Street
Arizona,AZ,Benefit Assistance Corp
Arizona,AZ,Blue Benefit Administrators
Arizona,AZ,Blue Cross Blue Shield
Arizona,AZ,Bluegrass Family Health
Arizona,AZ,BMI Benefits LLC
Arizona,AZ,Boulder Admin
Arizona,AZ,Bridgeway Health Solutions
Arizona,AZ,Bright Health
Arizona,AZ,Buckeye Community Health Plan
Arizona,AZ,Care First Arizona a Wellcare Company
Arizona,AZ,CareFirst BCBS
Arizona,AZ,Careington International
Arizona,AZ,Caresource
Arizona,AZ,CAREVALENT GILSBAR
Arizona,AZ,Cedar Valley Community Healthcare
Arizona,AZ,Cedar Valley Hospice - Transportation
Arizona,AZ,Cenpatico Integrated Care
Arizona,AZ,Century Health Solutions
Arizona,AZ,Cerner Health Plan
Arizona,AZ,CHAMP VA
Arizona,AZ,CHN Solutions
Arizona,AZ,Choice Care Network
Arizona,AZ,Cigna
Arizona,AZ,ClearPrice Networks
Arizona,AZ,Clover Health
Arizona,AZ,CMN Inc. Global
Arizona,AZ,Coastal Care Services
Arizona,AZ,Cofinity Health Benefits
Arizona,AZ,Common Ground Health Care
Arizona,AZ,Commonwealth Care Alliance
Arizona,AZ,Community Care
Arizona,AZ,Community Health Options
Arizona,AZ,Compass Rose Health Plan
Arizona,AZ,CompDME
Arizona,AZ,Connecticare
Arizona,AZ,CONSOCIATE CARE
Arizona,AZ,Continental Benefits
Arizona,AZ,Cook County Health Plan
Arizona,AZ,CoreSource
Arizona,AZ,Coventry Health Care
Arizona,AZ,CuraeChoice
Arizona,AZ,Delta Health Systems
Arizona,AZ,Deseret Mutual Benefit Administrators
Arizona,AZ,Eagle Health Plan
Arizona,AZ,EBMS
Arizona,AZ,EBPA
Arizona,AZ,Emblem Health
Arizona,AZ,Employers Health Network
Arizona,AZ,Exceedent
Arizona,AZ,Excellus BlueCross BlueShield
Arizona,AZ,Fidelis Care
Arizona,AZ,First Choice Health
Arizona,AZ,Friday Health Plan
Arizona,AZ,Galaxy Health Network
Arizona,AZ,Gateway Health
Arizona,AZ,GEHA
Arizona,AZ,Geisinger
Arizona,AZ,Gilsbar
Arizona,AZ,global excel management 
Arizona,AZ,group health benefits
Arizona,AZ,Group Health Eau Claire
Arizona,AZ,Harbor Health Plan
Arizona,AZ,Harvard Pilgrim
Arizona,AZ,Health Care Partners
Arizona,AZ,health eos
Arizona,AZ,Health EZ
Arizona,AZ,Health Management Network
Arizona,AZ,Health Net
Arizona,AZ,Health New England
Arizona,AZ,Health Options
Arizona,AZ,Health Partners
Arizona,AZ,Health Payment Systems
Arizona,AZ,Health Plan Services
Arizona,AZ,Health Plans Inc
Arizona,AZ,Health Scope
Arizona,AZ,Health Smart
Arizona,AZ,Healthcare Management Administration
Arizona,AZ,HealthComp
Arizona,AZ,Healthcomp TPA
Arizona,AZ,Healthgram
Arizona,AZ,HealthLink
Arizona,AZ,HealthSmart
Arizona,AZ,"HealthSmart Preferred Care II, LP"
Arizona,AZ,HFN
Arizona,AZ,highlands
Arizona,AZ,Highmark BlueCross BlueShield
Arizona,AZ,HMA
Arizona,AZ,Homelink
Arizona,AZ,Hudson Health Plan
Arizona,AZ,Humana
Arizona,AZ,Imagine 362
Arizona,AZ,"immergrun, inc."
Arizona,AZ,"Imperial Insurance Companies, Inc."
Arizona,AZ,Independence BCBS
Arizona,AZ,Independent Health
Arizona,AZ,Independent Medical Systems
Arizona,AZ,indequest
Arizona,AZ,Insurance Management Services
Arizona,AZ,Integra
Arizona,AZ,Integrated Home Care Services - IHCS
Arizona,AZ,INTotal Health
Arizona,AZ,IPMG
Arizona,AZ,J.P. Farley Corporation
Arizona,AZ,Key Benefit Administrators
Arizona,AZ,Keystone First
Arizona,AZ,lakes area community healthplan
Arizona,AZ,Lasso Healthcare
Arizona,AZ,Lucent Health
Arizona,AZ,Magellan
Arizona,AZ,Magnacare
Arizona,AZ,Mail Handlers
Arizona,AZ,"Managed Care, Inc dba Galaxy Health Network"
Arizona,AZ,Martin's Point
Arizona,AZ,maxor provider network
Arizona,AZ,Mayo Clinic Health Solutions
Arizona,AZ,McLaren Health Plans
Arizona,AZ,mcm maxcare ppo
Arizona,AZ,Medcorp Southwest Inc
Arizona,AZ,MedCost
Arizona,AZ,Medi-Share
Arizona,AZ,Medica
Arizona,AZ,Medicaid
Arizona,AZ,Medicaid of Arizona
Arizona,AZ,"Medical Cost Containment Professionals, LLC (MCCP)"
Arizona,AZ,medical resource
Arizona,AZ,Medicare
Arizona,AZ,Mercy Care Department of Child Safety Comprehensive Health Plan (fka Comprehensive Medical & Dental Program)
Arizona,AZ,Mercy Care Plan - Medicaid
Arizona,AZ,Mercy Care Plan of Arizona
Arizona,AZ,Meridian Health Plan
Arizona,AZ,Meritain Health
Arizona,AZ,Methodist First Choice
Arizona,AZ,MetroPlus
Arizona,AZ,Midlands Choice
Arizona,AZ,Midwest Health
Arizona,AZ,MissionPoint
Arizona,AZ,Moda Health
Arizona,AZ,Molina
Arizona,AZ,Mountain Health CO-OP
Arizona,AZ,Multiplan-PHCS
Arizona,AZ,Mutual Assurance Administrators
Arizona,AZ,National Association of Letter Carriers
Arizona,AZ,National Elevator Industry Health Benefits
Arizona,AZ,NYSHIP
Arizona,AZ,Ohio Medicaid Pharmacy Provider
Arizona,AZ,One Homecare Solutions
Arizona,AZ,Onecall
Arizona,AZ,Optum
Arizona,AZ,Oscar
Arizona,AZ,Oscar AZ-Commercial
Arizona,AZ,Other
Arizona,AZ,OWCA
Arizona,AZ,Oxford Health Plans
Arizona,AZ,P3 Health Partners Arizona
Arizona,AZ,Pacific Source Health Plans
Arizona,AZ,Paradigm
Arizona,AZ,Performance Health
Arizona,AZ,Piedmont Healthcare
Arizona,AZ,Pinnacle Assurance
Arizona,AZ,Porter County Government Employee Benefits
Arizona,AZ,PPO Plus
Arizona,AZ,Prairie States
Arizona,AZ,Preferred Health Professionals
Arizona,AZ,Preferred Medical Network
Arizona,AZ,Preferred One
Arizona,AZ,Presbyterian Health Plan 
Arizona,AZ,Priority Health
Arizona,AZ,PROVIDENCE HEALTH
Arizona,AZ,Provider Network of America
Arizona,AZ,QualChoice
Arizona,AZ,Quartz
Arizona,AZ,Reserve National Insurance Company
Arizona,AZ,ResourceOne Administrators
Arizona,AZ,S & S Health
Arizona,AZ,Samaritan
Arizona,AZ,Sana Benefits
Arizona,AZ,Sanford Health Plan
Arizona,AZ,Scott & White Health Plan
Arizona,AZ,Sedgwick
Arizona,AZ,Select Administrative Services
Arizona,AZ,Self Insured Services Company
Arizona,AZ,Sentara Health Plans
Arizona,AZ,Sentry Insurance
Arizona,AZ,SIHO
Arizona,AZ,SIX DEGREES HEALTH
Arizona,AZ,SmartHealth
Arizona,AZ,SMS National
Arizona,AZ,Sound Health and Wellness
Arizona,AZ,South Central Preferred
Arizona,AZ,Southwest Service Administrators
Arizona,AZ,Starmark
Arizona,AZ,Steward Health Choice - Medicaid
Arizona,AZ,The American Worker
Arizona,AZ,The American Worker (f.k.a Century Healthcare)
Arizona,AZ,The Empire Plan
Arizona,AZ,The Health Plan
Arizona,AZ,Tricare
Arizona,AZ,Tricare Overseas
Arizona,AZ,Tricare West
Arizona,AZ,Trilogy
Arizona,AZ,TRPN
Arizona,AZ,Trustmark
Arizona,AZ,Tufts Health Plan
Arizona,AZ,Ucare
Arizona,AZ,UHC ALL SAVERS
Arizona,AZ,UHC SHARED SERVICES
Arizona,AZ,UHC STUDENT RESOURCES
Arizona,AZ,UHC SUREST
Arizona,AZ,UHIS
Arizona,AZ,UMR
Arizona,AZ,UMWA Health & Retirement Funds
Arizona,AZ,Unicare
Arizona,AZ,United
Arizona,AZ,United Healthcare
Arizona,AZ,United Healthcare  Commercial and Medicare
Arizona,AZ,United Healthcare All Savers
Arizona,AZ,United Healthcare Medicaid
Arizona,AZ,United Healthcare Shared Services
Arizona,AZ,United Healthcare StudentResources
Arizona,AZ,United Student Resources
Arizona,AZ,UPMC
Arizona,AZ,US Family Health Plan
Arizona,AZ,USA MANAGED CARE ORGANIZATIONS
Arizona,AZ,Valenz
Arizona,AZ,Valenz f.k.a United Claim Solutions (PPO Network)
Arizona,AZ,WebTPA
Arizona,AZ,Wellcare
Arizona,AZ,WellFirst Health
Arizona,AZ,WellMed
Arizona,AZ,Western Growers Assurance Trust
Arizona,AZ,World Trade Center
Arizona,AZ,Zelis
Arizona,AZ,ZENITH ADMIN
California,CA,A&S Financial
California,CA,ABA
California,CA,Access Health Direct
California,CA,Access Health Services - TPA
California,CA,Access Medical Group
California,CA,ACCOUNTABLE IPA
California,CA,ACCOUNTBLE HLTH
California,CA,ADMIN SOLUTIONS
California,CA,ADVANTEK
California,CA,Adventist
California,CA,Aetna
California,CA,Aetna Atlantic Health
California,CA,Aetna National
California,CA,Affiliated Doctors of Orange County
California,CA,Affiliated Physicians Medical Group
California,CA,Affinity
California,CA,AKM MED GROUP
California,CA,Alameda Alliance for Health
California,CA,Alamitos IPA
California,CA,Alignment Healthcare
California,CA,Alignment Healthcare fka Citizens Choice Health Plan
California,CA,ALIGNMENT HLTH
California,CA,All Care Medical Group
California,CA,All Savers Health Plans
California,CA,Allegiance
California,CA,Alliance Desert Physicians
California,CA,Alliant Health
California,CA,Allied Health Benefits
California,CA,ALLIED PACIFIC
California,CA,ALLIED PHYS
California,CA,AllWays Health Partners
California,CA,"AlphaCare, Medicaid"
California,CA,Alta Bates Medical Group
California,CA,Alta LA Comm Hosp. Norwalk
California,CA,ALTAMED
California,CA,Alternative Insurance Resources
California,CA,Ambetter 
California,CA,AmeriBen
California,CA,America's Choice Provider Network
California,CA,American Healthcare Alliance
California,CA,American PPO
California,CA,AmeriHealth
California,CA,Ametros
California,CA,AMVI IMC GRP
California,CA,Anaheim Regional Medical Center
California,CA,Ancillary Care Services
California,CA,Angeles IPA
California,CA,Anthem BCBCS
California,CA,Anthem BCBS
California,CA,Anthem Blue Cross - California
California,CA,Anthem Blue Cross Blue Shield
California,CA,Anthem Medicaid
California,CA,Arcadian Health
California,CA,ARCADIAN MANAGM
California,CA,Arcbest Corporation
California,CA,ARTA HEALTH
California,CA,Aspire Health Plan
California,CA,ASSOC HISP PHYS
California,CA,ASURIS
California,CA,ATPA
California,CA,Atrio Health Plans
California,CA,AVALON IPA
California,CA,Avante Best Care IPA
California,CA,Axminster Medical Group
California,CA,Badger Care
California,CA,Bakersfield Family
California,CA,Bakersfield Medical Group
California,CA,BAKERY CONG UN
California,CA,BCE Emergis
California,CA,Beacon Health
California,CA,Beech Street
California,CA,Bella Vista Medical Group
California,CA,Benefit Administrative Systems
California,CA,Benefit Assistance Corp
California,CA,BEVERLY HOSP
California,CA,Blue Benefit Administrators
California,CA,Blue Cross Blue Shield
California,CA,Blue Cross Blue Shield of California - Promise Health Plan
California,CA,Blue Shield California
California,CA,BLUE SHIELD OF CA
California,CA,Bluegrass Family Health
California,CA,BMI Benefits LLC
California,CA,Boulder Admin
California,CA,Brand New Day
California,CA,BRMS
California,CA,Brookshire IPA
California,CA,BROWN & TOLAND
California,CA,Brown and Toland Medical Group
California,CA,Buckeye Community Health Plan
California,CA,CA FIELD IRON
California,CA,CA HOSP MED CNT
California,CA,CA MED CENTER
California,CA,CAL CARE IPA
California,CA,CAL NET
California,CA,Cal Viva Health
California,CA,CALFARM HEALTH
California,CA,California health and wellness
California,CA,California IPA
California,CA,CALOPTIMA
California,CA,Canopy Health Network
California,CA,CAPITOL ADMINIS
California,CA,Care1st Health Plan
California,CA,CareFirst BCBS
California,CA,Careington International
California,CA,Caresource
California,CA,CAREVALENT GILSBAR
California,CA,Carpenters Health & Welfare Fund
California,CA,CCPC
California,CA,CCS
California,CA,Cedar Valley Community Healthcare
California,CA,Cedar Valley Hospice - Transportation
California,CA,CEDARS
California,CA,Cedars-Sinai
California,CA,CEM MASONS HLTH
California,CA,CenCal Health
California,CA,CENCAL HLTH
California,CA,Centene 
California,CA,Centinela Valley IPA
California,CA,Central California Alliance
California,CA,Central California Alliance for Health
California,CA,Century Health Solutions
California,CA,Cerner Health Plan
California,CA,Chaffey Medical Group
California,CA,CHAMP VA
California,CA,Chino Valley Medical Center
California,CA,CHN Solutions
California,CA,Choice Care Network
California,CA,Choice Medical
California,CA,CHUBB
California,CA,Cigna
California,CA,CITRUS INS TRST
California,CA,CITRUS VALLEY
California,CA,CLAIMS CENTRAL
California,CA,ClearPrice Networks
California,CA,CLINICA MEDICA
California,CA,CMN Inc. Global
California,CA,CNA COMMERCIAL
California,CA,CNT CA ALLIANCE
California,CA,CNT VLLY MED PR
California,CA,Coast Healthcare Mgmt
California,CA,Coastal Care Services
California,CA,Coastal Medical Group
California,CA,COASTAL TPA INC
California,CA,Cofinity Health Benefits
California,CA,COMM CARE HLTH
California,CA,COMM CARE IPA
California,CA,COMM HEALTH GRP
California,CA,COMM HLTH CENTR
California,CA,COMM MED CNTR
California,CA,Common Ground Health Care
California,CA,Commonwealth Care Alliance
California,CA,Community Care
California,CA,Community Health Group
California,CA,Community Health Group-Medi-cal
California,CA,Community Health Options
California,CA,COMMUNITY HLTH
California,CA,Compass Rose Health Plan
California,CA,CompDME
California,CA,Connecticare
California,CA,CONSOCIATE CARE
California,CA,Continental Benefits
California,CA,Contra Costa Health Plan
California,CA,Cook County Health Plan
California,CA,CoreSource
California,CA,Costal Community PN
California,CA,County of Kern
California,CA,Coventry Health Care
California,CA,CRESENT HEALTH
California,CA,Crown City Medical Group
California,CA,CuraeChoice
California,CA,Delta Health Systems
California,CA,Deseret Mutual Benefit Administrators
California,CA,Desert Family Practice Associates
California,CA,Desert Oasis
California,CA,Desert Valley
California,CA,Dignity Health Medical Group
California,CA,DOWNEY REGIONAL
California,CA,Downey Regional Medical Center
California,CA,Eagle Health Plan
California,CA,Eastland Medical Group
California,CA,EBA&M
California,CA,EBMS
California,CA,EBPA
California,CA,Edinger Medical Group
California,CA,EHS Central Valley Commercial
California,CA,EHS Central Valley IPA
California,CA,EHS Medical Group
California,CA,EHS Primary Care
California,CA,EHS Private Label
California,CA,El Proyecto del Barrio
California,CA,Emblem Health
California,CA,Employers Health Network
California,CA,EPIC Health Plan
California,CA,Exceedent
California,CA,EXCEPTIONAL CAR
California,CA,Facey Medical Group
California,CA,Family Care Specialists
California,CA,FAMILY CHOICE
California,CA,Family/Seniors Medical Group
California,CA,Fenix Health Medical Group
California,CA,Fidelis Care
California,CA,First Choice Health
California,CA,FOUND MED CARE
California,CA,Friday Health Plan
California,CA,FutureCare IPA
California,CA,Galaxy Health Network
California,CA,Gateway Health
California,CA,GEHA
California,CA,Geisinger
California,CA,GEMcare
California,CA,Genesis Healthcare
California,CA,Gilsbar
California,CA,GLENDALE MEMOR
California,CA,GLOBAL CARE MED
California,CA,Global Care Medical Group
California,CA,global excel management 
California,CA,GOLD COAST HLTH
California,CA,Good Samaritan
California,CA,Greater Covina Medical Group
California,CA,GREATER EL MONT
California,CA,GREATER LA HLTH
California,CA,Greater Newport Physicians
California,CA,GREATER SAN GBR
California,CA,Greater Tri Cities
California,CA,group health benefits
California,CA,Group Health Eau Claire
California,CA,Harbor Health Plan
California,CA,Harvard Pilgrim
California,CA,"Health Care LA, IPA"
California,CA,Health Care Partners
California,CA,"Health Care, IPA"
California,CA,HEALTH COMP
California,CA,health eos
California,CA,Health EZ
California,CA,Health Net
California,CA,Health Net California
California,CA,Health Net of California
California,CA,Health New England
California,CA,Health Options
California,CA,Health Partners
California,CA,Health Payment Systems
California,CA,Health Plan of San Mateo
California,CA,Health Plan Services
California,CA,Health Plans Inc
California,CA,Health Scope
California,CA,Health Smart
California,CA,HealthCare Partners
California,CA,HealthComp
California,CA,HealthComp Administrators
California,CA,Healthcomp TPA
California,CA,Healthgram
California,CA,HealthLink
California,CA,HealthSmart
California,CA,"HealthSmart Preferred Care II, LP"
California,CA,Healthsource Medical Group
California,CA,Heritage Provider Network
California,CA,Heritage Victor Valley
California,CA,HFN
California,CA,High Desert Medical Group
California,CA,highlands
California,CA,HLTH CARE LA IP
California,CA,HLTH SMART MSO
California,CA,HLTH SOURCE MSO
California,CA,HOLLYWOOD PRES
California,CA,Holy Cross Medical
California,CA,Homelink
California,CA,Horizon Valley
California,CA,HPSM
California,CA,Hudson Health Plan
California,CA,Humana
California,CA,HUNTING PARK
California,CA,IEHP Direct
California,CA,ILWU PMA
California,CA,Imagine 364
California,CA,IMG KERN COUNTY
California,CA,"immergrun, inc."
California,CA,Imperial Health Holding Medical Group
California,CA,Imperial Health Plan
California,CA,Independence BCBS
California,CA,Independent Health
California,CA,Independent Medical Systems
California,CA,indequest
California,CA,Inland Empire Health Plan
California,CA,Inland Empire Health Plan - IEHP
California,CA,INLAND HEALTH
California,CA,Inland Valleys IPA
California,CA,Insurance Management Services
California,CA,Integra
California,CA,Integrated Home Care Services - IHCS
California,CA,Interplan
California,CA,INTotal Health
California,CA,IPA Dual Elig MediConnect
California,CA,IPMG
California,CA,J.P. Farley Corporation
California,CA,John Muir
California,CA,Kaiser
California,CA,Kaiser Foundation Health Plan
California,CA,KARING PHYSIC
California,CA,Kern Family Health Plan
California,CA,KERN FOUNDATION
California,CA,Key Benefit Administrators
California,CA,Keystone First
California,CA,KOREAN MED GRP
California,CA,LA Care Heath Plan
California,CA,LA VIDA
California,CA,lakes area community healthplan
California,CA,Lakeside Community
California,CA,Lakeside Medical Group
California,CA,Lakewood IPA
California,CA,LASALLE
California,CA,Lasso Healthcare
California,CA,Liberty Mutual No Fault
California,CA,Loma Linda University Health
California,CA,Long Beach Memorial
California,CA,Los Alamintos Tenet Healthcare
California,CA,Lucent Health
California,CA,Magellan
California,CA,Magnacare
California,CA,Mail Handlers
California,CA,"Managed Care, Inc dba Galaxy Health Network"
California,CA,Marian Health Services
California,CA,Martin's Point
California,CA,maxor provider network
California,CA,mcm maxcare ppo
California,CA,MD Partners Medical Group
California,CA,Med 3000
California,CA,Medcorp Southwest Inc
California,CA,MedCost
California,CA,Medi-Cal
California,CA,Medi-Share
California,CA,Medica
California,CA,Medicaid
California,CA,Medicaid of California - Medi-Cal
California,CA,Medical Benefits
California,CA,"Medical Cost Containment Professionals, LLC (MCCP)"
California,CA,medical resource
California,CA,Medicare
California,CA,Medichoice IPA
California,CA,MEDICINA FAMIL
California,CA,"MedImpact Healthcare Systems, Inc."
California,CA,Memorial Care Medical Group
California,CA,Memorial Hospitals Association
California,CA,MEMORIAL MED
California,CA,Menifee Valley Community Medical Group
California,CA,Meridian Health Plan
California,CA,Meritage Medical Group
California,CA,Meritain Health
California,CA,Methodist First Choice
California,CA,MetroPlus
California,CA,Midlands Choice
California,CA,Midwest Health
California,CA,Mission Medica Group (PPMC)
California,CA,MissionPoint
California,CA,MMRLCRE MED FND
California,CA,Moda Health
California,CA,Molina
California,CA,Monarch
California,CA,Mountain Health CO-OP
California,CA,Multicultural IPA
California,CA,Multiplan-PHCS
California,CA,Mutual Assurance Administrators
California,CA,National Association of Letter Carriers
California,CA,National Elevator Industry Health Benefits
California,CA,NATIONWIDE HLTH
California,CA,Networks by Design
California,CA,Nippon Life Benefits
California,CA,NorthBay Healthcare
California,CA,Nuestra Familia Medical Group
California,CA,NWOC Medical Group
California,CA,NYSHIP
California,CA,Omni IPA
California,CA,ONE HEALTH PLAN
California,CA,One Homecare Solutions
California,CA,Onecall
California,CA,OPERATING ENG
California,CA,Optum
California,CA,OptumRx
California,CA,Orange Coast Memorial
California,CA,ORNGE CNTY PHYS
California,CA,Oscar
California,CA,Other
California,CA,OWCA
California,CA,Oxford Health Plans
California,CA,PA MED CENTER
California,CA,PACIFIC ALLIANC
California,CA,Pacific Alliance Medical Center
California,CA,Pacific Foundation for Medical Care
California,CA,Pacific Health Alliance
California,CA,Pacific Healthcare
California,CA,Pacific Source Health Plans
California,CA,PACIFICA HOSP
California,CA,Paradigm
California,CA,Partnership Health Plan
California,CA,Partnership Health Plan of California
California,CA,Performance Health
California,CA,PHYSIC ALLIANCE
California,CA,PHYSICIAN ASSOC
California,CA,PHYSICIANS HLTH
California,CA,Physicians HN
California,CA,Piedmont Healthcare
California,CA,Pinnacle Assurance
California,CA,PINNACLE CLAIMS
California,CA,"Pinnacle Claims Management, Inc"
California,CA,Pinnacle Health
California,CA,Pioneer Med Group
California,CA,PLCMMCSP
California,CA,Pomona Valley Med Group
California,CA,Porter County Government Employee Benefits
California,CA,PPO Plus
California,CA,Prairie States
California,CA,PREFERRED BENEF
California,CA,Preferred Health Network
California,CA,Preferred Health Professionals
California,CA,PREFERRED IPA
California,CA,Preferred Medical Network
California,CA,Preferred One
California,CA,PREMIER HLTH
California,CA,PREMIER MED GRP
California,CA,PREMIER PHYSIC
California,CA,Premier Physician Network
California,CA,Premiercare IPA
California,CA,Presbyterian Health Plan 
California,CA,Primary Care Assoc IPA
California,CA,Prime Health
California,CA,PrimeCare - Chino Valley
California,CA,PrimeCare - Coachella
California,CA,Primecare - Corona
California,CA,PrimeCare - Hemet Valley
California,CA,PrimeCare - Inland Valley
California,CA,PrimeCare - Mercy Physicians Medical Group
California,CA,PrimeCare - Moreno Valley
California,CA,PrimeCare - Primary Care Associates
California,CA,PrimeCare - Redlands
California,CA,PrimeCare - Riverside
California,CA,PrimeCare - Sun City
California,CA,PrimeCare - Temecula
California,CA,PrimeCare - Valley Physicians Network
California,CA,PrimeCare of Citrus Valley
California,CA,PrimeCare of San Bernardino
California,CA,Priority Health
California,CA,Professional Care Medical Group
California,CA,Promed
California,CA,Prospect Medical Group
California,CA,PROVIDENCE HEALTH
California,CA,Provider Network of America
California,CA,PRUDENTIAL HLTH
California,CA,QualChoice
California,CA,Quartz
California,CA,Rady Children's Hospital
California,CA,Redlands Community
California,CA,REDWOOD HEALTH
California,CA,Regal Medical Group
California,CA,Reserve National Insurance Company
California,CA,ResourceOne Administrators
California,CA,RIVER CITY MED
California,CA,Riverside Medical Clinic
California,CA,Riverside Physician Network
California,CA,S & S Health
California,CA,Samaritan
California,CA,SAN DIEGO HLTH
California,CA,San Francisco Health Plan
California,CA,SAN GABR VALLEY
California,CA,San Joaquin Health Administrators
California,CA,San Judas Medical Group
California,CA,Sana Benefits
California,CA,Sanford Health Plan
California,CA,SANTA BARB HLTH
California,CA,Santa Clara Health
California,CA,SANTE COM PHYS
California,CA,SANTE HLTH SYST
California,CA,SCCHN
California,CA,Scott & White Health Plan
California,CA,Scripps Health Plan
California,CA,SCRN ACT GUILD
California,CA,Seaside Health Plan
California,CA,Secure Horizons
California,CA,Sedgwick
California,CA,Select Administrative Services
California,CA,Self Insured Services Company
California,CA,Sentara Health Plans
California,CA,Sentry Insurance
California,CA,SEOL MEDI GRP
California,CA,Seoul Medical Group
California,CA,Seoul Medical Group Medi-Cal
California,CA,SEQUOIA HEALTH
California,CA,SERRA MEDICAL
California,CA,Sharp Health Plan
California,CA,Sierra Health and Life
California,CA,SIHO
California,CA,SIX DEGREES HEALTH
California,CA,SmartHealth
California,CA,SMS National
California,CA,Sonoma County Primary Care IPA
California,CA,Sound Health and Wellness
California,CA,South Central Preferred
California,CA,ST MARY'S MED
California,CA,St. Francis Health Network
California,CA,St. Joe's Heritage
California,CA,St. Joseph Health
California,CA,St. Mary IPA
California,CA,STANFORD  HLTH
California,CA,Starcare Medical Group
California,CA,Starmark
California,CA,State Compensation Insurance Fund California
California,CA,Sutter Health
California,CA,Sutter Santa Rosa
California,CA,Tarzana Medical Center
California,CA,TEAMSTERS BENEF
California,CA,Temecula Medical Group
California,CA,The American Worker
California,CA,The American Worker (f.k.a Century Healthcare)
California,CA,The Empire Plan
California,CA,The Health Plan
California,CA,The Health plan of San Joaquin
California,CA,Torrance Memorial
California,CA,Torrance PLCMMCT
California,CA,Tri-City Medical Center
California,CA,Tri-Valley Medical Group
California,CA,Tricare
California,CA,Tricare Overseas
California,CA,Tricare West
California,CA,Trilogy
California,CA,TRISTAR
California,CA,TRPN
California,CA,Trustmark
California,CA,Tufts Health Plan
California,CA,TULARE FOUND
California,CA,UC Davis Health System
California,CA,UC SAN DIEGO
California,CA,Ucare
California,CA,"UCLA - University of California, Los Angeles"
California,CA,UFCW
California,CA,UFCW NORTH CA
California,CA,UHC ALL SAVERS
California,CA,UHC SHARED SERVICES
California,CA,UHC STUDENT RESOURCES
California,CA,UHC SUREST
California,CA,UHIS
California,CA,UHP
California,CA,UMR
California,CA,UMWA Health & Retirement Funds
California,CA,Unicare
California,CA,UNIT FOOD COMER
California,CA,United
California,CA,UNITED ADM SERV
California,CA,United Healthcare
California,CA,United Healthcare  Commercial and Medicare
California,CA,United Healthcare All Savers
California,CA,United Healthcare Medicaid
California,CA,United Healthcare Shared Services
California,CA,United Healthcare StudentResources
California,CA,United Student Resources
California,CA,Universal Care
California,CA,UNIVERSITY HLTH
California,CA,University of California Davis
California,CA,Upland Medical Group
California,CA,UPMC
California,CA,US Family Health Plan
California,CA,USA MANAGED CARE ORGANIZATIONS
California,CA,USCW Trust
California,CA,Valenz
California,CA,Valenz f.k.a United Claim Solutions (PPO Network)
California,CA,Valley Health Plan
California,CA,VALLEY PRES HSP
California,CA,Vantage Health Plan
California,CA,Ventura County Health Care Plan
California,CA,Victor Valley
California,CA,VLLY PRES HOSP
California,CA,Watts Healthcare Corporation
California,CA,WebTPA
California,CA,Wellcare
California,CA,WellFirst Health
California,CA,WellMed
California,CA,WESTERN GROWERS
California,CA,Western Growers Assurance Trust
California,CA,WHITE MEMORIAL
California,CA,White Memorial Hospital
California,CA,World Trade Center
California,CA,WRITERS GUILD
California,CA,XiMED IPA
California,CA,XiMED IPA
California,CA,XIMed Physician's IPA
California,CA,Zelis
California,CA,ZENITH ADMIN
Colorado,CO,A&S Financial
Colorado,CO,Access Health Services - TPA
Colorado,CO,Aetna
Colorado,CO,Aetna Atlantic Health
Colorado,CO,Aetna National
Colorado,CO,Affinity
Colorado,CO,All Savers Health Plans
Colorado,CO,Allegiance
Colorado,CO,Alliant Health
Colorado,CO,Allied Health Benefits
Colorado,CO,AllWays Health Partners
Colorado,CO,Alternative Insurance Resources
Colorado,CO,Ambetter 
Colorado,CO,AmeriBen
Colorado,CO,America's Choice Provider Network
Colorado,CO,American Healthcare Alliance
Colorado,CO,American PPO
Colorado,CO,AmeriHealth
Colorado,CO,Ametros
Colorado,CO,Ancillary Care Services
Colorado,CO,Anthem BCBCS
Colorado,CO,Anthem BCBS
Colorado,CO,Anthem Blue Cross Blue Shield
Colorado,CO,Anthem Medicaid
Colorado,CO,Arcbest Corporation
Colorado,CO,ASURIS
Colorado,CO,Atrio Health Plans
Colorado,CO,Badger Care
Colorado,CO,BCBS CO
Colorado,CO,BCE Emergis
Colorado,CO,Beacon Health
Colorado,CO,Beech Street
Colorado,CO,Benefit Assistance Corp
Colorado,CO,BENESIGHT
Colorado,CO,Blue Benefit Administrators
Colorado,CO,Blue Cross Blue Shield
Colorado,CO,Bluegrass Family Health
Colorado,CO,BMI Benefits LLC
Colorado,CO,Boulder Admin
Colorado,CO,Bright Health
Colorado,CO,Buckeye Community Health Plan
Colorado,CO,CareFirst BCBS
Colorado,CO,Careington International
Colorado,CO,Caresource
Colorado,CO,CAREVALENT GILSBAR
Colorado,CO,Cedar Valley Community Healthcare
Colorado,CO,Cedar Valley Hospice - Transportation
Colorado,CO,Century Health Solutions
Colorado,CO,Cerner Health Plan
Colorado,CO,CHAMP VA
Colorado,CO,CHN Solutions
Colorado,CO,Choice Care Network
Colorado,CO,Cigna
Colorado,CO,Clear Spring Health
Colorado,CO,ClearPrice Networks
Colorado,CO,CMN Inc. Global
Colorado,CO,Coastal Care Services
Colorado,CO,Cofinity
Colorado,CO,Cofinity Health Benefits
Colorado,CO,Colorado Access
Colorado,CO,Colorado Choice Health Plans
Colorado,CO,Colorado Community Health Alliance
Colorado,CO,Common Ground Health Care
Colorado,CO,Commonwealth Care Alliance
Colorado,CO,Community Care
Colorado,CO,Community Health Options
Colorado,CO,Compass Rose Health Plan
Colorado,CO,CompDME
Colorado,CO,Connecticare
Colorado,CO,CONSOCIATE CARE
Colorado,CO,Continental Benefits
Colorado,CO,Cook County Health Plan
Colorado,CO,CoreSource
Colorado,CO,Coventry Health Care
Colorado,CO,CU GME Health Benefit Plan
Colorado,CO,CuraeChoice
Colorado,CO,Delta Health Systems
Colorado,CO,Denver Health
Colorado,CO,Deseret Mutual Benefit Administrators
Colorado,CO,Eagle Health Plan
Colorado,CO,EBMS
Colorado,CO,EBPA
Colorado,CO,Emblem Health
Colorado,CO,Employers Health Network
Colorado,CO,Exceedent
Colorado,CO,Fidelis Care
Colorado,CO,First Choice Health
Colorado,CO,Friday Health Plan
Colorado,CO,Galaxy Health Network
Colorado,CO,Gateway Health
Colorado,CO,GEHA
Colorado,CO,Geisinger
Colorado,CO,Gilsbar
Colorado,CO,global excel management 
Colorado,CO,group health benefits
Colorado,CO,Group Health Eau Claire
Colorado,CO,Harbor Health Plan
Colorado,CO,Harvard Pilgrim
Colorado,CO,Health Care Partners
Colorado,CO,health eos
Colorado,CO,Health EZ
Colorado,CO,Health New England
Colorado,CO,Health Options
Colorado,CO,Health Partners
Colorado,CO,Health Payment Systems
Colorado,CO,Health Plan Services
Colorado,CO,Health Plans Inc
Colorado,CO,Health Scope
Colorado,CO,Health Smart
Colorado,CO,HealthComp
Colorado,CO,Healthcomp TPA
Colorado,CO,Healthgram
Colorado,CO,HealthLink
Colorado,CO,HealthSmart
Colorado,CO,"HealthSmart Preferred Care II, LP"
Colorado,CO,HFN
Colorado,CO,highlands
Colorado,CO,Homelink
Colorado,CO,Hudson Health Plan
Colorado,CO,Humana
Colorado,CO,Imagine 365
Colorado,CO,"immergrun, inc."
Colorado,CO,IMS
Colorado,CO,Independence BCBS
Colorado,CO,Independent Health
Colorado,CO,Independent Medical Systems
Colorado,CO,indequest
Colorado,CO,Insurance Management Services
Colorado,CO,Integra
Colorado,CO,INTotal Health
Colorado,CO,IPMG
Colorado,CO,J.P. Farley Corporation
Colorado,CO,Kaiser Foundation Health Plan
Colorado,CO,Key Benefit Administrators
Colorado,CO,Keystone First
Colorado,CO,lakes area community healthplan
Colorado,CO,Lasso Healthcare
Colorado,CO,Longevity Health Plan
Colorado,CO,Lucent Health
Colorado,CO,Magellan
Colorado,CO,Magnacare
Colorado,CO,Mail Handlers
Colorado,CO,"Managed Care, Inc dba Galaxy Health Network"
Colorado,CO,Martin's Point
Colorado,CO,maxor provider network
Colorado,CO,mcm maxcare ppo
Colorado,CO,Medcorp Southwest Inc
Colorado,CO,MedCost
Colorado,CO,Medi-Share
Colorado,CO,Medica
Colorado,CO,Medicaid
Colorado,CO,Medicaid - Health First
Colorado,CO,Medicaid of Colorado - Health First Colorado
Colorado,CO,"Medical Cost Containment Professionals, LLC (MCCP)"
Colorado,CO,medical resource
Colorado,CO,Medicare
Colorado,CO,Memorial Health Partners
Colorado,CO,Meridian Health Plan
Colorado,CO,Meritain Health
Colorado,CO,Methodist First Choice
Colorado,CO,MetroPlus
Colorado,CO,Midlands Choice
Colorado,CO,Midwest Health
Colorado,CO,MissionPoint
Colorado,CO,Moda Health
Colorado,CO,Molina
Colorado,CO,Mountain Health CO-OP
Colorado,CO,Multiplan-PHCS
Colorado,CO,Mutual Assurance Administrators
Colorado,CO,National Association of Letter Carriers
Colorado,CO,National Elevator Industry Health Benefits
Colorado,CO,"Northeast Health Partners, LLC"
Colorado,CO,NYSHIP
Colorado,CO,One Homecare Solutions
Colorado,CO,Onecall
Colorado,CO,Optum
Colorado,CO,Oscar
Colorado,CO,Oscar CO-Commercial
Colorado,CO,Other
Colorado,CO,OWCA
Colorado,CO,Oxford Health Plans
Colorado,CO,Pacific Source Health Plans
Colorado,CO,Paradigm
Colorado,CO,Performance Health
Colorado,CO,Piedmont Healthcare
Colorado,CO,Pinnacle Assurance
Colorado,CO,Porter County Government Employee Benefits
Colorado,CO,PPO Plus
Colorado,CO,Prairie States
Colorado,CO,Preferred Health Professionals
Colorado,CO,Preferred Medical Network
Colorado,CO,Preferred One
Colorado,CO,Presbyterian Health Plan 
Colorado,CO,Priority Health
Colorado,CO,PROVIDENCE HEALTH
Colorado,CO,Provider Network of America
Colorado,CO,QualChoice
Colorado,CO,Quartz
Colorado,CO,Qubic
Colorado,CO,Reserve National Insurance Company
Colorado,CO,ResourceOne Administrators
Colorado,CO,Rocky Mountain Health Plan
Colorado,CO,Rocky Mountain Health Plans
Colorado,CO,S & S Health
Colorado,CO,Samaritan
Colorado,CO,Sana Benefits
Colorado,CO,Sanford Health Plan
Colorado,CO,Scott & White Health Plan
Colorado,CO,Sedgwick
Colorado,CO,Select Administrative Services
Colorado,CO,Self Insured Services Company
Colorado,CO,Sentara Health Plans
Colorado,CO,Sentry Insurance
Colorado,CO,SIHO
Colorado,CO,SIX DEGREES HEALTH
Colorado,CO,SmartHealth
Colorado,CO,SMS National
Colorado,CO,Sound Health and Wellness
Colorado,CO,South Central Preferred
Colorado,CO,Starmark
Colorado,CO,The American Worker
Colorado,CO,The American Worker (f.k.a Century Healthcare)
Colorado,CO,The Empire Plan
Colorado,CO,The Health Plan
Colorado,CO,Tricare
Colorado,CO,Tricare Overseas
Colorado,CO,Tricare West
Colorado,CO,Trilogy
Colorado,CO,TRPN
Colorado,CO,Tru Pace
Colorado,CO,Trustmark
Colorado,CO,Tufts Health Plan
Colorado,CO,Ucare
Colorado,CO,UHC ALL SAVERS
Colorado,CO,UHC SHARED SERVICES
Colorado,CO,UHC STUDENT RESOURCES
Colorado,CO,UHC SUREST
Colorado,CO,UHIS
Colorado,CO,UMR
Colorado,CO,UMWA Health & Retirement Funds
Colorado,CO,Unicare
Colorado,CO,United
Colorado,CO,United Healthcare
Colorado,CO,United Healthcare  Commercial and Medicare
Colorado,CO,United Healthcare All Savers
Colorado,CO,United Healthcare Medicaid
Colorado,CO,United Healthcare Shared Services
Colorado,CO,United Student Resources
Colorado,CO,UPMC
Colorado,CO,US Family Health Plan
Colorado,CO,USA MANAGED CARE ORGANIZATIONS
Colorado,CO,Valenz
Colorado,CO,Valenz f.k.a United Claim Solutions (PPO Network)
Colorado,CO,WebTPA
Colorado,CO,Wellcare
Colorado,CO,WellFirst Health
Colorado,CO,WellMed
Colorado,CO,World Trade Center
Colorado,CO,Zelis
Colorado,CO,ZENITH ADMIN
Florida,FL, Aetna Better Health
Florida,FL,A&S Financial
Florida,FL,Access Health Services - TPA
Florida,FL,Aetna
Florida,FL,Aetna Atlantic Health
Florida,FL,Aetna National
Florida,FL,Affinity
Florida,FL,Alignment Healthcare
Florida,FL,Alignment Healthcare fka Citizens Choice Health Plan
Florida,FL,All Florida PPO
Florida,FL,All Savers Health Plans
Florida,FL,Allegiance
Florida,FL,Alliant Health
Florida,FL,Allied Health Benefits
Florida,FL,AllWays Health Partners
Florida,FL,Allwell Sunshine State Health Plan -
Florida,FL,Alternative Insurance Resources
Florida,FL,Ambetter 
Florida,FL,AmBetter Commercial
Florida,FL,Ambetter Sunshine State Health Plan
Florida,FL,AmeriBen
Florida,FL,America's Choice Provider Network
Florida,FL,American Health Advantage of Florida
Florida,FL,American Health Plans
Florida,FL,American Healthcare Alliance
Florida,FL,American PPO
Florida,FL,AmeriGroup
Florida,FL,AmeriHealth
Florida,FL,AmeriHealth Caritas Florida fka Prestige Health Choice
Florida,FL,Ametros
Florida,FL,Ancillary Care Services
Florida,FL,Anthem BCBCS
Florida,FL,Anthem BCBS
Florida,FL,Anthem Blue Cross Blue Shield
Florida,FL,Anthem Medicaid
Florida,FL,Arcbest Corporation
Florida,FL,ASMED Health Partnership
Florida,FL,ASURIS
Florida,FL,Atrio Health Plans
Florida,FL,AvMed
Florida,FL,AvMed Health Plan
Florida,FL,AXA Assistance
Florida,FL,Badger Care
Florida,FL,BayCare Plus
Florida,FL,BCE Emergis
Florida,FL,Beacon Health
Florida,FL,Beech Street
Florida,FL,Benefit Assistance Corp
Florida,FL,Best Choice Plus
Florida,FL,Best Doctors
Florida,FL,Blue Benefit Administrators
Florida,FL,Blue Cross Blue Shield
Florida,FL,Blue Cross Blue Shield of Florida (CareCentrix)
Florida,FL,Bluegrass Family Health
Florida,FL,BMI Benefits LLC
Florida,FL,Boulder Admin
Florida,FL,Bright Health
Florida,FL,Buckeye Community Health Plan
Florida,FL,CAPITAL HEALTH
Florida,FL,CareFirst BCBS
Florida,FL,Careington International
Florida,FL,CarePlus Health Plans
Florida,FL,Caresource
Florida,FL,"CareValent Custom Design Benefits, Inc."
Florida,FL,CAREVALENT GILSBAR
Florida,FL,CareValent Stillwater
Florida,FL,"Catholic Special Needs Plan, LLC DBA ArchCare Advantage"
Florida,FL,Cedar Valley Community Healthcare
Florida,FL,Cedar Valley Hospice - Transportation
Florida,FL,Centene 
Florida,FL,Centivo
Florida,FL,Century Health Solutions
Florida,FL,Cerner Health Plan
Florida,FL,CHAMP VA
Florida,FL,CHCS Services
Florida,FL,CHN Solutions
Florida,FL,Choice Care Network
Florida,FL,Cigna
Florida,FL,Clear Health Alliance
Florida,FL,Clear Spring Health
Florida,FL,ClearPrice Networks
Florida,FL,CMN Inc. Global
Florida,FL,Coastal Care Services
Florida,FL,Cofinity Health Benefits
Florida,FL,Common Ground Health Care
Florida,FL,Commonwealth Care Alliance
Florida,FL,Community Care
Florida,FL,Community Care Plan
Florida,FL,Community Health Options
Florida,FL,Compass Rose Health Plan
Florida,FL,CompDME
Florida,FL,Connecticare
Florida,FL,CONSOCIATE CARE
Florida,FL,Continental Benefits
Florida,FL,Cook County Health Plan
Florida,FL,CoreSource
Florida,FL,Country Financial
Florida,FL,Coventry Health Care
Florida,FL,CuraeChoice
Florida,FL,Delta Health Systems
Florida,FL,Deseret Mutual Benefit Administrators
Florida,FL,Doctors Health Plans
Florida,FL,Eagle Health Plan
Florida,FL,EBMS
Florida,FL,EBPA
Florida,FL,Emblem Health
Florida,FL,Employer's Choice Network (ECN)
Florida,FL,Employers Health Network
Florida,FL,Exceedent
Florida,FL,Excellus BlueCross BlueShield
Florida,FL,EZ Comp Care
Florida,FL,Fidelis Care
Florida,FL,First Choice Health
Florida,FL,Florida Blue
Florida,FL,Florida Blue Cross Blue Shield - Carecentrix
Florida,FL,Florida Community Care
Florida,FL,Florida First
Florida,FL,Florida Health Care
Florida,FL,Florida Hospital Health System
Florida,FL,florida municipal insurance trust
Florida,FL,Freedom Health
Florida,FL,Friday Health Plan
Florida,FL,Galaxy Health Network
Florida,FL,Gateway Health
Florida,FL,GEHA
Florida,FL,Geisinger
Florida,FL,Gilsbar
Florida,FL,global excel management 
Florida,FL,Great Southern Life Co
Florida,FL,group health benefits
Florida,FL,Group Health Eau Claire
Florida,FL,Harbor Health Plan
Florida,FL,Harvard Pilgrim
Florida,FL,Health Care Partners
Florida,FL,Health Choice
Florida,FL,health eos
Florida,FL,Health EZ
Florida,FL,Health New England
Florida,FL,Health Options
Florida,FL,Health Partners
Florida,FL,Health Payment Systems
Florida,FL,Health Plan Services
Florida,FL,Health Plans Inc
Florida,FL,Health Scope
Florida,FL,Health Smart
Florida,FL,Healthcare Systems FL
Florida,FL,HealthComp
Florida,FL,Healthcomp TPA
Florida,FL,Healthgram
Florida,FL,HealthLink
Florida,FL,HealthSmart
Florida,FL,"HealthSmart Preferred Care II, LP"
Florida,FL,Heritage Consultants
Florida,FL,HFN
Florida,FL,highlands
Florida,FL,Homelink
Florida,FL,Hudson Health Plan
Florida,FL,Humana
Florida,FL,Humana Tricare East
Florida,FL,Imagine 368
Florida,FL,"immergrun, inc."
Florida,FL,Independence BCBS
Florida,FL,Independent Health
Florida,FL,Independent Medical Systems
Florida,FL,indequest
Florida,FL,Inland Empire Health Plan - IEHP
Florida,FL,Innovative Healthcare
Florida,FL,INS ADMIN SOLUT
Florida,FL,Insurance Management Services
Florida,FL,Integra
Florida,FL,Integral Quality Care
Florida,FL,Integrated Home Care Services - IHCS
Florida,FL,INTotal Health
Florida,FL,IPMG
Florida,FL,J.P. Farley Corporation
Florida,FL,Key Benefit Administrators
Florida,FL,Keystone First
Florida,FL,lakes area community healthplan
Florida,FL,Lasso Healthcare
Florida,FL,Liberty Bankers Life
Florida,FL,Longevity Health Plan
Florida,FL,Lucent Health
Florida,FL,Lumico Medicare Supplement
Florida,FL,Luminare
Florida,FL,Magellan
Florida,FL,Magnacare
Florida,FL,Mail Handlers
Florida,FL,Managed Care Services
Florida,FL,"Managed Care, Inc dba Galaxy Health Network"
Florida,FL,Martin's Point
Florida,FL,maxor provider network
Florida,FL,Mayo Clinic Health Solutions
Florida,FL,mcm maxcare ppo
Florida,FL,Med 3000
Florida,FL,Medcom/FHA
Florida,FL,Medcorp Southwest Inc
Florida,FL,MedCost
Florida,FL,Medi-Share
Florida,FL,Medica
Florida,FL,Medicaid
Florida,FL,"Medical Cost Containment Professionals, LLC (MCCP)"
Florida,FL,Medical Partners of America
Florida,FL,medical resource
Florida,FL,Medicare
Florida,FL,MediNcrease
Florida,FL,Medipass
Florida,FL,MedWatch
Florida,FL,Mercury
Florida,FL,Meridian Health Plan
Florida,FL,Meritain Health
Florida,FL,Methodist First Choice
Florida,FL,MetroPlus
Florida,FL,Midlands Choice
Florida,FL,Midwest Health
Florida,FL,MissionPoint
Florida,FL,Moda Health
Florida,FL,Molina
Florida,FL,Mountain Health CO-OP
Florida,FL,MSC
Florida,FL,Multiplan-PHCS
Florida,FL,Mutual Assurance Administrators
Florida,FL,National Association of Letter Carriers
Florida,FL,National Elevator Industry Health Benefits
Florida,FL,"NetCard Systems a division of WellDyne, Inc."
Florida,FL,NYSHIP
Florida,FL,One Homecare Solutions
Florida,FL,Onecall
Florida,FL,Optimum Healthcare Inc.
Florida,FL,Optum
Florida,FL,Oscar
Florida,FL,Oscar FL-Commercial
Florida,FL,Other
Florida,FL,OWCA
Florida,FL,Oxford Health Plans
Florida,FL,Pacific Source Health Plans
Florida,FL,Paradigm
Florida,FL,Ped-I-Care
Florida,FL,Performance Health
Florida,FL,Pharmacy Coupons Client
Florida,FL,Piedmont Healthcare
Florida,FL,Pinnacle Assurance
Florida,FL,PMSI-TMESYS Workers Comp Claims
Florida,FL,Porter County Government Employee Benefits
Florida,FL,PPO Plus
Florida,FL,Prairie States
Florida,FL,Preferred Health Professionals
Florida,FL,Preferred Medical
Florida,FL,Preferred Medical Network
Florida,FL,Preferred One
Florida,FL,Presbyterian Health Plan 
Florida,FL,Prestige
Florida,FL,Priority Health
Florida,FL,Prominence Health Plan
Florida,FL,PROVIDENCE HEALTH
Florida,FL,Provider Network of America
Florida,FL,QualChoice
Florida,FL,Quartz
Florida,FL,Reserve National Insurance Company
Florida,FL,ResourceOne Administrators
Florida,FL,Retrospect
Florida,FL,S & S Health
Florida,FL,Samaritan
Florida,FL,Sana Benefits
Florida,FL,Sanford Health Plan
Florida,FL,Scott & White Health Plan
Florida,FL,Sedgwick
Florida,FL,Select Administrative Services
Florida,FL,Self Insured Services Company
Florida,FL,Sentara Health Plans
Florida,FL,Sentry Insurance
Florida,FL,SIHO
Florida,FL,Simply Healthcare
Florida,FL,SIX DEGREES HEALTH
Florida,FL,SmartHealth
Florida,FL,SMS National
Florida,FL,Sound Health and Wellness
Florida,FL,South Central Preferred
Florida,FL,Starmark
Florida,FL,Strategic Health Development
Florida,FL,Sunrise Pace
Florida,FL,Sunshine Health
Florida,FL,Sunshine Health Plan
Florida,FL,Sunshine State Health Plan -
Florida,FL,Sunsine
Florida,FL,The American Worker
Florida,FL,The American Worker (f.k.a Century Healthcare)
Florida,FL,The Empire Plan
Florida,FL,The Health Plan
Florida,FL,Tricare
Florida,FL,TriCare – East Region
Florida,FL,Tricare East
Florida,FL,Tricare Overseas
Florida,FL,Trilogy
Florida,FL,TRPN
Florida,FL,Trustmark
Florida,FL,Tufts Health Plan
Florida,FL,Ucare
Florida,FL,UHC ALL SAVERS
Florida,FL,UHC SHARED SERVICES
Florida,FL,UHC STUDENT RESOURCES
Florida,FL,UHC SUREST
Florida,FL,UHIS
Florida,FL,Ultimate Health Plans
Florida,FL,UMR
Florida,FL,UMWA Health & Retirement Funds
Florida,FL,Unicare
Florida,FL,United
Florida,FL,United Healthcare
Florida,FL,United Healthcare  Commercial and Medicare
Florida,FL,United Healthcare All Savers
Florida,FL,United Healthcare Medicaid
Florida,FL,United Healthcare Shared Services
Florida,FL,United Healthcare StudentResources
Florida,FL,United Student Resources
Florida,FL,UPMC
Florida,FL,US Family Health Plan
Florida,FL,USA MANAGED CARE ORGANIZATIONS
Florida,FL,USAA Life Insurance Company
Florida,FL,VA/FMP
Florida,FL,Valenz
Florida,FL,Valenz f.k.a United Claim Solutions (PPO Network)
Florida,FL,Vivida Health
Florida,FL,Volusia
Florida,FL,WebTPA
Florida,FL,Wellcare
Florida,FL,WellFirst Health
Florida,FL,WellMed
Florida,FL,World Trade Center
Florida,FL,Zelis
Florida,FL,ZENITH ADMIN
Georgia,GA,90 Degree Benefits
Georgia,GA,A&S Financial
Georgia,GA,Access Health Services - TPA
Georgia,GA,Aetna
Georgia,GA,Aetna Atlantic Health
Georgia,GA,Aetna National
Georgia,GA,Affinity
Georgia,GA,All Savers Health Plans
Georgia,GA,All Savers Heath Plans
Georgia,GA,Allegiance
Georgia,GA,Alliant Health
Georgia,GA,Allied Health Benefits
Georgia,GA,Allied Heath Benefits
Georgia,GA,AllWays Health Partners
Georgia,GA,Allwell Peach State Health Plan -
Georgia,GA,"AlphaCare, Medicaid"
Georgia,GA,Alternative Insurance Resources
Georgia,GA,Ambertter
Georgia,GA,Ambertter Commercial
Georgia,GA,Ambetter 
Georgia,GA,AmBetter Commercial
Georgia,GA,AmeriBen
Georgia,GA,America's Choice Provider Network
Georgia,GA,American Health Plans
Georgia,GA,American Healthcare Alliance
Georgia,GA,American PPO
Georgia,GA,AmeriGroup
Georgia,GA,Amerigroup of Georgia
Georgia,GA,Amerigroup- Wellpoint
Georgia,GA,AmeriHealth
Georgia,GA,Ametros
Georgia,GA,Ancillary Care Services
Georgia,GA,Anthem BCBCS
Georgia,GA,Anthem BCBS
Georgia,GA,Anthem BCBS of Georgia
Georgia,GA,Anthem Blue Cross Blue Shield
Georgia,GA,Anthem Medicaid
Georgia,GA,Arcbest Corporation
Georgia,GA,ASURIS
Georgia,GA,Atrio Health Plans
Georgia,GA,Badger Care
Georgia,GA,Bankers Fidelity: Medicare Supplemental Insurance
Georgia,GA,BCE Emergis
Georgia,GA,Beacon Health
Georgia,GA,Beech Street
Georgia,GA,Benefit Assistance Corp
Georgia,GA,Blue Benefit Administrators
Georgia,GA,Blue Cross Blue Shield
Georgia,GA,Blue Cross Clue Shield
Georgia,GA,Bluegrass Family Health
Georgia,GA,BMI Benefits LLC
Georgia,GA,Boulder Admin
Georgia,GA,Buckeye Community Health Plan
Georgia,GA,CareFirst BCBS
Georgia,GA,Careington International
Georgia,GA,Caresource
Georgia,GA,CAREVALENT GILSBAR
Georgia,GA,Cedar Valley Community Healthcare
Georgia,GA,Cedar Valley Hospice - Transportation
Georgia,GA,Centene 
Georgia,GA,Century Health Solutions
Georgia,GA,Cerner Health Plan
Georgia,GA,CHAMP VA
Georgia,GA,CHN Solutions
Georgia,GA,Choice Care Network
Georgia,GA,Cigna
Georgia,GA,Cigna Medicare of  Georgia
Georgia,GA,Clear Spring Health
Georgia,GA,ClearPrice Networks
Georgia,GA,Clover Health
Georgia,GA,CMN Inc. Global
Georgia,GA,Coastal Care Services
Georgia,GA,Cofinity Health Benefits
Georgia,GA,Common Ground Health Care
Georgia,GA,Commonwealth Care Alliance
Georgia,GA,Community Care
Georgia,GA,Community Health Options
Georgia,GA,Compass Rose Health Plan
Georgia,GA,CompDME
Georgia,GA,Connecticare
Georgia,GA,CONSOCIATE CARE
Georgia,GA,Continental Benefits
Georgia,GA,Cook County Health Plan
Georgia,GA,CoreSource
Georgia,GA,Coventry Health Care
Georgia,GA,CuraeChoice
Georgia,GA,Delta Health Systems
Georgia,GA,Deseret Mutual Benefit Administrators
Georgia,GA,Eagle Health Plan
Georgia,GA,EBMS
Georgia,GA,EBPA
Georgia,GA,Elderplan Claims
Georgia,GA,Emblem Health
Georgia,GA,Employer's Choice Network (ECN)
Georgia,GA,Employers Health Network
Georgia,GA,Eon Health Plan
Georgia,GA,Essence Healthcare
Georgia,GA,Exceedent
Georgia,GA,Fidelis Care
Georgia,GA,First Choice Health
Georgia,GA,Friday Health Plan
Georgia,GA,Galaxy Health Network
Georgia,GA,Gateway Health
Georgia,GA,GEHA
Georgia,GA,Geisinger
Georgia,GA,Georgia Health Advantage
Georgia,GA,Gilsbar
Georgia,GA,global excel management 
Georgia,GA,group health benefits
Georgia,GA,Group Health Eau Claire
Georgia,GA,Harbor Health Plan
Georgia,GA,Harvard Pilgrim
Georgia,GA,Health Care Partners
Georgia,GA,health eos
Georgia,GA,Health EZ
Georgia,GA,Health New England
Georgia,GA,Health One Alliance
Georgia,GA,Health Options
Georgia,GA,Health Partners
Georgia,GA,Health Payment Systems
Georgia,GA,Health Plan Services
Georgia,GA,Health Plans Inc
Georgia,GA,Health Scope
Georgia,GA,Health Smart
Georgia,GA,HealthComp
Georgia,GA,Healthcomp TPA
Georgia,GA,Healthgram
Georgia,GA,HealthLink
Georgia,GA,HealthOne
Georgia,GA,HealthSmart
Georgia,GA,"HealthSmart Preferred Care II, LP"
Georgia,GA,HFN
Georgia,GA,highlands
Georgia,GA,Homefirst MLTC c/o Elderplan
Georgia,GA,Homelink
Georgia,GA,Hudson Health Plan
Georgia,GA,Humana
Georgia,GA,Imagine 369
Georgia,GA,"immergrun, inc."
Georgia,GA,Independence BCBS
Georgia,GA,Independent Health
Georgia,GA,Independent Medical Systems
Georgia,GA,indequest
Georgia,GA,Industry Buying Group
Georgia,GA,Insurance Management Services
Georgia,GA,Integra
Georgia,GA,INTotal Health
Georgia,GA,InVentiv Health
Georgia,GA,IPMG
Georgia,GA,J.P. Farley Corporation
Georgia,GA,Kaiser
Georgia,GA,Kaiser Foundation Health Plan
Georgia,GA,Key Benefit Administrators
Georgia,GA,Keystone First
Georgia,GA,lakes area community healthplan
Georgia,GA,Lasso Healthcare
Georgia,GA,Lucent Health
Georgia,GA,Luminare
Georgia,GA,MAC Risk Management (Workers Comp)
Georgia,GA,Magellan
Georgia,GA,Magnacare
Georgia,GA,Mail Handlers
Georgia,GA,"Managed Care, Inc dba Galaxy Health Network"
Georgia,GA,Martin's Point
Georgia,GA,maxor provider network
Georgia,GA,mcm maxcare ppo
Georgia,GA,Medcorp Southwest Inc
Georgia,GA,MedCost
Georgia,GA,Medi-Share
Georgia,GA,Medica
Georgia,GA,Medicaid
Georgia,GA,"Medical Cost Containment Professionals, LLC (MCCP)"
Georgia,GA,medical resource
Georgia,GA,Medicare
Georgia,GA,Memorial Health Partners
Georgia,GA,Meridian Health Plan
Georgia,GA,Meritain Health
Georgia,GA,Methodist First Choice
Georgia,GA,MetroPlus
Georgia,GA,Midlands Choice
Georgia,GA,Midwest Health
Georgia,GA,MissionPoint
Georgia,GA,Moda Health
Georgia,GA,Molina
Georgia,GA,Mountain Health CO-OP
Georgia,GA,Multiplan-PHCS
Georgia,GA,Mutual Assurance Administrators
Georgia,GA,National Association of Letter Carriers
Georgia,GA,National Elevator Industry Health Benefits
Georgia,GA,Nippon Life Benefits
Georgia,GA,Northeast Georgia Health Partners
Georgia,GA,Nova Healthcare
Georgia,GA,NYSHIP
Georgia,GA,One Homecare Solutions
Georgia,GA,Onecall
Georgia,GA,Optum
Georgia,GA,Oscar GA-Commercial
Georgia,GA,Other
Georgia,GA,OWCA
Georgia,GA,Oxford Health Plans
Georgia,GA,Pacific Source Health Plans
Georgia,GA,Paradigm
Georgia,GA,Peach State Health Plan
Georgia,GA,Peach State Heath Plan
Georgia,GA,PeachState
Georgia,GA,Peachstate Health Plan
Georgia,GA,Performance Health
Georgia,GA,Piedmont Health Plan
Georgia,GA,Piedmont Healthcare
Georgia,GA,Pinnacle Assurance
Georgia,GA,PlanCare America
Georgia,GA,Porter County Government Employee Benefits
Georgia,GA,PPO Plus
Georgia,GA,Prairie States
Georgia,GA,Preferred Health Professionals
Georgia,GA,Preferred Medical Network
Georgia,GA,Preferred One
Georgia,GA,Premier Benefit Health Plan
Georgia,GA,Presbyterian Health Plan 
Georgia,GA,Priority Health
Georgia,GA,ProCare Rx
Georgia,GA,ProCare Rx RMS
Georgia,GA,PROVIDENCE HEALTH
Georgia,GA,Provider Network of America
Georgia,GA,Pruitt Health Premier
Georgia,GA,"PruittHealth Premier, Inc. & PruittHealth Premier of North Carolina, LLC"
Georgia,GA,QualChoice
Georgia,GA,Quartz
Georgia,GA,Railroad Medicare
Georgia,GA,Reserve National Insurance Company
Georgia,GA,ResourceOne Administrators
Georgia,GA,S & S Health
Georgia,GA,Samaritan
Georgia,GA,Sana Benefits
Georgia,GA,Sanford Health Plan
Georgia,GA,Scott & White Health Plan
Georgia,GA,Secure Health
Georgia,GA,Sedgwick
Georgia,GA,Select Administrative Services
Georgia,GA,Self Insured Services Company
Georgia,GA,Sentara Health Plans
Georgia,GA,Sentry Insurance
Georgia,GA,SIHO
Georgia,GA,SIX DEGREES HEALTH
Georgia,GA,SmartHealth
Georgia,GA,SMS National
Georgia,GA,Sound Health and Wellness
Georgia,GA,South Central Preferred
Georgia,GA,Starmark
Georgia,GA,State Medical Insurance Company
Georgia,GA,Taylor Benefit Resource
Georgia,GA,TCN- The Care Network
Georgia,GA,The American Worker
Georgia,GA,The American Worker (f.k.a Century Healthcare)
Georgia,GA,The Empire Plan
Georgia,GA,The Health Plan
Georgia,GA,Tricare
Georgia,GA,TriCare – East Region
Georgia,GA,Tricare East
Georgia,GA,Tricare Overseas
Georgia,GA,Trilogy
Georgia,GA,TRPN
Georgia,GA,Trustmark
Georgia,GA,Tufts Health Plan
Georgia,GA,Ucare
Georgia,GA,UHC ALL SAVERS
Georgia,GA,UHC Sharded Services
Georgia,GA,UHC SHARED SERVICES
Georgia,GA,UHC STUDENT RESOURCES
Georgia,GA,UHC SUREST
Georgia,GA,UHIS
Georgia,GA,UMR
Georgia,GA,UMWA Health & Retirement Funds
Georgia,GA,Unicare
Georgia,GA,United
Georgia,GA,United Healthcare
Georgia,GA,United Healthcare  Commercial and Medicare
Georgia,GA,United Healthcare All Savers
Georgia,GA,United Healthcare Medicaid
Georgia,GA,United Healthcare Shared Services
Georgia,GA,United Healthcare Student Rescources
Georgia,GA,United Healthcare StudentResources
Georgia,GA,United Student Resources
Georgia,GA,UPMC
Georgia,GA,US Family Health Plan
Georgia,GA,USA MANAGED CARE ORGANIZATIONS
Georgia,GA,Valenz
Georgia,GA,Valenz f.k.a United Claim Solutions (PPO Network)
Georgia,GA,WebTPA
Georgia,GA,Wellcare
Georgia,GA,WellFirst Health
Georgia,GA,WellMed
Georgia,GA,Wellpoint
Georgia,GA,World Trade Center
Georgia,GA,Zelis
Georgia,GA,Zellis
Georgia,GA,ZENITH ADMIN
Illinois,IL, Aetna Better Health
Illinois,IL,A&S Financial
Illinois,IL,Access Health Services - TPA
Illinois,IL,Advocate Health Centers
Illinois,IL,Aetna
Illinois,IL,Aetna Atlantic Health
Illinois,IL,Aetna National
Illinois,IL,Affiliated Physicians Medical Group
Illinois,IL,Affinity
Illinois,IL,All Savers Health Plans
Illinois,IL,Allegiance
Illinois,IL,Alliant Health
Illinois,IL,Allied Health Benefits
Illinois,IL,AllWays Health Partners
Illinois,IL,Alternative Insurance Resources
Illinois,IL,Ambetter 
Illinois,IL,AmBetter Commercial
Illinois,IL,AmeriBen
Illinois,IL,America's Choice Provider Network
Illinois,IL,American Healthcare Alliance
Illinois,IL,American PPO
Illinois,IL,AmeriHealth
Illinois,IL,Ametros
Illinois,IL,Ancillary Care Services
Illinois,IL,Anthem BCBCS
Illinois,IL,Anthem BCBS
Illinois,IL,Anthem Blue Cross Blue Shield
Illinois,IL,Anthem Medicaid
Illinois,IL,Arcbest Corporation
Illinois,IL,ASURIS
Illinois,IL,Atrio Health Plans
Illinois,IL,Badger Care
Illinois,IL,BCE Emergis
Illinois,IL,Beacon Health
Illinois,IL,Beech Street
Illinois,IL,Benefit Assistance Corp
Illinois,IL,Benefits Management Services
Illinois,IL,Blue Benefit Administrators
Illinois,IL,Blue Cross and Blue Shield of Illinois
Illinois,IL,Blue Cross Blue Shield
Illinois,IL,Bluegrass Family Health
Illinois,IL,BMI Benefits LLC
Illinois,IL,Boulder Admin
Illinois,IL,Brand New Day
Illinois,IL,Bright Health
Illinois,IL,Buckeye Community Health Plan
Illinois,IL,Campuscare
Illinois,IL,CareFirst BCBS
Illinois,IL,Careington International
Illinois,IL,Caresource
Illinois,IL,CAREVALENT GILSBAR
Illinois,IL,Cedar Valley Community Healthcare
Illinois,IL,Cedar Valley Hospice - Transportation
Illinois,IL,Centene 
Illinois,IL,Century Health Solutions
Illinois,IL,Cerner Health Plan
Illinois,IL,CHAMP VA
Illinois,IL,CHN Solutions
Illinois,IL,Choice Care Network
Illinois,IL,Cigna
Illinois,IL,Clear Spring Health
Illinois,IL,ClearPrice Networks
Illinois,IL,CMN Inc. Global
Illinois,IL,Coastal Care Services
Illinois,IL,Cofinity Health Benefits
Illinois,IL,Common Ground Health Care
Illinois,IL,Commonwealth Care Alliance
Illinois,IL,Community Care
Illinois,IL,Community Health Options
Illinois,IL,Community Partners Health Plan
Illinois,IL,Compass Rose Health Plan
Illinois,IL,CompDME
Illinois,IL,Connecticare
Illinois,IL,CONSOCIATE CARE
Illinois,IL,Consociate Health
Illinois,IL,Continental Benefits
Illinois,IL,Cook County Health Plan
Illinois,IL,CoreSource
Illinois,IL,CountyCare Health Plan
Illinois,IL,Coventry Health Care
Illinois,IL,CuraeChoice
Illinois,IL,Delta Health Systems
Illinois,IL,Deseret Mutual Benefit Administrators
Illinois,IL,"Dreyer Clinic, Inc."
Illinois,IL,Eagle Health Plan
Illinois,IL,EBMS
Illinois,IL,EBPA
Illinois,IL,Emblem Health
Illinois,IL,Empire BCBS
Illinois,IL,Employers Health Network
Illinois,IL,Essence Healthcare
Illinois,IL,Exceedent
Illinois,IL,Family Health Network
Illinois,IL,Fidelis Care
Illinois,IL,First Choice Health
Illinois,IL,Friday Health Plan
Illinois,IL,Galaxy Health Network
Illinois,IL,Gallagher Benefit Administrators
Illinois,IL,Gateway Health
Illinois,IL,GEHA
Illinois,IL,Geisinger
Illinois,IL,Gilsbar
Illinois,IL,global excel management 
Illinois,IL,Great Rivers Network
Illinois,IL,group health benefits
Illinois,IL,Group Health Eau Claire
Illinois,IL,Harbor Health Plan
Illinois,IL,Harmony Health Plan
Illinois,IL,Harvard Pilgrim
Illinois,IL,Health Alliance
Illinois,IL,Health Alliance Medical Plans
Illinois,IL,Health Alliance Plan
Illinois,IL,Health Care Partners
Illinois,IL,health eos
Illinois,IL,Health EZ
Illinois,IL,Health Marketing
Illinois,IL,Health New England
Illinois,IL,Health Options
Illinois,IL,Health Partners
Illinois,IL,Health Payment Systems
Illinois,IL,Health Plan Services
Illinois,IL,Health Plans Inc
Illinois,IL,Health Scope
Illinois,IL,Health Smart
Illinois,IL,Healthcare Finest Network
Illinois,IL,HealthComp
Illinois,IL,Healthcomp TPA
Illinois,IL,Healthgram
Illinois,IL,HealthLink
Illinois,IL,HealthSmart
Illinois,IL,"HealthSmart Preferred Care II, LP"
Illinois,IL,HealthSpring
Illinois,IL,HFN
Illinois,IL,highlands
Illinois,IL,Highmark BCBS
Illinois,IL,Hines and Associates
Illinois,IL,Homelink
Illinois,IL,Hope Trust - Health Options for Public Entities
Illinois,IL,Hudson Health Plan
Illinois,IL,Humana
Illinois,IL,Illini Care
Illinois,IL,IlliniCare Health
Illinois,IL,Illinois Blue Cross Blue Shield
Illinois,IL,Illinois Health and Family Services
Illinois,IL,Imagine 372
Illinois,IL,"immergrun, inc."
Illinois,IL,Independence BCBS
Illinois,IL,Independent Health
Illinois,IL,Independent Medical Systems
Illinois,IL,indequest
Illinois,IL,Insurance Management Services
Illinois,IL,Insurance Systems
Illinois,IL,Integra
Illinois,IL,Interplan
Illinois,IL,INTotal Health
Illinois,IL,IPMG
Illinois,IL,J.P. Farley Corporation
Illinois,IL,Key Benefit Administrators
Illinois,IL,Keystone First
Illinois,IL,lakes area community healthplan
Illinois,IL,Lasso Healthcare
Illinois,IL,Lawndale
Illinois,IL,Local 1546 Health and Welfare Fund
Illinois,IL,Longevity Health Plan
Illinois,IL,Lucent Health
Illinois,IL,Magellan
Illinois,IL,Magnacare
Illinois,IL,Mail Handlers
Illinois,IL,"Managed Care, Inc dba Galaxy Health Network"
Illinois,IL,Martin's Point
Illinois,IL,maxor provider network
Illinois,IL,mcm maxcare ppo
Illinois,IL,Medcorp Southwest Inc
Illinois,IL,MedCost
Illinois,IL,Medi-Share
Illinois,IL,Medica
Illinois,IL,Medicaid
Illinois,IL,Medicaid
Illinois,IL,Medicaid of Illinois - HealthChoice Illinois
Illinois,IL,"Medical Cost Containment Professionals, LLC (MCCP)"
Illinois,IL,Medical Mutual
Illinois,IL,medical resource
Illinois,IL,Medicare
Illinois,IL,Meridian Health Plan
Illinois,IL,Meritain Health
Illinois,IL,Methodist First Choice
Illinois,IL,MetroPlus
Illinois,IL,Metropolitan Chicago Health Associates
Illinois,IL,Midlands Choice
Illinois,IL,Midwest Health
Illinois,IL,MissionPoint
Illinois,IL,Moda Health
Illinois,IL,Molina
Illinois,IL,Mountain Health CO-OP
Illinois,IL,Multiplan-PHCS
Illinois,IL,Mutual Assurance Administrators
Illinois,IL,National Association of Letter Carriers
Illinois,IL,National Elevator Industry Health Benefits
Illinois,IL,Next Level Health
Illinois,IL,Nippon Life Benefits
Illinois,IL,Northern Illinois Health Plan
Illinois,IL,NYSHIP
Illinois,IL,One Homecare Solutions
Illinois,IL,Onecall
Illinois,IL,Optum
Illinois,IL,Optum Rx f.k.a. Catamaran
Illinois,IL,Other
Illinois,IL,OWCA
Illinois,IL,Oxford Health Plans
Illinois,IL,Pacific Source Health Plans
Illinois,IL,Paradigm
Illinois,IL,Partners in Health
Illinois,IL,PEF Clinic
Illinois,IL,Pekin Life Insurance Company
Illinois,IL,Performance Health
Illinois,IL,Piedmont Healthcare
Illinois,IL,Pinnacle Assurance
Illinois,IL,Porter County Government Employee Benefits
Illinois,IL,PPO Plus
Illinois,IL,Prairie States
Illinois,IL,Preferred Health Professionals
Illinois,IL,Preferred Medical Network
Illinois,IL,Preferred Network Access
Illinois,IL,Preferred One
Illinois,IL,Presbyterian Health Plan 
Illinois,IL,Priority Care Solutions as T/P/A for National Liability & Fire Insurance Company
Illinois,IL,Priority Health
Illinois,IL,PROVIDENCE HEALTH
Illinois,IL,Provider Network of America
Illinois,IL,Quad City Community
Illinois,IL,QualChoice
Illinois,IL,Quartz
Illinois,IL,Qubic
Illinois,IL,Regence BC/BS
Illinois,IL,Reserve National Insurance Company
Illinois,IL,ResourceOne Administrators
Illinois,IL,Resurrection Health Care Preferred
Illinois,IL,S & S Health
Illinois,IL,Samaritan
Illinois,IL,Sana Benefits
Illinois,IL,Sanford Health Plan
Illinois,IL,Scott & White Health Plan
Illinois,IL,Sedgwick
Illinois,IL,Select Administrative Services
Illinois,IL,Self Insured Services Company
Illinois,IL,Sentara Health Plans
Illinois,IL,Sentry Insurance
Illinois,IL,SIHO
Illinois,IL,SIX DEGREES HEALTH
Illinois,IL,SmartHealth
Illinois,IL,SMS National
Illinois,IL,Sound Health and Wellness
Illinois,IL,South Central Preferred
Illinois,IL,Southern Illinois Healthcare (SIH) Employee Benefits
Illinois,IL,St. James PHO
Illinois,IL,Starmark
Illinois,IL,Swedish Covenant Managed Care Alliance
Illinois,IL,The American Worker
Illinois,IL,The American Worker (f.k.a Century Healthcare)
Illinois,IL,The Empire Plan
Illinois,IL,The Health Plan
Illinois,IL,THE TPA
Illinois,IL,Tricare
Illinois,IL,Tricare East
Illinois,IL,Tricare Overseas
Illinois,IL,Trilogy
Illinois,IL,TRPN
Illinois,IL,Trustmark
Illinois,IL,Tufts Health Plan
Illinois,IL,Ucare
Illinois,IL,UHC ALL SAVERS
Illinois,IL,UHC SHARED SERVICES
Illinois,IL,UHC STUDENT RESOURCES
Illinois,IL,UHC SUREST
Illinois,IL,UHIS
Illinois,IL,UMR
Illinois,IL,UMWA Health & Retirement Funds
Illinois,IL,Unicare
Illinois,IL,Union Health Service
Illinois,IL,United
Illinois,IL,United Healthcare
Illinois,IL,United Healthcare  Commercial and Medicare
Illinois,IL,United Healthcare All Savers
Illinois,IL,United Healthcare Medicaid
Illinois,IL,United Healthcare Shared Services
Illinois,IL,United Healthcare StudentResources
Illinois,IL,United Student Resources
Illinois,IL,Universal Care
Illinois,IL,UPMC
Illinois,IL,US Family Health Plan
Illinois,IL,USA MANAGED CARE ORGANIZATIONS
Illinois,IL,Valenz
Illinois,IL,Valenz f.k.a United Claim Solutions (PPO Network)
Illinois,IL,WebTPA
Illinois,IL,Wellcare
Illinois,IL,WellFirst Health
Illinois,IL,Wellmark BCBS
Illinois,IL,WellMed
Illinois,IL,World Trade Center
Illinois,IL,YouthCare HealthChoice Illinois (f.k.a. Foster Care)
Illinois,IL,Zelis
Illinois,IL,ZENITH ADMIN
Illinois,IL,Zing Health
Louisiana,LA, Aetna Better Health
Louisiana,LA,A&S Financial
Louisiana,LA,Access Health Services - TPA
Louisiana,LA,Aetna
Louisiana,LA,Aetna Atlantic Health
Louisiana,LA,Aetna National
Louisiana,LA,Affinity
Louisiana,LA,All Savers Health Plans
Louisiana,LA,Allegiance
Louisiana,LA,Alliant Health
Louisiana,LA,Allied Health Benefits
Louisiana,LA,AllWays Health Partners
Louisiana,LA,Alternative Insurance Resources
Louisiana,LA,Ambetter 
Louisiana,LA,AmBetter Commercial
Louisiana,LA,AmeriBen
Louisiana,LA,America's Choice Provider Network
Louisiana,LA,American Health Advantage of Louisiana
Louisiana,LA,American Health Plans
Louisiana,LA,American Healthcare Alliance
Louisiana,LA,American PPO
Louisiana,LA,AmeriHealth
Louisiana,LA,Ametros
Louisiana,LA,Ancillary Care Services
Louisiana,LA,Anthem BCBCS
Louisiana,LA,Anthem BCBS
Louisiana,LA,Anthem Blue Cross Blue Shield
Louisiana,LA,Anthem Medicaid
Louisiana,LA,Arcbest Corporation
Louisiana,LA,ASURIS
Louisiana,LA,Atrio Health Plans
Louisiana,LA,Badger Care
Louisiana,LA,BCE Emergis
Louisiana,LA,Beacon Health
Louisiana,LA,Beech Street
Louisiana,LA,Benefit Assistance Corp
Louisiana,LA,BestCare Network
Louisiana,LA,Blue Benefit Administrators
Louisiana,LA,Blue Cross Blue Shield
Louisiana,LA,Bluegrass Family Health
Louisiana,LA,BMI Benefits LLC
Louisiana,LA,Boulder Admin
Louisiana,LA,Buckeye Community Health Plan
Louisiana,LA,CareFirst BCBS
Louisiana,LA,Careington International
Louisiana,LA,Caresource
Louisiana,LA,CAREVALENT GILSBAR
Louisiana,LA,Cedar Valley Community Healthcare
Louisiana,LA,Cedar Valley Hospice - Transportation
Louisiana,LA,Centene 
Louisiana,LA,Century Health Solutions
Louisiana,LA,Cerner Health Plan
Louisiana,LA,CHAMP VA
Louisiana,LA,CHN Solutions
Louisiana,LA,Choice Care Network
Louisiana,LA,Christus Health Plan
Louisiana,LA,Cigna
Louisiana,LA,ClearPrice Networks
Louisiana,LA,CMN Inc. Global
Louisiana,LA,Coastal Care Services
Louisiana,LA,Cofinity Health Benefits
Louisiana,LA,Common Ground Health Care
Louisiana,LA,Commonwealth Care Alliance
Louisiana,LA,Community Care
Louisiana,LA,Community Health Options
Louisiana,LA,Compass Rose Health Plan
Louisiana,LA,CompDME
Louisiana,LA,Connecticare
Louisiana,LA,CONSOCIATE CARE
Louisiana,LA,Continental Benefits
Louisiana,LA,Cook County Health Plan
Louisiana,LA,CoreSource
Louisiana,LA,Coventry Health Care
Louisiana,LA,CuraeChoice
Louisiana,LA,Delta Health Systems
Louisiana,LA,Deseret Mutual Benefit Administrators
Louisiana,LA,Eagle Health Plan
Louisiana,LA,EBMS
Louisiana,LA,EBPA
Louisiana,LA,Emblem Health
Louisiana,LA,Employers Health Network
Louisiana,LA,Exceedent
Louisiana,LA,FARA
Louisiana,LA,Fidelis Care
Louisiana,LA,First Choice Health
Louisiana,LA,Friday Health Plan
Louisiana,LA,Galaxy Health Network
Louisiana,LA,Gateway Health
Louisiana,LA,GEHA
Louisiana,LA,Geisinger
Louisiana,LA,Gilsbar
Louisiana,LA,global excel management 
Louisiana,LA,group health benefits
Louisiana,LA,Group Health Eau Claire
Louisiana,LA,Harbor Health Plan
Louisiana,LA,Harvard Pilgrim
Louisiana,LA,Health Care Partners
Louisiana,LA,health eos
Louisiana,LA,Health EZ
Louisiana,LA,Health New England
Louisiana,LA,Health Options
Louisiana,LA,Health Partners
Louisiana,LA,Health Payment Systems
Louisiana,LA,Health Plan Services
Louisiana,LA,Health Plans Inc
Louisiana,LA,Health Scope
Louisiana,LA,Health Smart
Louisiana,LA,HealthComp
Louisiana,LA,Healthcomp TPA
Louisiana,LA,Healthgram
Louisiana,LA,HealthLink
Louisiana,LA,HealthSmart
Louisiana,LA,"HealthSmart Preferred Care II, LP"
Louisiana,LA,Healthy Blue
Louisiana,LA,Healthy Blue Louisiana Medicaid
Louisiana,LA,HFN
Louisiana,LA,highlands
Louisiana,LA,Homelink
Louisiana,LA,Hudson Health Plan
Louisiana,LA,Humana
Louisiana,LA,Humana Healthy Horizons in Louisiana
Louisiana,LA,Imagine 377
Louisiana,LA,"immergrun, inc."
Louisiana,LA,Independence BCBS
Louisiana,LA,Independent Health
Louisiana,LA,Independent Medical Systems
Louisiana,LA,indequest
Louisiana,LA,Insurance Management Services
Louisiana,LA,Integra
Louisiana,LA,INTotal Health
Louisiana,LA,IPMG
Louisiana,LA,J.P. Farley Corporation
Louisiana,LA,Key Benefit Administrators
Louisiana,LA,Keystone First
Louisiana,LA,lakes area community healthplan
Louisiana,LA,Lasso Healthcare
Louisiana,LA,Louisiana Blue Cross Blue Shield
Louisiana,LA,Louisiana Healthcare Connections
Louisiana,LA,LSU First
Louisiana,LA,Lucent Health
Louisiana,LA,Magellan
Louisiana,LA,Magnacare
Louisiana,LA,Mail Handlers
Louisiana,LA,"Managed Care, Inc dba Galaxy Health Network"
Louisiana,LA,Martin's Point
Louisiana,LA,maxor provider network
Louisiana,LA,mcm maxcare ppo
Louisiana,LA,Medcorp Southwest Inc
Louisiana,LA,MedCost
Louisiana,LA,Medi-Share
Louisiana,LA,Medica
Louisiana,LA,Medicaid
Louisiana,LA,Medicaid of Louisiana
Louisiana,LA,"Medical Cost Containment Professionals, LLC (MCCP)"
Louisiana,LA,medical resource
Louisiana,LA,Medicare
Louisiana,LA,Meridian Health Plan
Louisiana,LA,Meritain Health
Louisiana,LA,Methodist First Choice
Louisiana,LA,MetroPlus
Louisiana,LA,Midlands Choice
Louisiana,LA,Midwest Health
Louisiana,LA,MissionPoint
Louisiana,LA,Moda Health
Louisiana,LA,Molina
Louisiana,LA,Mountain Health CO-OP
Louisiana,LA,Multiplan-PHCS
Louisiana,LA,Mutual Assurance Administrators
Louisiana,LA,National Association of Letter Carriers
Louisiana,LA,National Elevator Industry Health Benefits
Louisiana,LA,NYSHIP
Louisiana,LA,One Homecare Solutions
Louisiana,LA,Onecall
Louisiana,LA,Optum
Louisiana,LA,Other
Louisiana,LA,OWCA
Louisiana,LA,Oxford Health Plans
Louisiana,LA,Pacific Source Health Plans
Louisiana,LA,Paradigm
Louisiana,LA,Pendleton Memorial
Louisiana,LA,Performance Health
Louisiana,LA,Piedmont Healthcare
Louisiana,LA,Pinnacle Assurance
Louisiana,LA,Porter County Government Employee Benefits
Louisiana,LA,PPO Plus
Louisiana,LA,PPOplus
Louisiana,LA,Prairie States
Louisiana,LA,Preferred Health Professionals
Louisiana,LA,Preferred Medical Network
Louisiana,LA,Preferred One
Louisiana,LA,Presbyterian Health Plan 
Louisiana,LA,Priority Health
Louisiana,LA,PROVIDENCE HEALTH
Louisiana,LA,Provider Network of America
Louisiana,LA,QualChoice
Louisiana,LA,Quartz
Louisiana,LA,Reserve National Insurance Company
Louisiana,LA,ResourceOne Administrators
Louisiana,LA,S & S Health
Louisiana,LA,Samaritan
Louisiana,LA,Sana Benefits
Louisiana,LA,Sanford Health Plan
Louisiana,LA,Scott & White Health Plan
Louisiana,LA,Sedgwick
Louisiana,LA,Select Administrative Services
Louisiana,LA,Self Insured Services Company
Louisiana,LA,Sentara Health Plans
Louisiana,LA,Sentry Insurance
Louisiana,LA,SIHO
Louisiana,LA,SIX DEGREES HEALTH
Louisiana,LA,SmartHealth
Louisiana,LA,SMS National
Louisiana,LA,Sound Health and Wellness
Louisiana,LA,South Central Preferred
Louisiana,LA,Starmark
Louisiana,LA,The American Worker
Louisiana,LA,The American Worker (f.k.a Century Healthcare)
Louisiana,LA,The Empire Plan
Louisiana,LA,The Health Plan
Louisiana,LA,Tricare
Louisiana,LA,Tricare East
Louisiana,LA,Tricare Overseas
Louisiana,LA,Trilogy
Louisiana,LA,TRPN
Louisiana,LA,Trustmark
Louisiana,LA,Tufts Health Plan
Louisiana,LA,Ucare
Louisiana,LA,UHC ALL SAVERS
Louisiana,LA,UHC SHARED SERVICES
Louisiana,LA,UHC STUDENT RESOURCES
Louisiana,LA,UHC SUREST
Louisiana,LA,UHIS
Louisiana,LA,UMR
Louisiana,LA,UMWA Health & Retirement Funds
Louisiana,LA,Unicare
Louisiana,LA,United
Louisiana,LA,United Healthcare
Louisiana,LA,United Healthcare  Commercial and Medicare
Louisiana,LA,United Healthcare All Savers
Louisiana,LA,United Healthcare Medicaid
Louisiana,LA,United Healthcare Shared Services
Louisiana,LA,United Healthcare StudentResources
Louisiana,LA,United Student Resources
Louisiana,LA,UPMC
Louisiana,LA,US Family Health Plan
Louisiana,LA,USA MANAGED CARE ORGANIZATIONS
Louisiana,LA,USFHP
Louisiana,LA,Valenz
Louisiana,LA,Valenz f.k.a United Claim Solutions (PPO Network)
Louisiana,LA,Vantage Health Plan
Louisiana,LA,Verity Health
Louisiana,LA,WebTPA
Louisiana,LA,Wellcare
Louisiana,LA,WellFirst Health
Louisiana,LA,WellMed
Louisiana,LA,World Trade Center
Louisiana,LA,Zelis
Louisiana,LA,ZENITH ADMIN
Maryland,MD, Aetna Better Health
Maryland,MD,A&S Financial
Maryland,MD,Access Health Services - TPA
Maryland,MD,Aetna
Maryland,MD,Aetna Atlantic Health
Maryland,MD,Aetna National
Maryland,MD,Affinity
Maryland,MD,All Savers Health Plans
Maryland,MD,Allegeant
Maryland,MD,Allegiance
Maryland,MD,Alliant Health
Maryland,MD,Allied Health Benefits
Maryland,MD,AllWays Health Partners
Maryland,MD,Alternative Insurance Resources
Maryland,MD,Ambetter 
Maryland,MD,AmeriBen
Maryland,MD,America's Choice Provider Network
Maryland,MD,American Healthcare Alliance
Maryland,MD,American PPO
Maryland,MD,AmeriGroup
Maryland,MD,Amerigroup- Wellpoint
Maryland,MD,AmeriHealth
Maryland,MD,Ametros
Maryland,MD,Ancillary Care Services
Maryland,MD,Anthem BCBCS
Maryland,MD,Anthem BCBS
Maryland,MD,Anthem Blue Cross Blue Shield
Maryland,MD,Anthem Medicaid
Maryland,MD,Arcbest Corporation
Maryland,MD,ASURIS
Maryland,MD,Atrio Health Plans
Maryland,MD,Badger Care
Maryland,MD,BCE Emergis
Maryland,MD,Beacon Health
Maryland,MD,Beech Street
Maryland,MD,Benefit Assistance Corp
Maryland,MD,Blue Benefit Administrators
Maryland,MD,Blue Cross Blue Shield
Maryland,MD,Blue Cross Blue Shield of Maryland & Virginia - CareFirst
Maryland,MD,Bluegrass Family Health
Maryland,MD,BMI Benefits LLC
Maryland,MD,Boston Medical Center Healthnet
Maryland,MD,Boulder Admin
Maryland,MD,Buckeye Community Health Plan
Maryland,MD,CareFirst Administrators
Maryland,MD,CareFirst BCBS
Maryland,MD,CareFirst BlueChoice
Maryland,MD,CareFirst BlueCross BlueShield
Maryland,MD,CareFirst Community Health Plan
Maryland,MD,Careington International
Maryland,MD,Caresource
Maryland,MD,CAREVALENT GILSBAR
Maryland,MD,"CatalystRx c/o HealthExtras, Inc."
Maryland,MD,Cedar Valley Community Healthcare
Maryland,MD,Cedar Valley Hospice - Transportation
Maryland,MD,Century Health Solutions
Maryland,MD,Cerner Health Plan
Maryland,MD,CHAMP VA
Maryland,MD,CHN Solutions
Maryland,MD,Choice Care Network
Maryland,MD,Cigna
Maryland,MD,Cigna Medicare of MD (Mid Atlantic Region) - Medicare Plans Only
Maryland,MD,ClearPrice Networks
Maryland,MD,CMN Inc. Global
Maryland,MD,Coastal Care Services
Maryland,MD,Cofinity Health Benefits
Maryland,MD,Common Ground Health Care
Maryland,MD,Commonwealth Care Alliance
Maryland,MD,"CommuniCare Advantage IN, MD, OH"
Maryland,MD,CommuniCare Advantage MD
Maryland,MD,Community Care
Maryland,MD,Community Health Options
Maryland,MD,Compass Rose Health Plan
Maryland,MD,CompDME
Maryland,MD,Conifer Health Solutions
Maryland,MD,Connecticare
Maryland,MD,CONSOCIATE CARE
Maryland,MD,Continental Benefits
Maryland,MD,Cook County Health Plan
Maryland,MD,CoreSource
Maryland,MD,Coventry Health Care
Maryland,MD,CuraeChoice
Maryland,MD,Delta Health Systems
Maryland,MD,Deseret Mutual Benefit Administrators
Maryland,MD,Eagle Health Plan
Maryland,MD,EBMS
Maryland,MD,EBPA
Maryland,MD,Emblem Health
Maryland,MD,Employer's Choice Network (ECN)
Maryland,MD,Employers Health Network
Maryland,MD,Envolve Pharmacy Solutions/Centene
Maryland,MD,Exceedent
Maryland,MD,Fidelis Care
Maryland,MD,First Choice Health
Maryland,MD,Flume Health
Maryland,MD,Friday Health Plan
Maryland,MD,Galaxy Health Network
Maryland,MD,Gateway Health
Maryland,MD,GEHA
Maryland,MD,Geisinger
Maryland,MD,Gilsbar
Maryland,MD,global excel management 
Maryland,MD,group health benefits
Maryland,MD,Group Health Eau Claire
Maryland,MD,H.H.C. Group Health Insurance Consultants
Maryland,MD,Harbor Health Plan
Maryland,MD,Harvard Pilgrim
Maryland,MD,Health Care Partners
Maryland,MD,health eos
Maryland,MD,Health EZ
Maryland,MD,Health New England
Maryland,MD,Health Options
Maryland,MD,Health Partners
Maryland,MD,Health Payment Systems
Maryland,MD,Health Plan Services
Maryland,MD,Health Plans Inc
Maryland,MD,Health Scope
Maryland,MD,Health Smart
Maryland,MD,HealthComp
Maryland,MD,Healthcomp TPA
Maryland,MD,Healthgram
Maryland,MD,HealthLink
Maryland,MD,HealthSmart
Maryland,MD,"HealthSmart Preferred Care II, LP"
Maryland,MD,HFN
Maryland,MD,highlands
Maryland,MD,Home Care Alliance of Virginia (HCAV)
Maryland,MD,Homelink
Maryland,MD,Horizon BCBS
Maryland,MD,Hudson Health Plan
Maryland,MD,Humana
Maryland,MD,Imagine 379
Maryland,MD,"immergrun, inc."
Maryland,MD,Independence BCBS
Maryland,MD,Independent Health
Maryland,MD,Independent Medical Systems
Maryland,MD,indequest
Maryland,MD,Innovative Healthcare
Maryland,MD,Insurance Management Services
Maryland,MD,Integra
Maryland,MD,INTotal Health
Maryland,MD,IPMG
Maryland,MD,J.P. Farley Corporation
Maryland,MD,Jai Medical Center
Maryland,MD,Johns Hopkins HealthCare
Maryland,MD,Kaiser
Maryland,MD,Kaiser Foundation Health Plan
Maryland,MD,Key Benefit Administrators
Maryland,MD,Keystone First
Maryland,MD,lakes area community healthplan
Maryland,MD,Lasso Healthcare
Maryland,MD,Local 24 CareFirst BCBS
Maryland,MD,Lucent Health
Maryland,MD,Luminare
Maryland,MD,Magellan
Maryland,MD,Magnacare
Maryland,MD,Mail Handlers
Maryland,MD,"Managed Care, Inc dba Galaxy Health Network"
Maryland,MD,Martin's Point
Maryland,MD,Maryland Blue Cross Blue Shield - Carefirst
Maryland,MD,Maryland Care
Maryland,MD,Maryland Community Health System
Maryland,MD,Maryland DHMH Center for Cancer Prevention & Control (CCPC)
Maryland,MD,Maryland Electrical Health Fund
Maryland,MD,Maryland Physicians Care
Maryland,MD,maxor provider network
Maryland,MD,mcm maxcare ppo
Maryland,MD,Medcorp Southwest Inc
Maryland,MD,MedCost
Maryland,MD,Medi-Share
Maryland,MD,Medica
Maryland,MD,Medicaid
Maryland,MD,Medicaid of Maryland
Maryland,MD,"Medical Cost Containment Professionals, LLC (MCCP)"
Maryland,MD,medical resource
Maryland,MD,Medicare
Maryland,MD,MedStar Family Choice
Maryland,MD,Medstar Select 
Maryland,MD,Meridian Health Plan
Maryland,MD,Meritain Health
Maryland,MD,Methodist First Choice
Maryland,MD,MetroPlus
Maryland,MD,Midlands Choice
Maryland,MD,Midwest Health
Maryland,MD,MissionPoint
Maryland,MD,Moda Health
Maryland,MD,Molina
Maryland,MD,Mountain Health CO-OP
Maryland,MD,Multiplan-PHCS
Maryland,MD,Mutual Assurance Administrators
Maryland,MD,National Association of Letter Carriers
Maryland,MD,National Automatic Sprinkler Industry (NASI)
Maryland,MD,National Elevator Industry Health Benefits
Maryland,MD,NYSHIP
Maryland,MD,One Homecare Solutions
Maryland,MD,Onecall
Maryland,MD,Optum
Maryland,MD,Other
Maryland,MD,OWCA
Maryland,MD,Oxford Health Plans
Maryland,MD,Pacific Source Health Plans
Maryland,MD,Paradigm
Maryland,MD,Patuxent Medical Group
Maryland,MD,Performance Health
Maryland,MD,Piedmont Healthcare
Maryland,MD,Pinnacle Assurance
Maryland,MD,Porter County Government Employee Benefits
Maryland,MD,PPO Plus
Maryland,MD,Prairie States
Maryland,MD,Preferred Health Professionals
Maryland,MD,Preferred Medical Network
Maryland,MD,Preferred One
Maryland,MD,Premera BC/BS
Maryland,MD,Presbyterian Health Plan 
Maryland,MD,Priority Health
Maryland,MD,Priority Partners
Maryland,MD,PROVIDENCE HEALTH
Maryland,MD,Provider Network of America
Maryland,MD,QualChoice
Maryland,MD,Quartz
Maryland,MD,Regence BC/BS
Maryland,MD,Reserve National Insurance Company
Maryland,MD,ResourceOne Administrators
Maryland,MD,"Riverside Health of Maryland, Inc., Medicaid"
Maryland,MD,"Riverside Health of Maryland, Inc., Medicare"
Maryland,MD,S & S Health
Maryland,MD,Samaritan
Maryland,MD,Sana Benefits
Maryland,MD,Sanford Health Plan
Maryland,MD,Scott & White Health Plan
Maryland,MD,Sedgwick
Maryland,MD,Select Administrative Services
Maryland,MD,Self Insured Services Company
Maryland,MD,Sentara Health Plans
Maryland,MD,Sentry Insurance
Maryland,MD,SIHO
Maryland,MD,SIX DEGREES HEALTH
Maryland,MD,SmartHealth
Maryland,MD,SMS National
Maryland,MD,Sound Health and Wellness
Maryland,MD,South Central Preferred
Maryland,MD,Starmark
Maryland,MD,The American Worker
Maryland,MD,The American Worker (f.k.a Century Healthcare)
Maryland,MD,The Empire Plan
Maryland,MD,The Health Plan
Maryland,MD,Tricare
Maryland,MD,TriCare – East Region
Maryland,MD,Tricare East
Maryland,MD,Tricare Overseas
Maryland,MD,Trilogy
Maryland,MD,TRPN
Maryland,MD,Trustmark
Maryland,MD,Tufts Health Plan
Maryland,MD,Ucare
Maryland,MD,UHC ALL SAVERS
Maryland,MD,UHC SHARED SERVICES
Maryland,MD,UHC STUDENT RESOURCES
Maryland,MD,UHC SUREST
Maryland,MD,UHIS
Maryland,MD,UMR
Maryland,MD,UMWA Health & Retirement Funds
Maryland,MD,Unicare
Maryland,MD,United
Maryland,MD,United Healthcare
Maryland,MD,United Healthcare  Commercial and Medicare
Maryland,MD,United Healthcare All Savers
Maryland,MD,United Healthcare Medicaid
Maryland,MD,United Healthcare Shared Services
Maryland,MD,United Healthcare StudentResources
Maryland,MD,United Student Resources
Maryland,MD,UnitedHealthcare Community Plan
Maryland,MD,University of Maryland
Maryland,MD,UPMC
Maryland,MD,US Family Health Plan
Maryland,MD,USA MANAGED CARE ORGANIZATIONS
Maryland,MD,USFHP
Maryland,MD,Valenz
Maryland,MD,Valenz f.k.a United Claim Solutions (PPO Network)
Maryland,MD,VGM Homelink
Maryland,MD,WebTPA
Maryland,MD,Wellcare
Maryland,MD,WellFirst Health
Maryland,MD,WellMed
Maryland,MD,Wellpoint
Maryland,MD,Wise Provider Network
Maryland,MD,World Trade Center
Maryland,MD,Zelis
Maryland,MD,ZENITH ADMIN
Massachusetts,MA,A&S Financial
Massachusetts,MA,Access Health Services - TPA
Massachusetts,MA,Aetna
Massachusetts,MA,Aetna Atlantic Health
Massachusetts,MA,Aetna National
Massachusetts,MA,Affinity
Massachusetts,MA,All Savers Health Plans
Massachusetts,MA,Allegiance
Massachusetts,MA,Alliant Health
Massachusetts,MA,Allied Health Benefits
Massachusetts,MA,AllWays Health Partners
Massachusetts,MA,Alternative Insurance Resources
Massachusetts,MA,Ambetter 
Massachusetts,MA,AmeriBen
Massachusetts,MA,America's Choice Provider Network
Massachusetts,MA,American Healthcare Alliance
Massachusetts,MA,American PPO
Massachusetts,MA,AmeriHealth
Massachusetts,MA,Ametros
Massachusetts,MA,Ancillary Care Services
Massachusetts,MA,Anthem BCBCS
Massachusetts,MA,Anthem BCBS
Massachusetts,MA,Anthem Blue Cross Blue Shield
Massachusetts,MA,Anthem Medicaid
Massachusetts,MA,Arcbest Corporation
Massachusetts,MA,ASURIS
Massachusetts,MA,Atrio Health Plans
Massachusetts,MA,Badger Care
Massachusetts,MA,BCE Emergis
Massachusetts,MA,Beacon Health
Massachusetts,MA,Beech Street
Massachusetts,MA,Benefit Assistance Corp
Massachusetts,MA,Benemax
Massachusetts,MA,Blue Benefit Administrators
Massachusetts,MA,Blue Cross Blue Shield
Massachusetts,MA,Blue Cross Blue Shield of Massachusetts
Massachusetts,MA,Bluegrass Family Health
Massachusetts,MA,BMI Benefits LLC
Massachusetts,MA,Boston Medical Center Healthnet
Massachusetts,MA,Boston Medical Center HealthNet Plan
Massachusetts,MA,Boulder Admin
Massachusetts,MA,Bright Health
Massachusetts,MA,Buckeye Community Health Plan
Massachusetts,MA,CareFirst Administrators
Massachusetts,MA,CareFirst BCBS
Massachusetts,MA,Careington International
Massachusetts,MA,Caresource
Massachusetts,MA,CAREVALENT GILSBAR
Massachusetts,MA,Cedar Valley Community Healthcare
Massachusetts,MA,Cedar Valley Hospice - Transportation
Massachusetts,MA,Celticare Health Plan
Massachusetts,MA,Centene 
Massachusetts,MA,Century Health Solutions
Massachusetts,MA,Cerner Health Plan
Massachusetts,MA,CHAMP VA
Massachusetts,MA,CHN Solutions
Massachusetts,MA,Choice Care Network
Massachusetts,MA,Cigna
Massachusetts,MA,ClearPrice Networks
Massachusetts,MA,CMN Inc. Global
Massachusetts,MA,Coastal Care Services
Massachusetts,MA,Cofinity Health Benefits
Massachusetts,MA,Common Ground Health Care
Massachusetts,MA,Commonwealth Care Alliance
Massachusetts,MA,Community Care
Massachusetts,MA,Community Health Options
Massachusetts,MA,Compass Rose Health Plan
Massachusetts,MA,CompDME
Massachusetts,MA,Connecticare
Massachusetts,MA,CONSOCIATE CARE
Massachusetts,MA,Continental Benefits
Massachusetts,MA,Cook County Health Plan
Massachusetts,MA,CoreSource
Massachusetts,MA,Coventry Health Care
Massachusetts,MA,CuraeChoice
Massachusetts,MA,Delta Health Systems
Massachusetts,MA,Deseret Mutual Benefit Administrators
Massachusetts,MA,Eagle Health Plan
Massachusetts,MA,EBMS
Massachusetts,MA,EBPA
Massachusetts,MA,Electric Insurance Company
Massachusetts,MA,Emblem Health
Massachusetts,MA,Employers Health Network
Massachusetts,MA,Exceedent
Massachusetts,MA,Fallon Health
Massachusetts,MA,Fidelis Care
Massachusetts,MA,First Choice Health
Massachusetts,MA,Friday Health Plan
Massachusetts,MA,Galaxy Health Network
Massachusetts,MA,Gateway Health
Massachusetts,MA,GEHA
Massachusetts,MA,Geisinger
Massachusetts,MA,Gilsbar
Massachusetts,MA,global excel management 
Massachusetts,MA,group health benefits
Massachusetts,MA,Group Health Eau Claire
Massachusetts,MA,Harbor Health Plan
Massachusetts,MA,Harvard Pilgrim
Massachusetts,MA,Harvard Pilgrim Health Care
Massachusetts,MA,Health Care Partners
Massachusetts,MA,health eos
Massachusetts,MA,Health EZ
Massachusetts,MA,Health New England
Massachusetts,MA,Health Options
Massachusetts,MA,Health Partners
Massachusetts,MA,Health Payment Systems
Massachusetts,MA,Health Plan Services
Massachusetts,MA,Health Plans Inc
Massachusetts,MA,Health Scope
Massachusetts,MA,Health Smart
Massachusetts,MA,HealthComp
Massachusetts,MA,Healthcomp TPA
Massachusetts,MA,Healthgram
Massachusetts,MA,HealthLink
Massachusetts,MA,HealthSmart
Massachusetts,MA,"HealthSmart Preferred Care II, LP"
Massachusetts,MA,HFN
Massachusetts,MA,highlands
Massachusetts,MA,Homelink
Massachusetts,MA,Hudson Health Plan
Massachusetts,MA,Humana
Massachusetts,MA,Imagine 380
Massachusetts,MA,"immergrun, inc."
Massachusetts,MA,Independence BCBS
Massachusetts,MA,Independent Health
Massachusetts,MA,Independent Medical Systems
Massachusetts,MA,indequest
Massachusetts,MA,Insurance Management Services
Massachusetts,MA,Integra
Massachusetts,MA,INTotal Health
Massachusetts,MA,IPMG
Massachusetts,MA,J.P. Farley Corporation
Massachusetts,MA,Key Benefit Administrators
Massachusetts,MA,Keystone First
Massachusetts,MA,lakes area community healthplan
Massachusetts,MA,Lasso Healthcare
Massachusetts,MA,Longevity Health Plan
Massachusetts,MA,Lucent Health
Massachusetts,MA,Magellan
Massachusetts,MA,Magnacare
Massachusetts,MA,Mail Handlers
Massachusetts,MA,"Managed Care, Inc dba Galaxy Health Network"
Massachusetts,MA,Martin's Point
Massachusetts,MA,Mass General Bringham Health Plan
Massachusetts,MA,Mass General Bringham Health Plan (f.k.a) AllWays Health Partners
Massachusetts,MA,maxor provider network
Massachusetts,MA,mcm maxcare ppo
Massachusetts,MA,Medcorp Southwest Inc
Massachusetts,MA,MedCost
Massachusetts,MA,Medi-Share
Massachusetts,MA,Medica
Massachusetts,MA,Medicaid
Massachusetts,MA,"Medical Cost Containment Professionals, LLC (MCCP)"
Massachusetts,MA,medical resource
Massachusetts,MA,Medicare
Massachusetts,MA,Meridian Health Plan
Massachusetts,MA,Meritain Health
Massachusetts,MA,Methodist First Choice
Massachusetts,MA,MetroPlus
Massachusetts,MA,Midlands Choice
Massachusetts,MA,Midwest Health
Massachusetts,MA,MissionPoint
Massachusetts,MA,Moda Health
Massachusetts,MA,Molina
Massachusetts,MA,Mountain Health CO-OP
Massachusetts,MA,Multiplan-PHCS
Massachusetts,MA,Mutual Assurance Administrators
Massachusetts,MA,National Association of Letter Carriers
Massachusetts,MA,National Elevator Industry Health Benefits
Massachusetts,MA,Neighborhood Health Plan
Massachusetts,MA,Northwood
Massachusetts,MA,NYSHIP
Massachusetts,MA,One Homecare Solutions
Massachusetts,MA,Onecall
Massachusetts,MA,Optum
Massachusetts,MA,Other
Massachusetts,MA,OWCA
Massachusetts,MA,Oxford Health Plans
Massachusetts,MA,Pacific Source Health Plans
Massachusetts,MA,Paradigm
Massachusetts,MA,Performance Health
Massachusetts,MA,Piedmont Healthcare
Massachusetts,MA,Pinnacle Assurance
Massachusetts,MA,Pinnacle Health
Massachusetts,MA,Point32Health
Massachusetts,MA,Porter County Government Employee Benefits
Massachusetts,MA,PPO Plus
Massachusetts,MA,Prairie States
Massachusetts,MA,Preferred Health Professionals
Massachusetts,MA,Preferred Medical Network
Massachusetts,MA,Preferred One
Massachusetts,MA,Presbyterian Health Plan 
Massachusetts,MA,Priority Health
Massachusetts,MA,Private Healthcare Systems
Massachusetts,MA,PROVIDENCE HEALTH
Massachusetts,MA,Provider Network of America
Massachusetts,MA,QualChoice
Massachusetts,MA,Quartz
Massachusetts,MA,Reserve National Insurance Company
Massachusetts,MA,ResourceOne Administrators
Massachusetts,MA,Rocket Medical
Massachusetts,MA,"RxAdvance, Inc."
Massachusetts,MA,S & S Health
Massachusetts,MA,Samaritan
Massachusetts,MA,Sana Benefits
Massachusetts,MA,Sanford Health Plan
Massachusetts,MA,Scott & White Health Plan
Massachusetts,MA,Sedgwick
Massachusetts,MA,Select Administrative Services
Massachusetts,MA,Self Insured Services Company
Massachusetts,MA,Sentara Health Plans
Massachusetts,MA,Sentry Insurance
Massachusetts,MA,SIHO
Massachusetts,MA,SIX DEGREES HEALTH
Massachusetts,MA,SmartHealth
Massachusetts,MA,SMS National
Massachusetts,MA,Sound Health and Wellness
Massachusetts,MA,South Central Preferred
Massachusetts,MA,Starmark
Massachusetts,MA,The American Worker
Massachusetts,MA,The American Worker (f.k.a Century Healthcare)
Massachusetts,MA,The Empire Plan
Massachusetts,MA,The Health Plan
Massachusetts,MA,Tricare
Massachusetts,MA,TriCare – East Region
Massachusetts,MA,Tricare East
Massachusetts,MA,Tricare Overseas
Massachusetts,MA,Trilogy
Massachusetts,MA,TRPN
Massachusetts,MA,Trustmark
Massachusetts,MA,Tufts Health Plan
Massachusetts,MA,Tufts Health Plan MA - Commercial
Massachusetts,MA,Ucare
Massachusetts,MA,UHC ALL SAVERS
Massachusetts,MA,UHC SHARED SERVICES
Massachusetts,MA,UHC STUDENT RESOURCES
Massachusetts,MA,UHC SUREST
Massachusetts,MA,UHIS
Massachusetts,MA,UMR
Massachusetts,MA,UMWA Health & Retirement Funds
Massachusetts,MA,Unicare
Massachusetts,MA,United
Massachusetts,MA,United Healthcare
Massachusetts,MA,United Healthcare  Commercial and Medicare
Massachusetts,MA,United Healthcare All Savers
Massachusetts,MA,United Healthcare Medicaid
Massachusetts,MA,United Healthcare Shared Services
Massachusetts,MA,United Student Resources
Massachusetts,MA,UnitedHealthcare Community Plan
Massachusetts,MA,UPMC
Massachusetts,MA,US Family Health Plan
Massachusetts,MA,USA MANAGED CARE ORGANIZATIONS
Massachusetts,MA,Valenz
Massachusetts,MA,Valenz f.k.a United Claim Solutions (PPO Network)
Massachusetts,MA,WebTPA
Massachusetts,MA,Wellcare
Massachusetts,MA,WellFirst Health
Massachusetts,MA,WellMed
Massachusetts,MA,World Trade Center
Massachusetts,MA,Zelis
Massachusetts,MA,ZENITH ADMIN
Missouri,MO,A&S Financial
Missouri,MO,Aetna
Missouri,MO,Aetna Atlantic Health
Missouri,MO,Aetna National
Missouri,MO,Affinity
Missouri,MO,All Savers Health Plans
Missouri,MO,Allegiance
Missouri,MO,Alliant Health
Missouri,MO,Allied Health Benefits
Missouri,MO,AllWays Health Partners
Missouri,MO,Allwell Home State Health Plan
Missouri,MO,Alternative Insurance Resources
Missouri,MO,Ambetter 
Missouri,MO,AmeriBen
Missouri,MO,America's Choice Provider Network
Missouri,MO,American Health Advantage of Missouri
Missouri,MO,American Healthcare Alliance
Missouri,MO,American PPO
Missouri,MO,"Americo, Medicare Supplement"
Missouri,MO,AmeriGroup
Missouri,MO,AmeriHealth
Missouri,MO,Ametros
Missouri,MO,Anthem BCBCS
Missouri,MO,Anthem BCBS
Missouri,MO,Anthem BCBS MO
Missouri,MO,Anthem Blue Cross Blue Shield
Missouri,MO,Anthem Medicaid
Missouri,MO,Arcbest Corporation
Missouri,MO,ASURIS
Missouri,MO,Atrio Health Plans
Missouri,MO,Badger Care
Missouri,MO,BCBS Kansas City
Missouri,MO,BCE Emergis
Missouri,MO,Beacon Health
Missouri,MO,Beech Street
Missouri,MO,Benefit Assistance Corp
Missouri,MO,Benefits Management Services
Missouri,MO,Blue Benefit Administrators
Missouri,MO,Blue Cross and Blue Shield of Kansas City
Missouri,MO,Blue Cross Blue Shield
Missouri,MO,Blue Cross Blue Shield of Missouri - Anthem Blue Cross Blue Shield
Missouri,MO,Bluegrass Family Health
Missouri,MO,BMI Benefits LLC
Missouri,MO,Boulder Admin
Missouri,MO,Buckeye Community Health Plan
Missouri,MO,CareFirst BCBS
Missouri,MO,Careington International
Missouri,MO,Caresource
Missouri,MO,CAREVALENT GILSBAR
Missouri,MO,Carolina Complete Health Network
Missouri,MO,Cedar Valley Community Healthcare
Missouri,MO,Cedar Valley Hospice - Transportation
Missouri,MO,Centene 
Missouri,MO,Century Health Solutions
Missouri,MO,Cerner Health Plan
Missouri,MO,Cerner HealthPlan
Missouri,MO,CHAMP VA
Missouri,MO,CHN Solutions
Missouri,MO,Choice Care Network
Missouri,MO,Cigna
Missouri,MO,ClearPrice Networks
Missouri,MO,CMN Inc. Global
Missouri,MO,Coastal Care Services
Missouri,MO,Cofinity Health Benefits
Missouri,MO,Common Ground Health Care
Missouri,MO,Commonwealth Care Alliance
Missouri,MO,Community Care
Missouri,MO,Community Health Options
Missouri,MO,Compass Rose Health Plan
Missouri,MO,CompDME
Missouri,MO,Connecticare
Missouri,MO,CONSOCIATE CARE
Missouri,MO,Consociate Health
Missouri,MO,Continental Benefits
Missouri,MO,Cook County Health Plan
Missouri,MO,CoreSource
Missouri,MO,Coventry Health Care
Missouri,MO,CuraeChoice
Missouri,MO,DBL Services
Missouri,MO,Delta Health Systems
Missouri,MO,Deseret Mutual Benefit Administrators
Missouri,MO,Eagle Health Plan
Missouri,MO,EBMS
Missouri,MO,EBPA
Missouri,MO,Emblem Health
Missouri,MO,Employers Health Network
Missouri,MO,Essence Healthcare
Missouri,MO,Exceedent
Missouri,MO,Exclusive Choice/SSM Managed Care
Missouri,MO,"Express Scripts, Inc."
Missouri,MO,Fidelis Care
Missouri,MO,First Choice Health
Missouri,MO,Freedom Network
Missouri,MO,Friday Health Plan
Missouri,MO,Galaxy Health Network
Missouri,MO,Gateway Health
Missouri,MO,GEHA
Missouri,MO,Geisinger
Missouri,MO,Gilsbar
Missouri,MO,global excel management 
Missouri,MO,group health benefits
Missouri,MO,Group Health Eau Claire
Missouri,MO,Harbor Health Plan
Missouri,MO,Harvard Pilgrim
Missouri,MO,Health Care Partners
Missouri,MO,health eos
Missouri,MO,Health EZ
Missouri,MO,Health Net
Missouri,MO,Health New England
Missouri,MO,Health Options
Missouri,MO,Health Partners
Missouri,MO,Health Payment Systems
Missouri,MO,Health Plan Services
Missouri,MO,Health Plans Inc
Missouri,MO,Health Scope
Missouri,MO,Health Smart
Missouri,MO,HealthComp
Missouri,MO,Healthcomp TPA
Missouri,MO,Healthgram
Missouri,MO,HealthLink
Missouri,MO,HealthSmart
Missouri,MO,"HealthSmart Preferred Care II, LP"
Missouri,MO,HealthSpring
Missouri,MO,Healthy Blue
Missouri,MO,HFN
Missouri,MO,highlands
Missouri,MO,HMCC
Missouri,MO,Home State Health
Missouri,MO,Home State Health Plan (Centene)
Missouri,MO,"Home State Health Plan, Inc."
Missouri,MO,Homelink
Missouri,MO,Hudson Health Plan
Missouri,MO,Humana
Missouri,MO,Imagine 384
Missouri,MO,"immergrun, inc."
Missouri,MO,Independence BCBS
Missouri,MO,Independent Health
Missouri,MO,Independent Medical Systems
Missouri,MO,indequest
Missouri,MO,Insurance Management Services
Missouri,MO,Integra
Missouri,MO,INTotal Health
Missouri,MO,Iowa Total Care
Missouri,MO,IPMG
Missouri,MO,J.P. Farley Corporation
Missouri,MO,Kansas State Plan
Missouri,MO,KEENAN & ASSOC
Missouri,MO,Key Benefit Administrators
Missouri,MO,Keystone First
Missouri,MO,lakes area community healthplan
Missouri,MO,Lucent Health
Missouri,MO,Luminare
Missouri,MO,Magellan
Missouri,MO,Magnacare
Missouri,MO,Mail Handlers
Missouri,MO,"Managed Care, Inc dba Galaxy Health Network"
Missouri,MO,Martin's Point
Missouri,MO,maxor provider network
Missouri,MO,mcm maxcare ppo
Missouri,MO,Medcorp Southwest Inc
Missouri,MO,MedCost
Missouri,MO,Medi-Share
Missouri,MO,Medica
Missouri,MO,Medicaid
Missouri,MO,"Medical Cost Containment Professionals, LLC (MCCP)"
Missouri,MO,medical resource
Missouri,MO,Medical Services Management
Missouri,MO,Medicare
Missouri,MO,Mercy Health Plan
Missouri,MO,Meridian Health Plan
Missouri,MO,Meritain Health
Missouri,MO,Methodist First Choice
Missouri,MO,MetroPlus
Missouri,MO,Midlands Choice
Missouri,MO,Midwest Health
Missouri,MO,MissionPoint
Missouri,MO,Missouri Blue
Missouri,MO,Moda Health
Missouri,MO,Molina
Missouri,MO,Mountain Health CO-OP
Missouri,MO,Multiplan-PHCS
Missouri,MO,Mutual Assurance Administrators
Missouri,MO,National Association of Letter Carriers
Missouri,MO,National Elevator Industry Health Benefits
Missouri,MO,NYSHIP
Missouri,MO,One Homecare Solutions
Missouri,MO,Onecall
Missouri,MO,Optum
Missouri,MO,Oscar
Missouri,MO,Other
Missouri,MO,OWCA
Missouri,MO,Oxford Health Plans
Missouri,MO,Pacific Source Health Plans
Missouri,MO,Paradigm
Missouri,MO,Performance Health
Missouri,MO,Piedmont Healthcare
Missouri,MO,Pinnacle Assurance
Missouri,MO,Porter County Government Employee Benefits
Missouri,MO,PPO Plus
Missouri,MO,Prairie States
Missouri,MO,Preferred Health Plan
Missouri,MO,Preferred Health Professionals
Missouri,MO,Preferred Medical Network
Missouri,MO,Preferred One
Missouri,MO,Presbyterian Health Plan 
Missouri,MO,Priority Health
Missouri,MO,PROVIDENCE HEALTH
Missouri,MO,Provider Network of America
Missouri,MO,QualChoice
Missouri,MO,Quartz
Missouri,MO,Reserve National Insurance Company
Missouri,MO,ResourceOne Administrators
Missouri,MO,S & S Health
Missouri,MO,Samaritan
Missouri,MO,Sana Benefits
Missouri,MO,Sanford Health Plan
Missouri,MO,Scott & White Health Plan
Missouri,MO,Sedgwick
Missouri,MO,Select Administrative Services
Missouri,MO,Self Insured Services Company
Missouri,MO,Sentara Health Plans
Missouri,MO,Sentry Insurance
Missouri,MO,SIHO
Missouri,MO,SIX DEGREES HEALTH
Missouri,MO,SmartHealth
Missouri,MO,SMS National
Missouri,MO,Sound Health and Wellness
Missouri,MO,South Central Preferred
Missouri,MO,Starmark
Missouri,MO,The American Worker (f.k.a Century Healthcare)
Missouri,MO,The Empire Plan
Missouri,MO,The Health Plan
Missouri,MO,Tricare
Missouri,MO,TriCare – East Region
Missouri,MO,Tricare East
Missouri,MO,Tricare Overseas
Missouri,MO,Tricare West
Missouri,MO,Trilogy
Missouri,MO,TRPN
Missouri,MO,Trustmark
Missouri,MO,Tufts Health Plan
Missouri,MO,Ucare
Missouri,MO,UHC ALL SAVERS
Missouri,MO,UHC SHARED SERVICES
Missouri,MO,UHC STUDENT RESOURCES
Missouri,MO,UHC SUREST
Missouri,MO,UHIS
Missouri,MO,UMR
Missouri,MO,UMWA Health & Retirement Funds
Missouri,MO,Unicare
Missouri,MO,United
Missouri,MO,United Healthcare
Missouri,MO,United Healthcare  Commercial and Medicare
Missouri,MO,United Healthcare All Savers
Missouri,MO,United Healthcare Medicaid
Missouri,MO,United Healthcare Shared Services
Missouri,MO,United Healthcare StudentResources
Missouri,MO,United Student Resources
Missouri,MO,UnitedHealthcare Community Plan
Missouri,MO,UPMC
Missouri,MO,US Family Health Plan
Missouri,MO,USA MANAGED CARE ORGANIZATIONS
Missouri,MO,Valenz f.k.a United Claim Solutions (PPO Network)
Missouri,MO,WebTPA
Missouri,MO,Wellcare
Missouri,MO,WellFirst Health
Missouri,MO,WellMed
Missouri,MO,World Trade Center
Missouri,MO,Zelis
Missouri,MO,ZENITH ADMIN
New Jersey,NJ,A&S Financial
New Jersey,NJ,Access Health Services - TPA
New Jersey,NJ,Aetna
New Jersey,NJ,Aetna Atlantic Health
New Jersey,NJ,Aetna Better Health of New Jersey
New Jersey,NJ,Aetna National
New Jersey,NJ,Affinity
New Jersey,NJ,All Savers Health Plans
New Jersey,NJ,Allegiance
New Jersey,NJ,Alliant Health
New Jersey,NJ,Allied Health Benefits
New Jersey,NJ,AllWays Health Partners
New Jersey,NJ,Alternative Insurance Resources
New Jersey,NJ,Ambetter 
New Jersey,NJ,AmBetter Commercial
New Jersey,NJ,AmeriBen
New Jersey,NJ,America's Choice Provider Network
New Jersey,NJ,American Healthcare Alliance
New Jersey,NJ,American PPO
New Jersey,NJ,AmeriChoice
New Jersey,NJ,AmeriGroup
New Jersey,NJ,Amerigroup- Wellpoint
New Jersey,NJ,AmeriHealth
New Jersey,NJ,Ametros
New Jersey,NJ,Ancillary Care Services
New Jersey,NJ,Anthem BCBCS
New Jersey,NJ,Anthem BCBS
New Jersey,NJ,Anthem Blue Cross Blue Shield
New Jersey,NJ,Anthem Medicaid
New Jersey,NJ,Arcbest Corporation
New Jersey,NJ,ASURIS
New Jersey,NJ,Atrio Health Plans
New Jersey,NJ,Badger Care
New Jersey,NJ,BCE Emergis
New Jersey,NJ,Beacon Health
New Jersey,NJ,Beech Street
New Jersey,NJ,Benecard PBF
New Jersey,NJ,Benefit Assistance Corp
New Jersey,NJ,Blue Benefit Administrators
New Jersey,NJ,Blue Cross Blue Shield
New Jersey,NJ,Blue Cross Blue Shield of New Jersey (CareCentrix)
New Jersey,NJ,Bluegrass Family Health
New Jersey,NJ,BMI Benefits LLC
New Jersey,NJ,Boulder Admin
New Jersey,NJ,Buckeye Community Health Plan
New Jersey,NJ,Care Improvement Plus
New Jersey,NJ,CareFirst BCBS
New Jersey,NJ,Careington International
New Jersey,NJ,Caresource
New Jersey,NJ,CAREVALENT GILSBAR
New Jersey,NJ,Cedar Valley Community Healthcare
New Jersey,NJ,Cedar Valley Hospice - Transportation
New Jersey,NJ,Century Health Solutions
New Jersey,NJ,Cerner Health Plan
New Jersey,NJ,CHAMP VA
New Jersey,NJ,CHN Solutions
New Jersey,NJ,Choice Care Network
New Jersey,NJ,Cigna
New Jersey,NJ,Cigna Medicare of NJ (Mid Atlantic Region) - Medicare Plans Only
New Jersey,NJ,ClearPrice Networks
New Jersey,NJ,Clover Health
New Jersey,NJ,CMN Inc. Global
New Jersey,NJ,Coastal Care Services
New Jersey,NJ,Cofinity Health Benefits
New Jersey,NJ,Common Ground Health Care
New Jersey,NJ,Commonwealth Care Alliance
New Jersey,NJ,Community Care
New Jersey,NJ,Community Health Options
New Jersey,NJ,Compass Rose Health Plan
New Jersey,NJ,CompDME
New Jersey,NJ,Connecticare
New Jersey,NJ,CONSOCIATE CARE
New Jersey,NJ,Consumer Health Network
New Jersey,NJ,Continental Benefits
New Jersey,NJ,Cook County Health Plan
New Jersey,NJ,CoreSource
New Jersey,NJ,Coventry Health Care
New Jersey,NJ,CuraeChoice
New Jersey,NJ,Delta Health Systems
New Jersey,NJ,Deseret Mutual Benefit Administrators
New Jersey,NJ,Devon Health Services
New Jersey,NJ,Eagle Health Plan
New Jersey,NJ,EBMS
New Jersey,NJ,EBPA
New Jersey,NJ,Emblem Health
New Jersey,NJ,Employers Health Network
New Jersey,NJ,Exceedent
New Jersey,NJ,Fidelis Care
New Jersey,NJ,First Choice Health
New Jersey,NJ,First MCO New Jersey
New Jersey,NJ,Friday Health Plan
New Jersey,NJ,Galaxy Health Network
New Jersey,NJ,Gateway Health
New Jersey,NJ,GEHA
New Jersey,NJ,Geisinger
New Jersey,NJ,Gilsbar
New Jersey,NJ,global excel management 
New Jersey,NJ,group health benefits
New Jersey,NJ,Group Health Eau Claire
New Jersey,NJ,Harbor Health Plan
New Jersey,NJ,Harvard Pilgrim
New Jersey,NJ,Health Care Partners
New Jersey,NJ,health eos
New Jersey,NJ,Health EZ
New Jersey,NJ,Health First
New Jersey,NJ,Health Network America
New Jersey,NJ,Health New England
New Jersey,NJ,Health Options
New Jersey,NJ,Health Partners
New Jersey,NJ,Health Payment Systems
New Jersey,NJ,Health Plan Services
New Jersey,NJ,Health Plans Inc
New Jersey,NJ,Health Scope
New Jersey,NJ,Health Smart
New Jersey,NJ,HealthComp
New Jersey,NJ,Healthcomp TPA
New Jersey,NJ,Healthfirst
New Jersey,NJ,Healthgram
New Jersey,NJ,HealthLink
New Jersey,NJ,HealthSmart
New Jersey,NJ,"HealthSmart Preferred Care II, LP"
New Jersey,NJ,HFN
New Jersey,NJ,highlands
New Jersey,NJ,Highmark BlueCross BlueShield
New Jersey,NJ,Homelink
New Jersey,NJ,Horizon BCBS
New Jersey,NJ,Horizon Bluecross Blueshield
New Jersey,NJ,Horizon NJ Health
New Jersey,NJ,Hudson Health Plan
New Jersey,NJ,Humana
New Jersey,NJ,Imagine 389
New Jersey,NJ,"immergrun, inc."
New Jersey,NJ,Independence BCBS
New Jersey,NJ,Independence Bluecross
New Jersey,NJ,Independent Health
New Jersey,NJ,Independent Medical Systems
New Jersey,NJ,indequest
New Jersey,NJ,INS ADMIN AMERC
New Jersey,NJ,Insurance Administrators of America
New Jersey,NJ,Insurance Management Services
New Jersey,NJ,Integra
New Jersey,NJ,INTotal Health
New Jersey,NJ,IPMG
New Jersey,NJ,J.P. Farley Corporation
New Jersey,NJ,Key Benefit Administrators
New Jersey,NJ,Keystone First
New Jersey,NJ,lakes area community healthplan
New Jersey,NJ,Lasso Healthcare
New Jersey,NJ,Longevity Health Plan
New Jersey,NJ,Lucent Health
New Jersey,NJ,Magellan
New Jersey,NJ,Magnacare
New Jersey,NJ,Mail Handlers
New Jersey,NJ,"Managed Benefit Plans, Inc."
New Jersey,NJ,"Managed Care, Inc dba Galaxy Health Network"
New Jersey,NJ,Martin's Point
New Jersey,NJ,maxor provider network
New Jersey,NJ,mcm maxcare ppo
New Jersey,NJ,Medcorp Southwest Inc
New Jersey,NJ,MedCost
New Jersey,NJ,Medi-Share
New Jersey,NJ,Medica
New Jersey,NJ,Medicaid
New Jersey,NJ,Medicaid of New Jersey
New Jersey,NJ,"Medical Cost Containment Professionals, LLC (MCCP)"
New Jersey,NJ,medical resource
New Jersey,NJ,Medicare
New Jersey,NJ,Meridian Health Plan
New Jersey,NJ,Meritain Health
New Jersey,NJ,Methodist First Choice
New Jersey,NJ,MetroPlus
New Jersey,NJ,Midlands Choice
New Jersey,NJ,Midwest Health
New Jersey,NJ,MissionPoint
New Jersey,NJ,Moda Health
New Jersey,NJ,Molina
New Jersey,NJ,Mountain Health CO-OP
New Jersey,NJ,MSH International
New Jersey,NJ,Multiplan-PHCS
New Jersey,NJ,Mutual Assurance Administrators
New Jersey,NJ,National Association of Letter Carriers
New Jersey,NJ,National Elevator Industry Health Benefits
New Jersey,NJ,National Provider Network
New Jersey,NJ,New Jersey Blue Cross Blue Shield - CareCentrix
New Jersey,NJ,Newark Insurance
New Jersey,NJ,Northwell Direct
New Jersey,NJ,NYSHIP
New Jersey,NJ,One Homecare Solutions
New Jersey,NJ,Onecall
New Jersey,NJ,Optum
New Jersey,NJ,Other
New Jersey,NJ,OWCA
New Jersey,NJ,Oxford Health Plans
New Jersey,NJ,Pacific Source Health Plans
New Jersey,NJ,Paradigm
New Jersey,NJ,Performance Health
New Jersey,NJ,Piedmont Healthcare
New Jersey,NJ,Pinnacle Assurance
New Jersey,NJ,Plymouth Rock
New Jersey,NJ,Porter County Government Employee Benefits
New Jersey,NJ,PPO Plus
New Jersey,NJ,Prairie States
New Jersey,NJ,Preferred Health Professionals
New Jersey,NJ,Preferred Medical Network
New Jersey,NJ,Preferred One
New Jersey,NJ,Presbyterian Health Plan 
New Jersey,NJ,Priority Health
New Jersey,NJ,PROVIDENCE HEALTH
New Jersey,NJ,Provider Network of America
New Jersey,NJ,QualCare
New Jersey,NJ,QualChoice
New Jersey,NJ,Quartz
New Jersey,NJ,Reserve National Insurance Company
New Jersey,NJ,ResourceOne Administrators
New Jersey,NJ,S & S Health
New Jersey,NJ,Samaritan
New Jersey,NJ,Sana Benefits
New Jersey,NJ,Sanford Health Plan
New Jersey,NJ,Scott & White Health Plan
New Jersey,NJ,Sedgwick
New Jersey,NJ,Select Administrative Services
New Jersey,NJ,Self Insured Services Company
New Jersey,NJ,Sentara Health Plans
New Jersey,NJ,Sentry Insurance
New Jersey,NJ,SIHO
New Jersey,NJ,SIX DEGREES HEALTH
New Jersey,NJ,SmartHealth
New Jersey,NJ,SMS National
New Jersey,NJ,Sound Health and Wellness
New Jersey,NJ,South Central Preferred
New Jersey,NJ,South Jersey PPO
New Jersey,NJ,Starmark
New Jersey,NJ,The American Worker
New Jersey,NJ,The American Worker (f.k.a Century Healthcare)
New Jersey,NJ,The Empire Plan
New Jersey,NJ,The Health Plan
New Jersey,NJ,Tricare
New Jersey,NJ,TriCare – East Region
New Jersey,NJ,Tricare East
New Jersey,NJ,Tricare Overseas
New Jersey,NJ,Trilogy
New Jersey,NJ,TRPN
New Jersey,NJ,Trustmark
New Jersey,NJ,Tufts Health Plan
New Jersey,NJ,Ucare
New Jersey,NJ,UHC ALL SAVERS
New Jersey,NJ,UHC SHARED SERVICES
New Jersey,NJ,UHC STUDENT RESOURCES
New Jersey,NJ,UHC SUREST
New Jersey,NJ,UHIS
New Jersey,NJ,UMR
New Jersey,NJ,UMWA Health & Retirement Funds
New Jersey,NJ,Unicare
New Jersey,NJ,United
New Jersey,NJ,United Healthcare
New Jersey,NJ,United Healthcare  Commercial and Medicare
New Jersey,NJ,United Healthcare All Savers
New Jersey,NJ,United Healthcare Medicaid
New Jersey,NJ,United Healthcare Shared Services
New Jersey,NJ,United Healthcare StudentResources
New Jersey,NJ,United Student Resources
New Jersey,NJ,UnitedHealthcare Community Plan
New Jersey,NJ,UPMC
New Jersey,NJ,USA MANAGED CARE ORGANIZATIONS
New Jersey,NJ,Valenz
New Jersey,NJ,Valenz f.k.a United Claim Solutions (PPO Network)
New Jersey,NJ,WebTPA
New Jersey,NJ,Wellcare
New Jersey,NJ,WellFirst Health
New Jersey,NJ,WellMed
New Jersey,NJ,Wellpoint
New Jersey,NJ,World Trade Center
New Jersey,NJ,Zelis
New Jersey,NJ,ZENITH ADMIN
New York,NY,1199 SEIU Benefit
New York,NY,A&S Financial
New York,NY,Access Health Services - TPA
New York,NY,Aetna
New York,NY,Aetna Atlantic Health
New York,NY,Aetna National
New York,NY,Affinity
New York,NY,Agelity Pharmacy Services
New York,NY,Agewell
New York,NY,All Savers Health Plans
New York,NY,Allegiance
New York,NY,Alliant Health
New York,NY,Allied Health Benefits
New York,NY,AllWays Health Partners
New York,NY,Alternative Insurance Resources
New York,NY,Amalgamated Life and Health Alicare
New York,NY,Ambetter 
New York,NY,AmeriBen
New York,NY,America's Choice Provider Network
New York,NY,American Cancer Society
New York,NY,American Healthcare Alliance
New York,NY,American PPO
New York,NY,AmeriGroup
New York,NY,AmeriHealth
New York,NY,Ametros
New York,NY,Amidacare
New York,NY,Ancillary Care Services
New York,NY,Anthem BCBCS
New York,NY,Anthem BCBS
New York,NY,Anthem BCBS of New York
New York,NY,Anthem Blue Cross Blue Shield
New York,NY,Anthem Empire BCBS
New York,NY,Anthem Medicaid
New York,NY,APA Partners
New York,NY,Arcbest Corporation
New York,NY,ArchCare
New York,NY,ASURIS
New York,NY,Atlantis Health Plan
New York,NY,Atrio Health Plans
New York,NY,Badger Care
New York,NY,BCE Emergis
New York,NY,Beacon Health
New York,NY,Beech Street
New York,NY,Benefit Assistance Corp
New York,NY,Blue Benefit Administrators
New York,NY,Blue Cross Blue Shield
New York,NY,Blue Cross Blue Shield of New York - Northeastern
New York,NY,Blue Cross Blue Shield of New York - Western
New York,NY,Blue Cross Empire NY
New York,NY,Blue Shield Western New York
New York,NY,BlueCross BlueShield of Western New York
New York,NY,Bluegrass Family Health
New York,NY,BlueShield of Northeastern New York
New York,NY,BMI Benefits LLC
New York,NY,Boulder Admin
New York,NY,Bridgeway Health Solutions
New York,NY,Bright Advantage
New York,NY,Bright Health
New York,NY,Broward Health
New York,NY,Buckeye Community Health Plan
New York,NY,CareConnect
New York,NY,CareFirst BCBS
New York,NY,Careington International
New York,NY,Caresource
New York,NY,CAREVALENT GILSBAR
New York,NY,CDPHP
New York,NY,Cedar Valley Community Healthcare
New York,NY,Cedar Valley Hospice - Transportation
New York,NY,Centene 
New York,NY,Centerlight
New York,NY,Centerlite MLTC
New York,NY,Centers Plan for Healthy Living
New York,NY,Centivo
New York,NY,Century Health Solutions
New York,NY,Cerner Health Plan
New York,NY,CHAMP VA
New York,NY,CHN Solutions
New York,NY,Choice Care Network
New York,NY,Cigna
New York,NY,ClearPrice Networks
New York,NY,CMN Inc. Global
New York,NY,Coastal Care Services
New York,NY,Cofinity Health Benefits
New York,NY,Colonial Penn
New York,NY,Common Ground Health Care
New York,NY,Commonwealth Care Alliance
New York,NY,Community Care
New York,NY,Community Health Options
New York,NY,Compass Rose Health Plan
New York,NY,CompDME
New York,NY,Comprehensive Benefit
New York,NY,Confederated Welfare Fund Local 2 - Medical Benefits
New York,NY,Connecticare
New York,NY,CONSOCIATE CARE
New York,NY,Continental Benefits
New York,NY,Cook County Health Plan
New York,NY,CoreSource
New York,NY,Corporate Care Management
New York,NY,Corvel Corporation
New York,NY,Coventry Health Care
New York,NY,Crystal Run
New York,NY,CuraeChoice
New York,NY,Delta Health Systems
New York,NY,Deseret Mutual Benefit Administrators
New York,NY,District 10 Queens Health Care Facility
New York,NY,Eagle Health Plan
New York,NY,EBMS
New York,NY,EBPA
New York,NY,Eddy SeniorCare PACE
New York,NY,Elderwood Health Plan
New York,NY,Emblem Health
New York,NY,Empire BCBS
New York,NY,Empire BCBS NY - Commercial
New York,NY,EMPIRE HEALTH
New York,NY,Emplem Health
New York,NY,Employers Health Network
New York,NY,EPIC-PART D Insurance Coverage
New York,NY,Ernst Management
New York,NY,Evolutions
New York,NY,Exceedent
New York,NY,Excellus Blue Cross Blue Shield
New York,NY,Excellus BlueCross BlueShield
New York,NY,Extended MLTC
New York,NY,Fidelis Care
New York,NY,First Choice Health
New York,NY,Friday Health Plan
New York,NY,Galaxy Health Network
New York,NY,Gateway Health
New York,NY,Gateway Medical
New York,NY,GEHA
New York,NY,Geisinger
New York,NY,GHI
New York,NY,GHI NY - Commercial
New York,NY,Gilsbar
New York,NY,global excel management 
New York,NY,Globe Life Insurance Co.
New York,NY,"GPP General Prescription Programs, Inc."
New York,NY,group health benefits
New York,NY,Group Health Eau Claire
New York,NY,Hamaspik
New York,NY,Hamaspik NY Medicaid
New York,NY,Harbor Health Plan
New York,NY,Harvard Pilgrim
New York,NY,Health Care Partners
New York,NY,health eos
New York,NY,Health EZ
New York,NY,Health First
New York,NY,Health New England
New York,NY,Health Options
New York,NY,Health Partners
New York,NY,Health Payment Systems
New York,NY,Health Plan Services
New York,NY,Health Plans Inc
New York,NY,Health Scope
New York,NY,Health Smart
New York,NY,HealthComp
New York,NY,Healthcomp TPA
New York,NY,Healthfirst
New York,NY,Healthgram
New York,NY,HealthLink
New York,NY,Healthnow
New York,NY,HealthSmart
New York,NY,"HealthSmart Preferred Care II, LP"
New York,NY,HFN
New York,NY,highlands
New York,NY,Highmark BCBS
New York,NY,Highmark BlueCross BlueShield
New York,NY,HIP Health Plan of New York Pharmacy Services
New York,NY,Home Care Alliance of Virginia (HCAV)
New York,NY,Homelink
New York,NY,Hudson Health Plan
New York,NY,Humana
New York,NY,iCircle Care
New York,NY,Imagine 391
New York,NY,"immergrun, inc."
New York,NY,Independence BCBS
New York,NY,Independent Health
New York,NY,Independent Health Association
New York,NY,Independent Health NY - Commercial
New York,NY,Independent Medical Systems
New York,NY,indequest
New York,NY,Insurance Management Services
New York,NY,Integra
New York,NY,International Benefits Administrators
New York,NY,INTotal Health
New York,NY,IPMG
New York,NY,Island Group Administrators
New York,NY,J.P. Farley Corporation
New York,NY,Kalos Health
New York,NY,Key Benefit Administrators
New York,NY,Keystone First
New York,NY,lakes area community healthplan
New York,NY,Lasso Healthcare
New York,NY,Lifetime
New York,NY,"Local 1 Bricklayers Union, Bricklayers Fringe Benefits Fund Office"
New York,NY,Local 1298 Pharmacy Exception
New York,NY,Local 15 Welfare Fund of the IUOE
New York,NY,Local 272 Welfare Fund
New York,NY,Local 804 Trust Fund
New York,NY,Longevity Health Plan
New York,NY,Lucent Health
New York,NY,Magellan
New York,NY,Magnacare
New York,NY,Mail Handlers
New York,NY,"Managed Care, Inc dba Galaxy Health Network"
New York,NY,Martin's Point
New York,NY,maxor provider network
New York,NY,mcm maxcare ppo
New York,NY,Medcorp Southwest Inc
New York,NY,MedCost
New York,NY,Medi-Share
New York,NY,Medica
New York,NY,Medicaid
New York,NY,"Medical Cost Containment Professionals, LLC (MCCP)"
New York,NY,medical resource
New York,NY,Medicare
New York,NY,MediGold
New York,NY,Meridian Health Plan
New York,NY,Meritain Health
New York,NY,Methodist First Choice
New York,NY,MetroPlus
New York,NY,MetroPlus Health
New York,NY,Metropolitan Auto No-Fault
New York,NY,Midlands Choice
New York,NY,Midwest Health
New York,NY,MissionPoint
New York,NY,Moda Health
New York,NY,Molina
New York,NY,Montefiore CMO
New York,NY,Montifiore Diamond Plan
New York,NY,Mountain Health CO-OP
New York,NY,Multiplan-PHCS
New York,NY,Mutual Assurance Administrators
New York,NY,MVP Health Care
New York,NY,MVP Healthcare
New York,NY,Nascentia Health Options
New York,NY,National Association of Letter Carriers
New York,NY,National Elevator Industry Health Benefits
New York,NY,National Health Administrators
New York,NY,National Preferred Provider Network
New York,NY,"Network Adjusters, Workers Compensation"
New York,NY,New York Central Mutual
New York,NY,NewGen Healthcare
New York,NY,NF Prizm Insurance
New York,NY,North American Benefits
New York,NY,Northwell Direct
New York,NY,Northwell Healthcomp TPA NY - Commercial
New York,NY,Nova Healthcare
New York,NY,NY Central Mutual Insurance
New York,NY,NY Commercial
New York,NY,NY State Insurance Fund Workman's Compensation
New York,NY,NYSHIP
New York,NY,Ohana
New York,NY,One Homecare Solutions
New York,NY,Onecall
New York,NY,Optum
New York,NY,Oscar
New York,NY,Oscar NY-Commercial
New York,NY,Other
New York,NY,OWCA
New York,NY,Oxford Health Plans
New York,NY,Pacific Source Health Plans
New York,NY,Paradigm
New York,NY,Partners Health Play Duals
New York,NY,Performance Health
New York,NY,Perma Public Employees
New York,NY,Piedmont Healthcare
New York,NY,Pinnacle Assurance
New York,NY,PlanCare America
New York,NY,POMCO
New York,NY,Porter County Government Employee Benefits
New York,NY,PPO Plus
New York,NY,Prairie States
New York,NY,Precision Health Resources
New York,NY,Preferred Health Professionals
New York,NY,Preferred Medical Network
New York,NY,Preferred One
New York,NY,Presbyterian Health Plan 
New York,NY,Priority Health
New York,NY,Progressive Insurance No-Fault
New York,NY,PROVIDENCE HEALTH
New York,NY,Provider Network of America
New York,NY,QualChoice
New York,NY,Quality Health Network
New York,NY,Quartz
New York,NY,Quogue-Retirees
New York,NY,Reserve National Insurance Company
New York,NY,ResourceOne Administrators
New York,NY,RMSCO
New York,NY,S & S Health
New York,NY,Samaritan
New York,NY,Sana Benefits
New York,NY,Sanford Health Plan
New York,NY,Scott & White Health Plan
New York,NY,Secure Horizons
New York,NY,Sedgwick
New York,NY,Select Administrative Services
New York,NY,Self Insured Services Company
New York,NY,Sentara Health Plans
New York,NY,Sentry Insurance
New York,NY,Shinnecock Indian Health Services
New York,NY,Sieba
New York,NY,SIHO
New York,NY,SIX DEGREES HEALTH
New York,NY,SmartHealth
New York,NY,SMS National
New York,NY,SOMOS-Anthem
New York,NY,Sound Health and Wellness
New York,NY,South Central Preferred
New York,NY,St. Vincent (USFHP)
New York,NY,Starmark
New York,NY,Suffolk County Risk Management
New York,NY,Symetra - Select Benefits Administrators (SBAA)
New York,NY,The American Worker
New York,NY,The American Worker (f.k.a Century Healthcare)
New York,NY,The Empire Plan
New York,NY,The Health Plan
New York,NY,Total Senior Care
New York,NY,Training Insurance
New York,NY,Triad Group
New York,NY,Tricare
New York,NY,TriCare – East Region
New York,NY,Tricare East
New York,NY,Tricare Overseas
New York,NY,Trilogy
New York,NY,TRPN
New York,NY,Trustmark
New York,NY,Tufts Health Plan
New York,NY,Ucare
New York,NY,UHC ALL SAVERS
New York,NY,UHC SHARED SERVICES
New York,NY,UHC STUDENT RESOURCES
New York,NY,UHC SUREST
New York,NY,UHIS
New York,NY,UMR
New York,NY,UMWA Health & Retirement Funds
New York,NY,Unicare
New York,NY,United
New York,NY,United Healthcare
New York,NY,United Healthcare  Commercial and Medicare
New York,NY,United Healthcare All Savers
New York,NY,United Healthcare Medicaid
New York,NY,United Healthcare Shared Services
New York,NY,United Healthcare StudentResources
New York,NY,United Student Resources
New York,NY,UnitedHealthcare Community Plan
New York,NY,Univera
New York,NY,UPMC
New York,NY,US Family Health Plan
New York,NY,USA MANAGED CARE ORGANIZATIONS
New York,NY,USFHP
New York,NY,Valenz
New York,NY,Valenz f.k.a United Claim Solutions (PPO Network)
New York,NY,VillageCare Max
New York,NY,WebTPA
New York,NY,Wellcare
New York,NY,WellFirst Health
New York,NY,WellMed
New York,NY,Wine Liquor Distillery Workers Union Local 1-D Major Medical Fund
New York,NY,Workmen's Compensation Special Funds Conservation Committee
New York,NY,World Trade Center
New York,NY,Wright Risk Management Co.Inc.
New York,NY,YourCare
New York,NY,Zelis
New York,NY,ZENITH ADMIN
North Carolina,NC,A&S Financial
North Carolina,NC,Access Health Services - TPA
North Carolina,NC,ACS Benefit Services
North Carolina,NC,Aetna
North Carolina,NC,Aetna Atlantic Health
North Carolina,NC,Aetna National
North Carolina,NC,Affinity
North Carolina,NC,Alignment Healthcare
North Carolina,NC,Alignment Healthcare fka Citizens Choice Health Plan
North Carolina,NC,All Savers Health Plans
North Carolina,NC,Allegiance
North Carolina,NC,Alliance Health
North Carolina,NC,Alliance Health Plan
North Carolina,NC,Alliant Health
North Carolina,NC,Allied Health Benefits
North Carolina,NC,AllWays Health Partners
North Carolina,NC,Alternative Insurance Resources
North Carolina,NC,Ambetter 
North Carolina,NC,AmBetter Commercial
North Carolina,NC,AmeriBen
North Carolina,NC,America's Choice Provider Network
North Carolina,NC,American Healthcare Alliance
North Carolina,NC,American PPO
North Carolina,NC,AmeriHealth
North Carolina,NC,Ametros
North Carolina,NC,Ancillary Care Services
North Carolina,NC,Anthem BCBCS
North Carolina,NC,Anthem BCBS
North Carolina,NC,Anthem Medicaid
North Carolina,NC,Arcbest Corporation
North Carolina,NC,ASURIS
North Carolina,NC,Atrio Health Plans
North Carolina,NC,Badger Care
North Carolina,NC,BCE Emergis
North Carolina,NC,Beacon Health
North Carolina,NC,Beech Street
North Carolina,NC,Benefit Assistance Corp
North Carolina,NC,Benefits Management Services
North Carolina,NC,Blue Benefit Administrators
North Carolina,NC,Blue Cross Blue Shield
North Carolina,NC,Bluegrass Family Health
North Carolina,NC,BMI Benefits LLC
North Carolina,NC,Boulder Admin
North Carolina,NC,Bright Health
North Carolina,NC,Buckeye Community Health Plan
North Carolina,NC,CareFirst BCBS
North Carolina,NC,Careington International
North Carolina,NC,Caresource
North Carolina,NC,CAREVALENT GILSBAR
North Carolina,NC,Carolina Complete
North Carolina,NC,Carolina Complete Health Network (CCHN)
North Carolina,NC,Cedar Valley Community Healthcare
North Carolina,NC,Cedar Valley Hospice - Transportation
North Carolina,NC,Centene 
North Carolina,NC,Century Health Solutions
North Carolina,NC,Cerner Health Plan
North Carolina,NC,CHAMP VA
North Carolina,NC,CHN Solutions
North Carolina,NC,Choice Care Network
North Carolina,NC,Cigna
North Carolina,NC,Cigna Medicare of North Carolina
North Carolina,NC,Clear Spring Health
North Carolina,NC,ClearPrice Networks
North Carolina,NC,CMN Inc. Global
North Carolina,NC,Coastal Care Services
North Carolina,NC,Cofinity Health Benefits
North Carolina,NC,Common Ground Health Care
North Carolina,NC,Commonwealth Care Alliance
North Carolina,NC,Community Care
North Carolina,NC,Community Health Options
North Carolina,NC,Compass Rose Health Plan
North Carolina,NC,CompDME
North Carolina,NC,Connecticare
North Carolina,NC,CONSOCIATE CARE
North Carolina,NC,Continental Benefits
North Carolina,NC,Cook County Health Plan
North Carolina,NC,CoreSource
North Carolina,NC,Coventry Health Care
North Carolina,NC,CuraeChoice
North Carolina,NC,Delta Health Systems
North Carolina,NC,Deseret Mutual Benefit Administrators
North Carolina,NC,Doctors Direct Healthcare
North Carolina,NC,Eagle Health Plan
North Carolina,NC,EBMS
North Carolina,NC,EBPA
North Carolina,NC,Emblem Health
North Carolina,NC,Employer's Choice Network (ECN)
North Carolina,NC,Employers Health Network
North Carolina,NC,Exceedent
North Carolina,NC,Fidelis Care
North Carolina,NC,First Carolina Care
North Carolina,NC,First Choice Health
North Carolina,NC,FirstCarolina Care
North Carolina,NC,Friday Health Plan
North Carolina,NC,Galaxy Health Network
North Carolina,NC,Gateway Health
North Carolina,NC,GEHA
North Carolina,NC,Geisinger
North Carolina,NC,Gilsbar
North Carolina,NC,global excel management 
North Carolina,NC,group health benefits
North Carolina,NC,Group Health Eau Claire
North Carolina,NC,Harbor Health Plan
North Carolina,NC,Harvard Pilgrim
North Carolina,NC,Health Care Partners
North Carolina,NC,Health Care Savings
North Carolina,NC,health eos
North Carolina,NC,Health EZ
North Carolina,NC,Health New England
North Carolina,NC,Health Options
North Carolina,NC,Health Partners
North Carolina,NC,Health Payment Systems
North Carolina,NC,Health Plan Services
North Carolina,NC,Health Plans Inc
North Carolina,NC,Health Scope
North Carolina,NC,Health Smart
North Carolina,NC,HealthComp
North Carolina,NC,Healthcomp TPA
North Carolina,NC,Healthgram
North Carolina,NC,HealthLink
North Carolina,NC,HealthSmart
North Carolina,NC,"HealthSmart Preferred Care II, LP"
North Carolina,NC,HealthTeam Advantage
North Carolina,NC,Healthy Blue
North Carolina,NC,HFN
North Carolina,NC,highlands
North Carolina,NC,Home Care Alliance of Virginia (HCAV)
North Carolina,NC,Homelink
North Carolina,NC,Hudson Health Plan
North Carolina,NC,Humana
North Carolina,NC,Imagine 392
North Carolina,NC,"immergrun, inc."
North Carolina,NC,Independence BCBS
North Carolina,NC,Independent Health
North Carolina,NC,Independent Medical Systems
North Carolina,NC,indequest
North Carolina,NC,Insurance Management Services
North Carolina,NC,Integra
North Carolina,NC,INTotal Health
North Carolina,NC,IPMG
North Carolina,NC,J. Smith Lanier
North Carolina,NC,J.P. Farley Corporation
North Carolina,NC,Key Benefit Administrators
North Carolina,NC,Keystone First
North Carolina,NC,lakes area community healthplan
North Carolina,NC,Lasso Healthcare
North Carolina,NC,Longevity Health Plan
North Carolina,NC,Lucent Health
North Carolina,NC,Luminare
North Carolina,NC,Magellan
North Carolina,NC,Magnacare
North Carolina,NC,Mail Handlers
North Carolina,NC,"Managed Care, Inc dba Galaxy Health Network"
North Carolina,NC,Martin's Point
North Carolina,NC,maxor provider network
North Carolina,NC,mcm maxcare ppo
North Carolina,NC,Medcorp Southwest Inc
North Carolina,NC,MedCost
North Carolina,NC,Medi-Share
North Carolina,NC,Medica
North Carolina,NC,Medicaid
North Carolina,NC,Medicaid of North Carolina
North Carolina,NC,"Medical Cost Containment Professionals, LLC (MCCP)"
North Carolina,NC,medical resource
North Carolina,NC,Medicare
North Carolina,NC,Meridian Health Plan
North Carolina,NC,Meritain Health
North Carolina,NC,Methodist First Choice
North Carolina,NC,MetroPlus
North Carolina,NC,Midlands Choice
North Carolina,NC,Midwest Health
North Carolina,NC,MissionPoint
North Carolina,NC,Moda Health
North Carolina,NC,Molina
North Carolina,NC,Mountain Health CO-OP
North Carolina,NC,Multiplan-PHCS
North Carolina,NC,Mutual Assurance Administrators
North Carolina,NC,National Association of Letter Carriers
North Carolina,NC,National Elevator Industry Health Benefits
North Carolina,NC,North Carolina Blue Cross Blue Shield
North Carolina,NC,North Carolina State Health Plan - Administrator Blue Cross Blue Shield of North Carolina
North Carolina,NC,NYSHIP
North Carolina,NC,One Homecare Solutions
North Carolina,NC,Onecall
North Carolina,NC,Optum
North Carolina,NC,Other
North Carolina,NC,OWCA
North Carolina,NC,Oxford Health Plans
North Carolina,NC,Pacific Source Health Plans
North Carolina,NC,Paradigm
North Carolina,NC,Performance Health
North Carolina,NC,Piedmont Healthcare
North Carolina,NC,Pinnacle Assurance
North Carolina,NC,Porter County Government Employee Benefits
North Carolina,NC,PPO Plus
North Carolina,NC,Prairie States
North Carolina,NC,Preferred Health Professionals
North Carolina,NC,Preferred Medical Network
North Carolina,NC,Preferred One
North Carolina,NC,Presbyterian Health Plan 
North Carolina,NC,Primary PhysicianCare
North Carolina,NC,Priority Health
North Carolina,NC,PROVIDENCE HEALTH
North Carolina,NC,Provider Network of America
North Carolina,NC,Pruitt Health Premier
North Carolina,NC,"PruittHealth Premier, Inc. & PruittHealth Premier of North Carolina, LLC"
North Carolina,NC,QualChoice
North Carolina,NC,Quartz
North Carolina,NC,Reserve National Insurance Company
North Carolina,NC,ResourceOne Administrators
North Carolina,NC,Rutherford Health Plan
North Carolina,NC,S & S Health
North Carolina,NC,Samaritan
North Carolina,NC,Sana Benefits
North Carolina,NC,Sanford Health Plan
North Carolina,NC,Scott & White Health Plan
North Carolina,NC,Sedgwick
North Carolina,NC,Select Administrative Services
North Carolina,NC,Self Insured Services Company
North Carolina,NC,Sentara Health Plans
North Carolina,NC,Sentry Insurance
North Carolina,NC,SIHO
North Carolina,NC,SILAC
North Carolina,NC,SIX DEGREES HEALTH
North Carolina,NC,SmartHealth
North Carolina,NC,SMS National
North Carolina,NC,Sound Health and Wellness
North Carolina,NC,South Central Preferred
North Carolina,NC,Starmark
North Carolina,NC,State Retirement System
North Carolina,NC,Teal Premier
North Carolina,NC,The American Worker
North Carolina,NC,The American Worker (f.k.a Century Healthcare)
North Carolina,NC,The Empire Plan
North Carolina,NC,The Health Plan
North Carolina,NC,Tricare
North Carolina,NC,TriCare – East Region
North Carolina,NC,Tricare East
North Carolina,NC,Tricare Overseas
North Carolina,NC,Trillium Health Resources
North Carolina,NC,Trilogy
North Carolina,NC,TRPN
North Carolina,NC,Trustmark
North Carolina,NC,Tufts Health Plan
North Carolina,NC,Ucare
North Carolina,NC,UHC ALL SAVERS
North Carolina,NC,UHC SHARED SERVICES
North Carolina,NC,UHC STUDENT RESOURCES
North Carolina,NC,UHC SUREST
North Carolina,NC,UHIS
North Carolina,NC,UMR
North Carolina,NC,UMWA Health & Retirement Funds
North Carolina,NC,Unicare
North Carolina,NC,United
North Carolina,NC,United Healthcare
North Carolina,NC,United Healthcare  Commercial and Medicare
North Carolina,NC,United Healthcare All Savers
North Carolina,NC,United Healthcare Medicaid
North Carolina,NC,United Healthcare Shared Services
North Carolina,NC,United Healthcare StudentResources
North Carolina,NC,United Student Resources
North Carolina,NC,UPMC
North Carolina,NC,US Family Health Plan
North Carolina,NC,USA MANAGED CARE ORGANIZATIONS
North Carolina,NC,Valenz
North Carolina,NC,Valenz f.k.a United Claim Solutions (PPO Network)
North Carolina,NC,Vaya Health
North Carolina,NC,Vaya Heath
North Carolina,NC,WebTPA
North Carolina,NC,Wellcare
North Carolina,NC,WellFirst Health
North Carolina,NC,WellMed
North Carolina,NC,World Trade Center
North Carolina,NC,Zelis
North Carolina,NC,ZENITH ADMIN
Ohio,OH, Aetna Better Health
Ohio,OH,A&S Financial
Ohio,OH,Access Health Services - TPA
Ohio,OH,ACMS/EBMC
Ohio,OH,Aetna
Ohio,OH,Aetna Atlantic Health
Ohio,OH,Aetna National
Ohio,OH,Affinity
Ohio,OH,All Savers Health Plans
Ohio,OH,Allegiance
Ohio,OH,Alliant Health
Ohio,OH,Allied Health Benefits
Ohio,OH,AllWays Health Partners
Ohio,OH,Allwell Buckeye Health Plan
Ohio,OH,Alternative Insurance Resources
Ohio,OH,Ambetter 
Ohio,OH,AmBetter Commercial
Ohio,OH,AmeriBen
Ohio,OH,America's Choice Provider Network
Ohio,OH,American Health Holding
Ohio,OH,American Healthcare Alliance
Ohio,OH,American PPO
Ohio,OH,American Trust Administrators
Ohio,OH,AmeriHealth
Ohio,OH,AmeriHealth Caritas of Ohio
Ohio,OH,Ametros
Ohio,OH,"AMN, RAN, and/or HMN"
Ohio,OH,Amtrust Group America
Ohio,OH,Ancillary Care Services
Ohio,OH,Anthem BCBCS
Ohio,OH,Anthem BCBS
Ohio,OH,Anthem BCBS OH
Ohio,OH,Anthem BCBS OH - Medicaid
Ohio,OH,Anthem Blue Cross Blue Shield
Ohio,OH,Anthem Medicaid
Ohio,OH,Arcbest Corporation
Ohio,OH,ASURIS
Ohio,OH,Atrio Health Plans
Ohio,OH,Aultcare
Ohio,OH,Badger Care
Ohio,OH,BCE Emergis
Ohio,OH,BCMH
Ohio,OH,Beacon Health
Ohio,OH,Beech Street
Ohio,OH,Benefit Assistance Corp
Ohio,OH,Blue Benefit Administrators
Ohio,OH,Blue Cross Blue Shield
Ohio,OH,Bluegrass Family Health
Ohio,OH,BMI Benefits LLC
Ohio,OH,Boulder Admin
Ohio,OH,BRDIDGESTONE
Ohio,OH,Bridgestone/Firestone
Ohio,OH,Bright Health
Ohio,OH,Buckeye Community Health Plan
Ohio,OH,Buckeye Health Plan
Ohio,OH,CareFirst BCBS
Ohio,OH,CareFirst BlueCross BlueShield
Ohio,OH,Careington International
Ohio,OH,Caresource
Ohio,OH,CareSource OH Commercial Exchange
Ohio,OH,CareSource OH Medicaid
Ohio,OH,CAREVALENT GILSBAR
Ohio,OH,Cedar Valley Community Healthcare
Ohio,OH,Cedar Valley Hospice - Transportation
Ohio,OH,Centene 
Ohio,OH,Central Benefits
Ohio,OH,Century Health Solutions
Ohio,OH,Cerner Health Plan
Ohio,OH,CHAMP VA
Ohio,OH,Chesterfield Resources
Ohio,OH,CHN Solutions
Ohio,OH,Choice Care Network
Ohio,OH,Cigna
Ohio,OH,ClearPrice Networks
Ohio,OH,Cleveland Health Network Managed Care Organization
Ohio,OH,Clinix
Ohio,OH,CMN Inc. Global
Ohio,OH,Coastal Care Services
Ohio,OH,Cofinity Health Benefits
Ohio,OH,Common Ground Health Care
Ohio,OH,Commonwealth Care Alliance
Ohio,OH,"CommuniCare Advantage IN, MD, OH"
Ohio,OH,CommuniCare Advantage OH
Ohio,OH,Community Care
Ohio,OH,Community Health Options
Ohio,OH,Compass Rose Health Plan
Ohio,OH,CompDME
Ohio,OH,Connecticare
Ohio,OH,CONSOCIATE CARE
Ohio,OH,Continental Benefits
Ohio,OH,Cook County Health Plan
Ohio,OH,CoreSource
Ohio,OH,Coventry Health Care
Ohio,OH,CuraeChoice
Ohio,OH,Delta Health Systems
Ohio,OH,Deseret Mutual Benefit Administrators
Ohio,OH,Eagle Health Plan
Ohio,OH,EBMS
Ohio,OH,EBPA
Ohio,OH,Emblem Health
Ohio,OH,Employers Health Network
Ohio,OH,Essence Healthcare
Ohio,OH,Exceedent
Ohio,OH,Fidelis Care
Ohio,OH,First Choice Health
Ohio,OH,Friday Health Plan
Ohio,OH,FrontPath Health Coalition
Ohio,OH,Galaxy Health Network
Ohio,OH,Gateway Health
Ohio,OH,GEHA
Ohio,OH,Geisinger
Ohio,OH,Gilsbar
Ohio,OH,global excel management 
Ohio,OH,group health benefits
Ohio,OH,Group Health Eau Claire
Ohio,OH,Harbor Health Plan
Ohio,OH,Harvard Pilgrim
Ohio,OH,Health Care Partners
Ohio,OH,Health Design Plus
Ohio,OH,health eos
Ohio,OH,Health EZ
Ohio,OH,Health New England
Ohio,OH,Health Options
Ohio,OH,Health Partners
Ohio,OH,Health Payment Systems
Ohio,OH,Health Payors Organization
Ohio,OH,Health Plan of the Upper Ohio Valley
Ohio,OH,Health Plan Services
Ohio,OH,Health Plans Inc
Ohio,OH,Health Scope
Ohio,OH,Health Service Review
Ohio,OH,Health Smart
Ohio,OH,HealthComp
Ohio,OH,Healthcomp TPA
Ohio,OH,Healthgram
Ohio,OH,HealthLink
Ohio,OH,HealthSmart
Ohio,OH,"HealthSmart Preferred Care II, LP"
Ohio,OH,HFN
Ohio,OH,highlands
Ohio,OH,Highmark BlueCross BlueShield
Ohio,OH,Home Care Alliance of Virginia (HCAV)
Ohio,OH,Homelink
Ohio,OH,Hudson Health Plan
Ohio,OH,Humana
Ohio,OH,Humana Healthy Horizons in Ohio
Ohio,OH,Imagine 394
Ohio,OH,"immergrun, inc."
Ohio,OH,Independence BCBS
Ohio,OH,Independent Health
Ohio,OH,Independent Medical Systems
Ohio,OH,indequest
Ohio,OH,Insurance Management Services
Ohio,OH,Integra
Ohio,OH,Integrated Home Care Services - IHCS
Ohio,OH,INTotal Health
Ohio,OH,IPMG
Ohio,OH,J.P. Farley Corporation
Ohio,OH,Key Benefit Administrators
Ohio,OH,Keystone First
Ohio,OH,Klais Health Network
Ohio,OH,lakes area community healthplan
Ohio,OH,Lasso Healthcare
Ohio,OH,Longevity Health Plan
Ohio,OH,Lucent Health
Ohio,OH,Luminare
Ohio,OH,Magellan
Ohio,OH,Magnacare
Ohio,OH,Mail Handlers
Ohio,OH,"Managed Care, Inc dba Galaxy Health Network"
Ohio,OH,Martin's Point
Ohio,OH,maxor provider network
Ohio,OH,mcm maxcare ppo
Ohio,OH,MDWise Healthy Indiana Plan
Ohio,OH,MedBen
Ohio,OH,Medcorp Southwest Inc
Ohio,OH,MedCost
Ohio,OH,Medi-Share
Ohio,OH,Medica
Ohio,OH,Medicaid
Ohio,OH,Medicaid
Ohio,OH,Medicaid of Ohio
Ohio,OH,Medical Benefits
Ohio,OH,"Medical Cost Containment Professionals, LLC (MCCP)"
Ohio,OH,Medical Mutual
Ohio,OH,medical resource
Ohio,OH,Medicare
Ohio,OH,MediGold
Ohio,OH,Mercy Health Plan
Ohio,OH,Meridian Health Plan
Ohio,OH,Meritain Health
Ohio,OH,Methodist First Choice
Ohio,OH,MetroPlus
Ohio,OH,Midlands Choice
Ohio,OH,Midwest Health
Ohio,OH,MissionPoint
Ohio,OH,Moda Health
Ohio,OH,Molina
Ohio,OH,Molina Healthcare of Ohio Medicaid
Ohio,OH,Mountain Health CO-OP
Ohio,OH,Multiplan-PHCS
Ohio,OH,Mutual Assurance Administrators
Ohio,OH,National Association of Letter Carriers
Ohio,OH,National Elevator Industry Health Benefits
Ohio,OH,Network Preferred - Physician Hospital Alliance
Ohio,OH,North American Benefits
Ohio,OH,NYSHIP
Ohio,OH,Ohio Bureau of Workers Compensation
Ohio,OH,Ohio Health Choice
Ohio,OH,Ohio Health Group
Ohio,OH,Ohio Healthy
Ohio,OH,Ohio Preferred Network
Ohio,OH,One Homecare Solutions
Ohio,OH,Onecall
Ohio,OH,Optum
Ohio,OH,Oscar
Ohio,OH,Oscar OH-Commercial
Ohio,OH,OSU - The Ohio State University Health Plan
Ohio,OH,OSU PRIME CARE ADVANTAGE
Ohio,OH,Other
Ohio,OH,OWCA
Ohio,OH,Oxford Health Plans
Ohio,OH,Pacific Source Health Plans
Ohio,OH,Paradigm
Ohio,OH,Paramount
Ohio,OH,Paramount Advantage - OH
Ohio,OH,Parkland Community Health
Ohio,OH,Parkview Signature Care
Ohio,OH,Parkview Total Health - Parkview Signature Care PPO Network
Ohio,OH,Performance Health
Ohio,OH,Piedmont Healthcare
Ohio,OH,Pinnacle Assurance
Ohio,OH,Porter County Government Employee Benefits
Ohio,OH,PPO Plus
Ohio,OH,Prairie States
Ohio,OH,Preferred Health Professionals
Ohio,OH,Preferred Medical Network
Ohio,OH,Preferred One
Ohio,OH,Presbyterian Health Plan 
Ohio,OH,Prime Net
Ohio,OH,Priority Health
Ohio,OH,PROVIDENCE HEALTH
Ohio,OH,Provider Network of America
Ohio,OH,QualChoice
Ohio,OH,Quality Care Partners
Ohio,OH,Quantum/Community Coordinated Healthcare
Ohio,OH,Quartz
Ohio,OH,Qubic
Ohio,OH,Reserve National Insurance Company
Ohio,OH,ResourceOne Administrators
Ohio,OH,S & S Health
Ohio,OH,Samaritan
Ohio,OH,Sana Benefits
Ohio,OH,Sanford Health Plan
Ohio,OH,Scott & White Health Plan
Ohio,OH,Sedgwick
Ohio,OH,Select Administrative Services
Ohio,OH,Self Insured Services Company
Ohio,OH,Self-funded Plans
Ohio,OH,Sentara Health Plans
Ohio,OH,Sentry Insurance
Ohio,OH,Sheakley Unicomp
Ohio,OH,SIHO
Ohio,OH,SIX DEGREES HEALTH
Ohio,OH,SmartHealth
Ohio,OH,SMS National
Ohio,OH,Sound Health and Wellness
Ohio,OH,South Central Preferred
Ohio,OH,Starmark
Ohio,OH,SummaCare
Ohio,OH,The American Worker
Ohio,OH,The American Worker (f.k.a Century Healthcare)
Ohio,OH,The Empire Plan
Ohio,OH,The Health Plan
Ohio,OH,Tricare
Ohio,OH,TriCare – East Region
Ohio,OH,Tricare East
Ohio,OH,Tricare Overseas
Ohio,OH,Trilogy
Ohio,OH,TRPN
Ohio,OH,Trustmark
Ohio,OH,Tufts Health Plan
Ohio,OH,Ucare
Ohio,OH,UHC ALL SAVERS
Ohio,OH,UHC SHARED SERVICES
Ohio,OH,UHC STUDENT RESOURCES
Ohio,OH,UHC SUREST
Ohio,OH,UHIS
Ohio,OH,UMR
Ohio,OH,UMWA Health & Retirement Funds
Ohio,OH,Unicare
Ohio,OH,United
Ohio,OH,United Healthcare
Ohio,OH,United Healthcare  Commercial and Medicare
Ohio,OH,United Healthcare All Savers
Ohio,OH,United Healthcare Community Plan of Ohio
Ohio,OH,United Healthcare Medicaid
Ohio,OH,United Healthcare Shared Services
Ohio,OH,United Healthcare StudentResources
Ohio,OH,United Student Resources
Ohio,OH,UnitedHealthcare Community Plan
Ohio,OH,UPMC
Ohio,OH,US Family Health Plan
Ohio,OH,USA MANAGED CARE ORGANIZATIONS
Ohio,OH,Valenz
Ohio,OH,Valenz f.k.a United Claim Solutions (PPO Network)
Ohio,OH,ValuePoint
Ohio,OH,WEB HEALTH SOLUTIONS
Ohio,OH,WebTPA
Ohio,OH,Wellcare
Ohio,OH,WellFirst Health
Ohio,OH,WellMed
Ohio,OH,Western & Southern Financial Group
Ohio,OH,World Trade Center
Ohio,OH,Zelis
Ohio,OH,ZENITH ADMIN
Pennsylvania,PA,A&S Financial
Pennsylvania,PA,Access Health Services - TPA
Pennsylvania,PA,Aetna
Pennsylvania,PA,Aetna Atlantic Health
Pennsylvania,PA,Aetna Better Health of Pennsylvania
Pennsylvania,PA,Aetna National
Pennsylvania,PA,Affinity
Pennsylvania,PA,All Savers Health Plans
Pennsylvania,PA,Allegeant
Pennsylvania,PA,Allegiance
Pennsylvania,PA,Alliant Health
Pennsylvania,PA,Allied Health Benefits
Pennsylvania,PA,AllWays Health Partners
Pennsylvania,PA,Alternative Insurance Resources
Pennsylvania,PA,Ambetter 
Pennsylvania,PA,AmBetter Commercial
Pennsylvania,PA,AmeriBen
Pennsylvania,PA,America's Choice Provider Network
Pennsylvania,PA,American Healthcare Alliance
Pennsylvania,PA,American PPO
Pennsylvania,PA,AmeriGroup
Pennsylvania,PA,AmeriHealth
Pennsylvania,PA,Ametros
Pennsylvania,PA,Ancillary Care Services
Pennsylvania,PA,Anthem BCBCS
Pennsylvania,PA,Anthem BCBS
Pennsylvania,PA,Anthem Blue Cross Blue Shield
Pennsylvania,PA,Anthem Medicaid
Pennsylvania,PA,Arcbest Corporation
Pennsylvania,PA,ASURIS
Pennsylvania,PA,Atrio Health Plans
Pennsylvania,PA,Badger Care
Pennsylvania,PA,BCE Emergis
Pennsylvania,PA,Beacon Health
Pennsylvania,PA,Beech Street
Pennsylvania,PA,Benefit Assistance Corp
Pennsylvania,PA,Berkshire Health Partners
Pennsylvania,PA,Blue Benefit Administrators
Pennsylvania,PA,Blue Cross Blue Shield
Pennsylvania,PA,Blue Ridge Health
Pennsylvania,PA,Bluegrass Family Health
Pennsylvania,PA,BMI Benefits LLC
Pennsylvania,PA,Boulder Admin
Pennsylvania,PA,Buckeye Community Health Plan
Pennsylvania,PA,Capital Blue Cross
Pennsylvania,PA,Capital Blue Cross of Pennsylvania
Pennsylvania,PA,CareFirst Administrators
Pennsylvania,PA,CareFirst BCBS
Pennsylvania,PA,Careington International
Pennsylvania,PA,Caresource
Pennsylvania,PA,CAREVALENT GILSBAR
Pennsylvania,PA,Carpenters Health & Welfare Fund
Pennsylvania,PA,Cedar Valley Community Healthcare
Pennsylvania,PA,Cedar Valley Hospice - Transportation
Pennsylvania,PA,Centene 
Pennsylvania,PA,Century Health Solutions
Pennsylvania,PA,Cerner Health Plan
Pennsylvania,PA,CHAMP VA
Pennsylvania,PA,CHN Solutions
Pennsylvania,PA,Choice Care Network
Pennsylvania,PA,Cigna
Pennsylvania,PA,Cigna Medicare of PA (Mid Atlantic Region) - Medicare Plans Only
Pennsylvania,PA,Clear Care PPO
Pennsylvania,PA,Clear Spring Health HMO
Pennsylvania,PA,ClearPrice Networks
Pennsylvania,PA,Clover Health
Pennsylvania,PA,CMN Inc. Global
Pennsylvania,PA,Coastal Care Services
Pennsylvania,PA,Cofinity Health Benefits
Pennsylvania,PA,Common Ground Health Care
Pennsylvania,PA,Commonwealth Care Alliance
Pennsylvania,PA,Community Care
Pennsylvania,PA,Community Health Choice
Pennsylvania,PA,Community Health Options
Pennsylvania,PA,Compass Rose Health Plan
Pennsylvania,PA,CompDME
Pennsylvania,PA,Connecticare
Pennsylvania,PA,CONSOCIATE CARE
Pennsylvania,PA,Continental Benefits
Pennsylvania,PA,Cook County Health Plan
Pennsylvania,PA,CoreSource
Pennsylvania,PA,Coventry Health Care
Pennsylvania,PA,CuraeChoice
Pennsylvania,PA,Delta Health Systems
Pennsylvania,PA,Deseret Mutual Benefit Administrators
Pennsylvania,PA,Devon Health Services
Pennsylvania,PA,DMEnsions
Pennsylvania,PA,Eagle Health Plan
Pennsylvania,PA,EBMS
Pennsylvania,PA,EBPA
Pennsylvania,PA,Emblem Health
Pennsylvania,PA,Employer's Choice Network (ECN)
Pennsylvania,PA,Employers Health Network
Pennsylvania,PA,Exceedent
Pennsylvania,PA,Excellus BlueCross BlueShield
Pennsylvania,PA,Fidelis Care
Pennsylvania,PA,First Choice Health
Pennsylvania,PA,First MCO Pennsylvania
Pennsylvania,PA,Friday Health Plan
Pennsylvania,PA,FutureScripts
Pennsylvania,PA,Galaxy Health Network
Pennsylvania,PA,Gateway Health
Pennsylvania,PA,Gateway Health Plan
Pennsylvania,PA,GEHA
Pennsylvania,PA,Geisinger
Pennsylvania,PA,Geisinger Health Plan
Pennsylvania,PA,Gilsbar
Pennsylvania,PA,global excel management 
Pennsylvania,PA,group health benefits
Pennsylvania,PA,Group Health Eau Claire
Pennsylvania,PA,Harbor Health Plan
Pennsylvania,PA,Harvard Pilgrim
Pennsylvania,PA,Health Care Partners
Pennsylvania,PA,health eos
Pennsylvania,PA,Health EZ
Pennsylvania,PA,Health New England
Pennsylvania,PA,Health Options
Pennsylvania,PA,Health Partners
Pennsylvania,PA,Health Payment Systems
Pennsylvania,PA,Health Plan Services
Pennsylvania,PA,Health Plans Inc
Pennsylvania,PA,Health Scope
Pennsylvania,PA,Health Smart
Pennsylvania,PA,HealthAmerica
Pennsylvania,PA,HealthComp
Pennsylvania,PA,Healthcomp TPA
Pennsylvania,PA,Healthgram
Pennsylvania,PA,HealthLink
Pennsylvania,PA,HealthSmart
Pennsylvania,PA,"HealthSmart Preferred Care II, LP"
Pennsylvania,PA,HFN
Pennsylvania,PA,highlands
Pennsylvania,PA,Highmark BCBS
Pennsylvania,PA,Highmark BlueCross BlueShield
Pennsylvania,PA,Highmark Health
Pennsylvania,PA,Highmark Wholecare/Gateway Health Plans
Pennsylvania,PA,Home Care Alliance of Virginia (HCAV)
Pennsylvania,PA,Homelink
Pennsylvania,PA,Hudson Health Plan
Pennsylvania,PA,Humana
Pennsylvania,PA,Imagine 397
Pennsylvania,PA,"immergrun, inc."
Pennsylvania,PA,Independence BCBS
Pennsylvania,PA,Independence Bluecross
Pennsylvania,PA,Independent Health
Pennsylvania,PA,Independent Medical Systems
Pennsylvania,PA,indequest
Pennsylvania,PA,Inservco
Pennsylvania,PA,Insurance Management Services
Pennsylvania,PA,Integra
Pennsylvania,PA,Intergroup Services
Pennsylvania,PA,INTotal Health
Pennsylvania,PA,IPMG
Pennsylvania,PA,J.P. Farley Corporation
Pennsylvania,PA,Jai Medical Center
Pennsylvania,PA,Jefferson Health Plans PA - Medicaid
Pennsylvania,PA,Key Benefit Administrators
Pennsylvania,PA,Keystone 65 Focus Medicare Advantage HMO
Pennsylvania,PA,Keystone East
Pennsylvania,PA,Keystone First
Pennsylvania,PA,Keystone Health
Pennsylvania,PA,lakes area community healthplan
Pennsylvania,PA,Lasso Healthcare
Pennsylvania,PA,Loomis
Pennsylvania,PA,Lucent Health
Pennsylvania,PA,Luminare
Pennsylvania,PA,Magellan
Pennsylvania,PA,Magnacare
Pennsylvania,PA,Mail Handlers
Pennsylvania,PA,"Managed Care, Inc dba Galaxy Health Network"
Pennsylvania,PA,Martin's Point
Pennsylvania,PA,maxor provider network
Pennsylvania,PA,"MCA Adminsitrators, Inc., Managed Care of America, Inc., CARE Network"
Pennsylvania,PA,mcm maxcare ppo
Pennsylvania,PA,Medcorp Southwest Inc
Pennsylvania,PA,MedCost
Pennsylvania,PA,Medi-Share
Pennsylvania,PA,Medica
Pennsylvania,PA,Medicaid
Pennsylvania,PA,Medicaid of Pennsylvania
Pennsylvania,PA,"Medical Cost Containment Professionals, LLC (MCCP)"
Pennsylvania,PA,medical resource
Pennsylvania,PA,Medicare
Pennsylvania,PA,MedStar Family Choice
Pennsylvania,PA,Medstar Select 
Pennsylvania,PA,Meridian Health Plan
Pennsylvania,PA,Meritain Health
Pennsylvania,PA,Methodist First Choice
Pennsylvania,PA,MetroPlus
Pennsylvania,PA,Midlands Choice
Pennsylvania,PA,Midwest Health
Pennsylvania,PA,MissionPoint
Pennsylvania,PA,Moda Health
Pennsylvania,PA,Molina
Pennsylvania,PA,Mountain Health CO-OP
Pennsylvania,PA,Multiplan-PHCS
Pennsylvania,PA,Mutual Assurance Administrators
Pennsylvania,PA,National Association of Letter Carriers
Pennsylvania,PA,National Elevator Industry Health Benefits
Pennsylvania,PA,NYSHIP
Pennsylvania,PA,One Homecare Solutions
Pennsylvania,PA,Onecall
Pennsylvania,PA,Optum
Pennsylvania,PA,Oscar
Pennsylvania,PA,Oscar PA-Commercial
Pennsylvania,PA,Other
Pennsylvania,PA,OWCA
Pennsylvania,PA,Oxford Health Plans
Pennsylvania,PA,PA Employee Benefit Dimensions
Pennsylvania,PA,PA Health and Wellness
Pennsylvania,PA,Pacific Source Health Plans
Pennsylvania,PA,Paradigm
Pennsylvania,PA,Paramount
Pennsylvania,PA,Penn Highlands Health Plan
Pennsylvania,PA,Pennsylvania Health and Wellness
Pennsylvania,PA,Pennsylvania Medicaid
Pennsylvania,PA,Pennsylvania's Preferred Health Networks
Pennsylvania,PA,Performance Health
Pennsylvania,PA,Piedmont Healthcare
Pennsylvania,PA,Pinnacle Assurance
Pennsylvania,PA,Porter County Government Employee Benefits
Pennsylvania,PA,PPHN
Pennsylvania,PA,PPO Plus
Pennsylvania,PA,Prairie States
Pennsylvania,PA,Preferred Health Professionals
Pennsylvania,PA,Preferred Medical Network
Pennsylvania,PA,Preferred One
Pennsylvania,PA,Presbyterian Health Plan 
Pennsylvania,PA,Primesource
Pennsylvania,PA,Priority Health
Pennsylvania,PA,PROVIDENCE HEALTH
Pennsylvania,PA,Provider Network of America
Pennsylvania,PA,QualChoice
Pennsylvania,PA,Quartz
Pennsylvania,PA,Reserve National Insurance Company
Pennsylvania,PA,ResourceOne Administrators
Pennsylvania,PA,S & S Health
Pennsylvania,PA,Samaritan
Pennsylvania,PA,Sana Benefits
Pennsylvania,PA,Sanford Health Plan
Pennsylvania,PA,Scott & White Health Plan
Pennsylvania,PA,Sedgwick
Pennsylvania,PA,Select Administrative Services
Pennsylvania,PA,SelectCare Access Corporation
Pennsylvania,PA,SelectCare/Managed Care America
Pennsylvania,PA,Self Insured Services Company
Pennsylvania,PA,Sentara Health Plans
Pennsylvania,PA,Sentry Insurance
Pennsylvania,PA,Significa
Pennsylvania,PA,SIHO
Pennsylvania,PA,SIX DEGREES HEALTH
Pennsylvania,PA,SmartHealth
Pennsylvania,PA,SMS National
Pennsylvania,PA,Sound Health and Wellness
Pennsylvania,PA,South Central Preferred
Pennsylvania,PA,Starmark
Pennsylvania,PA,The American Worker
Pennsylvania,PA,The American Worker (f.k.a Century Healthcare)
Pennsylvania,PA,The Health Plan
Pennsylvania,PA,Together with CCHP
Pennsylvania,PA,Tricare
Pennsylvania,PA,TriCare – East Region
Pennsylvania,PA,Tricare East
Pennsylvania,PA,Tricare Overseas
Pennsylvania,PA,Trilogy
Pennsylvania,PA,TRPN
Pennsylvania,PA,Trustmark
Pennsylvania,PA,Tufts Health Plan
Pennsylvania,PA,Ucare
Pennsylvania,PA,UHC ALL SAVERS
Pennsylvania,PA,UHC SHARED SERVICES
Pennsylvania,PA,UHC STUDENT RESOURCES
Pennsylvania,PA,UHC SUREST
Pennsylvania,PA,UHIS
Pennsylvania,PA,UMR
Pennsylvania,PA,UMWA Health & Retirement Funds
Pennsylvania,PA,Unicare
Pennsylvania,PA,United
Pennsylvania,PA,United Healthcare
Pennsylvania,PA,United Healthcare  Commercial and Medicare
Pennsylvania,PA,United Healthcare All Savers
Pennsylvania,PA,United Healthcare Medicaid
Pennsylvania,PA,United Healthcare Shared Services
Pennsylvania,PA,United Healthcare StudentResources
Pennsylvania,PA,United Student Resources
Pennsylvania,PA,UnitedHealthcare Community Plan
Pennsylvania,PA,UPMC
Pennsylvania,PA,US Family Health Plan
Pennsylvania,PA,USA MANAGED CARE ORGANIZATIONS
Pennsylvania,PA,USW Retirees of Dana
Pennsylvania,PA,Valenz
Pennsylvania,PA,Valenz f.k.a United Claim Solutions (PPO Network)
Pennsylvania,PA,Vantage Health Plan
Pennsylvania,PA,WebTPA
Pennsylvania,PA,Wellcare
Pennsylvania,PA,WellFirst Health
Pennsylvania,PA,WellMed
Pennsylvania,PA,World Trade Center
Pennsylvania,PA,Zelis
Pennsylvania,PA,ZENITH ADMIN
South Carolina,SC,A&S Financial
South Carolina,SC,Absolute Total Care
South Carolina,SC,Access Health Services - TPA
South Carolina,SC,Aetna
South Carolina,SC,Aetna Atlantic Health
South Carolina,SC,Aetna National
South Carolina,SC,Affinity
South Carolina,SC,All Savers Health Plans
South Carolina,SC,Allegiance
South Carolina,SC,Alliant Health
South Carolina,SC,Allied Health Benefits
South Carolina,SC,AllWays Health Partners
South Carolina,SC,Allwell of Absolute Total Care
South Carolina,SC,Alternative Insurance Resources
South Carolina,SC,Ambetter 
South Carolina,SC,AmBetter Commercial
South Carolina,SC,Ambetter of Absolute Total Care
South Carolina,SC,AmeriBen
South Carolina,SC,America's Choice Provider Network
South Carolina,SC,American Healthcare Alliance
South Carolina,SC,American PPO
South Carolina,SC,AmeriGroup
South Carolina,SC,Amerigroup- Wellpoint
South Carolina,SC,AmeriHealth
South Carolina,SC,Ametros
South Carolina,SC,Ancillary Care Services
South Carolina,SC,Anthem BCBCS
South Carolina,SC,Anthem BCBS
South Carolina,SC,Anthem Blue Cross Blue Shield
South Carolina,SC,Anthem Medicaid
South Carolina,SC,Arcbest Corporation
South Carolina,SC,ASURIS
South Carolina,SC,Atrio Health Plans
South Carolina,SC,AXA Equitable
South Carolina,SC,Badger Care
South Carolina,SC,BCBS Medicaid
South Carolina,SC,BCE Emergis
South Carolina,SC,Beacon Health
South Carolina,SC,Beech Street
South Carolina,SC,Benefit Assistance Corp
South Carolina,SC,Blue Benefit Administrators
South Carolina,SC,Blue Cross Blue Shield
South Carolina,SC,Blue Cross Blue Shield of South Carolina - Blue Essential Network (HIX)
South Carolina,SC,BlueCross BlueShield of South Carolina
South Carolina,SC,Bluegrass Family Health
South Carolina,SC,BMI Benefits LLC
South Carolina,SC,Boulder Admin
South Carolina,SC,Bright Health
South Carolina,SC,Buckeye Community Health Plan
South Carolina,SC,CareFirst BCBS
South Carolina,SC,Careington International
South Carolina,SC,Caresource
South Carolina,SC,CAREVALENT GILSBAR
South Carolina,SC,Cedar Valley Community Healthcare
South Carolina,SC,Cedar Valley Hospice - Transportation
South Carolina,SC,Centene 
South Carolina,SC,Century Health Solutions
South Carolina,SC,Cerner Health Plan
South Carolina,SC,CHAMP VA
South Carolina,SC,CHN Solutions
South Carolina,SC,Choice Care Network
South Carolina,SC,Cigna
South Carolina,SC,Cigna Medicare of South Carolina
South Carolina,SC,Clear Spring Health
South Carolina,SC,ClearPrice Networks
South Carolina,SC,Clover Health
South Carolina,SC,CMN Inc. Global
South Carolina,SC,Coastal Care Services
South Carolina,SC,Cofinity Health Benefits
South Carolina,SC,Common Ground Health Care
South Carolina,SC,Commonwealth Care Alliance
South Carolina,SC,Community Care
South Carolina,SC,Community Health Options
South Carolina,SC,Compass Rose Health Plan
South Carolina,SC,CompDME
South Carolina,SC,Connecticare
South Carolina,SC,CONSOCIATE CARE
South Carolina,SC,Continental Benefits
South Carolina,SC,Cook County Health Plan
South Carolina,SC,CoreSource
South Carolina,SC,Coventry Health Care
South Carolina,SC,CuraeChoice
South Carolina,SC,CYSHCN SC
South Carolina,SC,Delta Health Systems
South Carolina,SC,Deseret Mutual Benefit Administrators
South Carolina,SC,Eagle Health Plan
South Carolina,SC,EBMS
South Carolina,SC,EBPA
South Carolina,SC,Emblem Health
South Carolina,SC,Employer's Choice Network (ECN)
South Carolina,SC,Employers Health Network
South Carolina,SC,Eon Health Plan
South Carolina,SC,Exceedent
South Carolina,SC,Excellus BlueCross BlueShield
South Carolina,SC,Fidelis Care
South Carolina,SC,First Choice by Select Health
South Carolina,SC,First Choice Health
South Carolina,SC,Firsth Choice by Select Health
South Carolina,SC,Friday Health Plan
South Carolina,SC,Galaxy Health Network
South Carolina,SC,Gateway Health
South Carolina,SC,GEHA
South Carolina,SC,Geisinger
South Carolina,SC,Gilsbar
South Carolina,SC,global excel management 
South Carolina,SC,group health benefits
South Carolina,SC,Group Health Eau Claire
South Carolina,SC,Harbor Health Plan
South Carolina,SC,Harvard Pilgrim
South Carolina,SC,Health Care Partners
South Carolina,SC,health eos
South Carolina,SC,Health EZ
South Carolina,SC,Health New England
South Carolina,SC,Health Options
South Carolina,SC,Health Partners
South Carolina,SC,Health Payment Systems
South Carolina,SC,Health Plan Services
South Carolina,SC,Health Plans Inc
South Carolina,SC,Health Scope
South Carolina,SC,Health Smart
South Carolina,SC,HealthComp
South Carolina,SC,Healthcomp TPA
South Carolina,SC,Healthgram
South Carolina,SC,HealthLink
South Carolina,SC,HealthSmart
South Carolina,SC,"HealthSmart Preferred Care II, LP"
South Carolina,SC,HFN
South Carolina,SC,highlands
South Carolina,SC,Highmark BlueCross BlueShield
South Carolina,SC,Homelink
South Carolina,SC,Hudson Health Plan
South Carolina,SC,Humana
South Carolina,SC,Imagine 399
South Carolina,SC,"immergrun, inc."
South Carolina,SC,Independence BCBS
South Carolina,SC,Independent Health
South Carolina,SC,Independent Medical Systems
South Carolina,SC,indequest
South Carolina,SC,Insurance Management Services
South Carolina,SC,Integra
South Carolina,SC,INTotal Health
South Carolina,SC,IPMG
South Carolina,SC,J.P. Farley Corporation
South Carolina,SC,Key Benefit Administrators
South Carolina,SC,Keystone First
South Carolina,SC,lakes area community healthplan
South Carolina,SC,Lasso Healthcare
South Carolina,SC,Lucent Health
South Carolina,SC,Magellan
South Carolina,SC,Magnacare
South Carolina,SC,Mail Handlers
South Carolina,SC,Manage Med
South Carolina,SC,"Managed Care, Inc dba Galaxy Health Network"
South Carolina,SC,Martin's Point
South Carolina,SC,maxor provider network
South Carolina,SC,mcm maxcare ppo
South Carolina,SC,Medcorp Southwest Inc
South Carolina,SC,MedCost
South Carolina,SC,Medi-Share
South Carolina,SC,Medica
South Carolina,SC,Medicaid
South Carolina,SC,Medicaid of South Carolina - Healthy Connections
South Carolina,SC,"Medical Cost Containment Professionals, LLC (MCCP)"
South Carolina,SC,medical resource
South Carolina,SC,Medicare
South Carolina,SC,Meridian Health Plan
South Carolina,SC,Meritain Health
South Carolina,SC,Methodist First Choice
South Carolina,SC,MetroPlus
South Carolina,SC,Midlands Choice
South Carolina,SC,Midwest Health
South Carolina,SC,MissionPoint
South Carolina,SC,Moda Health
South Carolina,SC,Molina
South Carolina,SC,Mountain Health CO-OP
South Carolina,SC,Multiplan-PHCS
South Carolina,SC,Mutual Assurance Administrators
South Carolina,SC,National Association of Letter Carriers
South Carolina,SC,National Elevator Industry Health Benefits
South Carolina,SC,NYSHIP
South Carolina,SC,One Homecare Solutions
South Carolina,SC,Onecall
South Carolina,SC,Optum
South Carolina,SC,Other
South Carolina,SC,OWCA
South Carolina,SC,Oxford Health Plans
South Carolina,SC,Pacific Source Health Plans
South Carolina,SC,Paradigm
South Carolina,SC,Performance Health
South Carolina,SC,Physicians Care Network
South Carolina,SC,Piedmont Healthcare
South Carolina,SC,Pinnacle Assurance
South Carolina,SC,Porter County Government Employee Benefits
South Carolina,SC,PPO Plus
South Carolina,SC,Prairie States
South Carolina,SC,Preferred Blue PAI
South Carolina,SC,Preferred Health Professionals
South Carolina,SC,Preferred Medical Network
South Carolina,SC,Preferred One
South Carolina,SC,Premier Health
South Carolina,SC,Presbyterian Health Plan 
South Carolina,SC,Priority Health
South Carolina,SC,PROVIDENCE HEALTH
South Carolina,SC,Provider Network of America
South Carolina,SC,Pruitt Health Premier
South Carolina,SC,"PruittHealth Premier, Inc. & PruittHealth Premier of North Carolina, LLC"
South Carolina,SC,QualChoice
South Carolina,SC,Quartz
South Carolina,SC,Reserve National Insurance Company
South Carolina,SC,ResourceOne Administrators
South Carolina,SC,S & S Health
South Carolina,SC,Samaritan
South Carolina,SC,Sana Benefits
South Carolina,SC,Sanford Health Plan
South Carolina,SC,Scott & White Health Plan
South Carolina,SC,Sedgwick
South Carolina,SC,Select Administrative Services
South Carolina,SC,Select Health
South Carolina,SC,Self Insured Services Company
South Carolina,SC,Sentara Health Plans
South Carolina,SC,Sentry Insurance
South Carolina,SC,SIHO
South Carolina,SC,SIX DEGREES HEALTH
South Carolina,SC,SmartHealth
South Carolina,SC,SMS National
South Carolina,SC,Sound Health and Wellness
South Carolina,SC,South Central Preferred
South Carolina,SC,Starmark
South Carolina,SC,TCC Benefits Administrator - Thomas Cooper Company
South Carolina,SC,The American Worker
South Carolina,SC,The American Worker (f.k.a Century Healthcare)
South Carolina,SC,The Empire Plan
South Carolina,SC,The Health Plan
South Carolina,SC,Tricare
South Carolina,SC,TriCare – East Region
South Carolina,SC,Tricare East
South Carolina,SC,Tricare Overseas
South Carolina,SC,Trilogy
South Carolina,SC,TriWest Healthcare Alliance 
South Carolina,SC,TRPN
South Carolina,SC,Trustmark
South Carolina,SC,Tufts Health Plan
South Carolina,SC,Ucare
South Carolina,SC,UHC ALL SAVERS
South Carolina,SC,UHC SHARED SERVICES
South Carolina,SC,UHC STUDENT RESOURCES
South Carolina,SC,UHC SUREST
South Carolina,SC,UHIS
South Carolina,SC,UMR
South Carolina,SC,UMWA Health & Retirement Funds
South Carolina,SC,Unicare
South Carolina,SC,United
South Carolina,SC,United Healthcare
South Carolina,SC,United Healthcare  Commercial and Medicare
South Carolina,SC,United Healthcare All Savers
South Carolina,SC,United Healthcare Medicaid
South Carolina,SC,United Healthcare Shared Services
South Carolina,SC,United Student Resources
South Carolina,SC,UPMC
South Carolina,SC,US Family Health Plan
South Carolina,SC,USA MANAGED CARE ORGANIZATIONS
South Carolina,SC,Valenz
South Carolina,SC,Valenz f.k.a United Claim Solutions (PPO Network)
South Carolina,SC,WebTPA
South Carolina,SC,Wellcare
South Carolina,SC,WellFirst Health
South Carolina,SC,WellMed
South Carolina,SC,Wellpoint
South Carolina,SC,World Trade Center
South Carolina,SC,Zelis
South Carolina,SC,ZENITH ADMIN
Tennessee,TN,A&S Financial
Tennessee,TN,Access Health Services - TPA
Tennessee,TN,Aetna
Tennessee,TN,Aetna Atlantic Health
Tennessee,TN,Aetna National
Tennessee,TN,Affinity
Tennessee,TN,All Savers Health Plans
Tennessee,TN,Allegiance
Tennessee,TN,Alliant Health
Tennessee,TN,Allied Health Benefits
Tennessee,TN,AllWays Health Partners
Tennessee,TN,Alternative Insurance Resources
Tennessee,TN,Ambetter 
Tennessee,TN,AmBetter Commercial
Tennessee,TN,AmeriBen
Tennessee,TN,America's Choice Provider Network
Tennessee,TN,American Health Advantage of Tennessee
Tennessee,TN,American Health Plans
Tennessee,TN,American Healthcare Alliance
Tennessee,TN,American PPO
Tennessee,TN,AmeriGroup
Tennessee,TN,Amerigroup- Wellpoint
Tennessee,TN,AmeriHealth
Tennessee,TN,Ametros
Tennessee,TN,Ancillary Care Services
Tennessee,TN,Anthem BCBCS
Tennessee,TN,Anthem BCBS
Tennessee,TN,Anthem Blue Cross Blue Shield
Tennessee,TN,Anthem Medicaid
Tennessee,TN,Arcbest Corporation
Tennessee,TN,ASURIS
Tennessee,TN,Atrio Health Plans
Tennessee,TN,Badger Care
Tennessee,TN,Baptist Health Services Group of the Mid-South
Tennessee,TN,BCE Emergis
Tennessee,TN,Beacon Health
Tennessee,TN,Beech Street
Tennessee,TN,Benefit Assistance Corp
Tennessee,TN,Benefits Management Services
Tennessee,TN,Blue Benefit Administrators
Tennessee,TN,Blue Cross Blue Shield
Tennessee,TN,BlueCareTenncare
Tennessee,TN,BlueCross BlueShield of Tennessee
Tennessee,TN,Bluegrass Family Health
Tennessee,TN,BMI Benefits LLC
Tennessee,TN,Boulder Admin
Tennessee,TN,Bright Health
Tennessee,TN,Buckeye Community Health Plan
Tennessee,TN,CareFirst BCBS
Tennessee,TN,Careington International
Tennessee,TN,Caresource
Tennessee,TN,CAREVALENT GILSBAR
Tennessee,TN,Cedar Valley Community Healthcare
Tennessee,TN,Cedar Valley Hospice - Transportation
Tennessee,TN,Centene 
Tennessee,TN,Century Health Solutions
Tennessee,TN,Cerner Health Plan
Tennessee,TN,CHAMP VA
Tennessee,TN,CHN Solutions
Tennessee,TN,Choice Care Network
Tennessee,TN,Cigna
Tennessee,TN,Cigna HealthSpring of Arkansas/Tennessee
Tennessee,TN,ClearPrice Networks
Tennessee,TN,Clover Health
Tennessee,TN,CMN Inc. Global
Tennessee,TN,Coastal Care Services
Tennessee,TN,Cofinity Health Benefits
Tennessee,TN,Common Ground Health Care
Tennessee,TN,Commonwealth Care Alliance
Tennessee,TN,Community Care
Tennessee,TN,Community Health Options
Tennessee,TN,Community Services Network
Tennessee,TN,Compass Rose Health Plan
Tennessee,TN,CompDME
Tennessee,TN,Connecticare
Tennessee,TN,CONSOCIATE CARE
Tennessee,TN,Continental Benefits
Tennessee,TN,Cook County Health Plan
Tennessee,TN,CoreSource
Tennessee,TN,Coventry Health Care
Tennessee,TN,Coverkids
Tennessee,TN,CuraeChoice
Tennessee,TN,Delta Health Systems
Tennessee,TN,Deseret Mutual Benefit Administrators
Tennessee,TN,Eagle Health Plan
Tennessee,TN,EBMS
Tennessee,TN,EBPA
Tennessee,TN,Emblem Health
Tennessee,TN,Employer's Choice Network (ECN)
Tennessee,TN,Employers Health Network
Tennessee,TN,Exceedent
Tennessee,TN,Farm Bureau Health Plans
Tennessee,TN,Fidelis Care
Tennessee,TN,First Choice Health
Tennessee,TN,Friday Health Plan
Tennessee,TN,Galaxy Health Network
Tennessee,TN,Gateway Health
Tennessee,TN,GEHA
Tennessee,TN,Geisinger
Tennessee,TN,Gilsbar
Tennessee,TN,global excel management 
Tennessee,TN,group health benefits
Tennessee,TN,Group Health Eau Claire
Tennessee,TN,Harbor Health Plan
Tennessee,TN,Harvard Pilgrim
Tennessee,TN,Health Care Partners
Tennessee,TN,Health Choice
Tennessee,TN,health eos
Tennessee,TN,Health EZ
Tennessee,TN,Health New England
Tennessee,TN,Health Options
Tennessee,TN,Health Partners
Tennessee,TN,Health Payment Systems
Tennessee,TN,Health Plan Services
Tennessee,TN,Health Plans Inc
Tennessee,TN,Health Scope
Tennessee,TN,Health Smart
Tennessee,TN,HealthComp
Tennessee,TN,Healthcomp TPA
Tennessee,TN,Healthgram
Tennessee,TN,HealthLink
Tennessee,TN,HealthSmart
Tennessee,TN,"HealthSmart Preferred Care II, LP"
Tennessee,TN,HFN
Tennessee,TN,highlands
Tennessee,TN,Highmark BlueCross BlueShield
Tennessee,TN,Home Care Alliance of Virginia (HCAV)
Tennessee,TN,Homelink
Tennessee,TN,Hudson Health Plan
Tennessee,TN,Humana
Tennessee,TN,Imagine 401
Tennessee,TN,"immergrun, inc."
Tennessee,TN,Independence BCBS
Tennessee,TN,Independent Health
Tennessee,TN,Independent Medical Systems
Tennessee,TN,indequest
Tennessee,TN,Initial Group
Tennessee,TN,Insurance Management Services
Tennessee,TN,Integra
Tennessee,TN,INTotal Health
Tennessee,TN,IPMG
Tennessee,TN,J.P. Farley Corporation
Tennessee,TN,Key Benefit Administrators
Tennessee,TN,Keystone First
Tennessee,TN,lakes area community healthplan
Tennessee,TN,Lasso Healthcare
Tennessee,TN,Lucent Health
Tennessee,TN,Lucent Health NAA
Tennessee,TN,Magellan
Tennessee,TN,Magnacare
Tennessee,TN,Mail Handlers
Tennessee,TN,"Managed Care, Inc dba Galaxy Health Network"
Tennessee,TN,Martin's Point
Tennessee,TN,maxor provider network
Tennessee,TN,mcm maxcare ppo
Tennessee,TN,MedBen
Tennessee,TN,Medcorp Southwest Inc
Tennessee,TN,MedCost
Tennessee,TN,Medi-Share
Tennessee,TN,Medica
Tennessee,TN,Medicaid
Tennessee,TN,"Medical Cost Containment Professionals, LLC (MCCP)"
Tennessee,TN,medical resource
Tennessee,TN,Medicare
Tennessee,TN,Meridian Health Plan
Tennessee,TN,Meritain Health
Tennessee,TN,Methodist First Choice
Tennessee,TN,MetroPlus
Tennessee,TN,Midlands Choice
Tennessee,TN,Midwest Health
Tennessee,TN,MissionPoint
Tennessee,TN,Moda Health
Tennessee,TN,Molina
Tennessee,TN,Mountain Health CO-OP
Tennessee,TN,Multiplan-PHCS
Tennessee,TN,Mutual Assurance Administrators
Tennessee,TN,National Association of Letter Carriers
Tennessee,TN,National Elevator Industry Health Benefits
Tennessee,TN,NYSHIP
Tennessee,TN,One Homecare Solutions
Tennessee,TN,Onecall
Tennessee,TN,Optum
Tennessee,TN,Oscar
Tennessee,TN,Oscar TN-Commercial
Tennessee,TN,Other
Tennessee,TN,OWCA
Tennessee,TN,Oxford Health Plans
Tennessee,TN,Pacific Source Health Plans
Tennessee,TN,Paradigm
Tennessee,TN,Performance Health
Tennessee,TN,Piedmont Healthcare
Tennessee,TN,Pinnacle Assurance
Tennessee,TN,Porter County Government Employee Benefits
Tennessee,TN,PPO Plus
Tennessee,TN,Prairie States
Tennessee,TN,Preferred Health Professionals
Tennessee,TN,Preferred Medical Network
Tennessee,TN,Preferred One
Tennessee,TN,Presbyterian Health Plan 
Tennessee,TN,Prime Health
Tennessee,TN,Priority Health
Tennessee,TN,PROVIDENCE HEALTH
Tennessee,TN,Provider Network of America
Tennessee,TN,QualChoice
Tennessee,TN,Quartz
Tennessee,TN,Qubic
Tennessee,TN,Reserve National Insurance Company
Tennessee,TN,ResourceOne Administrators
Tennessee,TN,S & S Health
Tennessee,TN,Samaritan
Tennessee,TN,Sana Benefits
Tennessee,TN,Sanford Health Plan
Tennessee,TN,Scott & White Health Plan
Tennessee,TN,Sedgwick
Tennessee,TN,Select Administrative Services
Tennessee,TN,Self Insured Services Company
Tennessee,TN,Sentara Health Plans
Tennessee,TN,Sentry Insurance
Tennessee,TN,Signature Advantage
Tennessee,TN,Signature Health Alliance
Tennessee,TN,SIHO
Tennessee,TN,SIX DEGREES HEALTH
Tennessee,TN,SmartHealth
Tennessee,TN,SMS National
Tennessee,TN,Sound Health and Wellness
Tennessee,TN,South Central Preferred
Tennessee,TN,Starmark
Tennessee,TN,TennCare
Tennessee,TN,Tennessee Department of Health Children's Special Services (CSS) Program
Tennessee,TN,Tennessee Healthcare
Tennessee,TN,The American Worker
Tennessee,TN,The American Worker (f.k.a Century Healthcare)
Tennessee,TN,The Empire Plan
Tennessee,TN,The Health Plan
Tennessee,TN,Tricare
Tennessee,TN,TriCare – East Region
Tennessee,TN,Tricare East
Tennessee,TN,Tricare Overseas
Tennessee,TN,Trilogy
Tennessee,TN,TRPN
Tennessee,TN,Trustmark
Tennessee,TN,Tufts Health Plan
Tennessee,TN,Ucare
Tennessee,TN,UHC ALL SAVERS
Tennessee,TN,UHC SHARED SERVICES
Tennessee,TN,UHC STUDENT RESOURCES
Tennessee,TN,UHC SUREST
Tennessee,TN,UHIS
Tennessee,TN,UMR
Tennessee,TN,UMWA Health & Retirement Funds
Tennessee,TN,Unicare
Tennessee,TN,United
Tennessee,TN,United Healthcare
Tennessee,TN,United Healthcare  Commercial and Medicare
Tennessee,TN,United Healthcare All Savers
Tennessee,TN,United Healthcare Medicaid
Tennessee,TN,United Healthcare Shared Services
Tennessee,TN,United Healthcare StudentResources
Tennessee,TN,United Healthcare UHC Community Plan
Tennessee,TN,United Student Resources
Tennessee,TN,UnitedHealthcare Community Plan
Tennessee,TN,UPMC
Tennessee,TN,US Family Health Plan
Tennessee,TN,USA MANAGED CARE ORGANIZATIONS
Tennessee,TN,Valenz
Tennessee,TN,Valenz f.k.a United Claim Solutions (PPO Network)
Tennessee,TN,WebTPA
Tennessee,TN,Wellcare
Tennessee,TN,WellCare of Tennessee
Tennessee,TN,WellFirst Health
Tennessee,TN,WellMed
Tennessee,TN,Wellpoint
Tennessee,TN,Wellpoint of Tennessee (fka Amerigroup of Tennessee (Amerigroup Community Care)
Tennessee,TN,World Trade Center
Tennessee,TN,Zelis
Tennessee,TN,ZENITH ADMIN
Texas,TX,A&S Financial
Texas,TX,Access Health Services - TPA
Texas,TX,Aetna
Texas,TX,Aetna Atlantic Health
Texas,TX,Aetna Better Health of Texas
Texas,TX,Aetna National
Texas,TX,Affinity
Texas,TX,Alamo Risk Management
Texas,TX,All Savers Health Plans
Texas,TX,Allegiance
Texas,TX,Alliant Health
Texas,TX,Allied Health Benefits
Texas,TX,AllWays Health Partners
Texas,TX,Allwell of Superior Health Plan -
Texas,TX,Alternative Insurance Resources
Texas,TX,Alterwood Health
Texas,TX,Ambetter 
Texas,TX,AmBetter Commercial
Texas,TX,AmeriBen
Texas,TX,America's Choice Provider Network
Texas,TX,American Health Advantage of Texas
Texas,TX,"American Health Manager Services, LLC dba Georgia Health Advantage"
Texas,TX,American Health Plans
Texas,TX,American Healthcare Alliance
Texas,TX,American PPO
Texas,TX,American Retirement Life
Texas,TX,AmeriGroup
Texas,TX,Amerigroup- Wellpoint
Texas,TX,AmeriHealth
Texas,TX,Ametros
Texas,TX,AMRCS HLTH PLAN
Texas,TX,Ancillary Care Services
Texas,TX,Anthem BCBCS
Texas,TX,Anthem BCBS
Texas,TX,Anthem Blue Cross Blue Shield
Texas,TX,Anthem Medicaid
Texas,TX,Arcbest Corporation
Texas,TX,ARIA
Texas,TX,ASURIS
Texas,TX,Atrio Health Plans
Texas,TX,AUSA
Texas,TX,Badger Care
Texas,TX,BCBS Medicaid
Texas,TX,BCE Emergis
Texas,TX,Beacon Health
Texas,TX,Beech Street
Texas,TX,Benefit Assistance Corp
Texas,TX,BENEFIT PLANNER
Texas,TX,Blue Benefit Administrators
Texas,TX,Blue Cross and Blue Shield of Texas
Texas,TX,Blue Cross Blue Shield
Texas,TX,Bluegrass Family Health
Texas,TX,BMI Benefits LLC
Texas,TX,BOON CHAPMAN
Texas,TX,Boulder Admin
Texas,TX,Buckeye Community Health Plan
Texas,TX,Care Improvement Plus
Texas,TX,Care N Care
Texas,TX,CareFirst BCBS
Texas,TX,Careington International
Texas,TX,Caresource
Texas,TX,CAREVALENT GILSBAR
Texas,TX,CCN INSURANCE
Texas,TX,Cedar Valley Community Healthcare
Texas,TX,Cedar Valley Hospice - Transportation
Texas,TX,Centene 
Texas,TX,Century Health Solutions
Texas,TX,Cerner Health Plan
Texas,TX,CHAMP VA
Texas,TX,Children's Medical Center Health Plan of Dallas
Texas,TX,CHN Solutions
Texas,TX,Choice Care Network
Texas,TX,Christus Health Plan
Texas,TX,Cigna
Texas,TX,ClearPrice Networks
Texas,TX,CLNC DELCAMINO
Texas,TX,Clover Health
Texas,TX,CMN Inc. Global
Texas,TX,Coastal Care Services
Texas,TX,Cofinity Health Benefits
Texas,TX,COMM HLTH CHOIC
Texas,TX,Common Ground Health Care
Texas,TX,Commonwealth Care Alliance
Texas,TX,Community Care
Texas,TX,Community First
Texas,TX,Community Health Choice
Texas,TX,Community Health Options
Texas,TX,Compass Rose Health Plan
Texas,TX,CompDME
Texas,TX,Connecticare
Texas,TX,CONSOCIATE CARE
Texas,TX,Continental Benefits
Texas,TX,Cook Children Health Plan
Texas,TX,Cook Children's Health Plan
Texas,TX,Cook County Health Plan
Texas,TX,CoreSource
Texas,TX,Coventry Health Care
Texas,TX,CuraeChoice
Texas,TX,Dell Children's Health Plan/ Seton Health Plan Inc
Texas,TX,Delta Health Systems
Texas,TX,Deseret Mutual Benefit Administrators
Texas,TX,Driscoll Health Plan
Texas,TX,Eagle Health Plan
Texas,TX,EBMS
Texas,TX,EBPA
Texas,TX,El Paso First Health
Texas,TX,El Paso First Health Plan
Texas,TX,Emblem Health
Texas,TX,Employers Health Network
Texas,TX,Exceedent
Texas,TX,Fidelis Care
Texas,TX,First Care Health Plans
Texas,TX,First Choice Health
Texas,TX,FirstCare
Texas,TX,FirstCare Health Plans
Texas,TX,Friday Health Plan
Texas,TX,Galaxy Health Network
Texas,TX,Gateway Health
Texas,TX,GE GROUP ADMIN
Texas,TX,GEHA
Texas,TX,Geisinger
Texas,TX,Gilsbar
Texas,TX,global excel management 
Texas,TX,Global Health
Texas,TX,GPA
Texas,TX,Group & Pension Administrators
Texas,TX,group health benefits
Texas,TX,Group Health Eau Claire
Texas,TX,Harbor Health Plan
Texas,TX,Harvard Pilgrim
Texas,TX,Health Care Partners
Texas,TX,health eos
Texas,TX,Health EZ
Texas,TX,"Health Management Services, LLC dba American Health Advantage of Idaho"
Texas,TX,"Health Management Services, LLC dba American Health Advantage of Texas"
Texas,TX,"Health Management Services, LLC dba American Health Advantage of Utah"
Texas,TX,Health New England
Texas,TX,Health Options
Texas,TX,Health Partners
Texas,TX,Health Payment Systems
Texas,TX,Health Plan Services
Texas,TX,Health Plans Inc
Texas,TX,Health Scope
Texas,TX,Health Smart
Texas,TX,HealthComp
Texas,TX,Healthcomp TPA
Texas,TX,Healthgram
Texas,TX,HealthLink
Texas,TX,HealthScope
Texas,TX,HealthSmart
Texas,TX,"HealthSmart Preferred Care II, LP"
Texas,TX,HealthSpring
Texas,TX,HFN
Texas,TX,highlands
Texas,TX,Highmark BlueCross BlueShield
Texas,TX,HISPANIC PHYS
Texas,TX,Homelink
Texas,TX,Hudson Health Plan
Texas,TX,Humana
Texas,TX,Imagine 402
Texas,TX,"immergrun, inc."
Texas,TX,"Imperial Insurance Companies, Inc."
Texas,TX,IMS
Texas,TX,Independence BCBS
Texas,TX,Independent Health
Texas,TX,Independent Medical Systems
Texas,TX,indequest
Texas,TX,Insurance Management Services
Texas,TX,Integra
Texas,TX,INTotal Health
Texas,TX,IPMG
Texas,TX,J.P. Farley Corporation
Texas,TX,Key Benefit Administrators
Texas,TX,Keystone First
Texas,TX,lakes area community healthplan
Texas,TX,Lasso Healthcare
Texas,TX,Longevity Health Plan
Texas,TX,Lucent Health
Texas,TX,Luminare
Texas,TX,Magellan
Texas,TX,Magnacare
Texas,TX,Mail Handlers
Texas,TX,"Managed Care, Inc dba Galaxy Health Network"
Texas,TX,MAP Medical Access Program Seton
Texas,TX,Martin's Point
Texas,TX,maxor provider network
Texas,TX,MaxorPlus
Texas,TX,mcm maxcare ppo
Texas,TX,Medcorp Southwest Inc
Texas,TX,MedCost
Texas,TX,Medi-Share
Texas,TX,Median Healthcare
Texas,TX,Medica
Texas,TX,Medicaid
Texas,TX,Medicaid of Texas
Texas,TX,Medical Care Referral Group
Texas,TX,"Medical Cost Containment Professionals, LLC (MCCP)"
Texas,TX,medical resource
Texas,TX,Medicare
Texas,TX,Memorial Hermann
Texas,TX,Memorial Hermann Health Solutions
Texas,TX,Meridian Health Plan
Texas,TX,Meritain Health
Texas,TX,Methodist First Choice
Texas,TX,MetroPlus
Texas,TX,Midlands Choice
Texas,TX,Midwest Health
Texas,TX,MissionPoint
Texas,TX,"Missouri Medicare Select, LLC dba American Health Advantage of Missouri"
Texas,TX,Moda Health
Texas,TX,Molina
Texas,TX,Monumental Life Insurance-Retiree Medical Team
Texas,TX,Mountain Health CO-OP
Texas,TX,Multiplan-PHCS
Texas,TX,Mutual Assurance Administrators
Texas,TX,National Association of Letter Carriers
Texas,TX,National Elevator Industry Health Benefits
Texas,TX,National Healthcare Alliance
Texas,TX,New ERA Life Insurance Company of The Midwest
Texas,TX,Nexcaliber
Texas,TX,NHIC
Texas,TX,NIVANO PHYSCNS
Texas,TX,NYSHIP
Texas,TX,"Oklahoma Superior Select, Inc. dba American Health Advantage of Oklahoma"
Texas,TX,One Homecare Solutions
Texas,TX,Onecall
Texas,TX,Optum
Texas,TX,Oscar
Texas,TX,Oscar TX-Commercial
Texas,TX,Other
Texas,TX,OWCA
Texas,TX,Oxford Health Plans
Texas,TX,Pacific Source Health Plans
Texas,TX,Pacificare
Texas,TX,Paradigm
Texas,TX,Parkland Community Health
Texas,TX,Partners Health Plan
Texas,TX,Performance Health
Texas,TX,Piedmont Healthcare
Texas,TX,Pinnacle Assurance
Texas,TX,Porter County Government Employee Benefits
Texas,TX,PPO Next
Texas,TX,PPO Plus
Texas,TX,Prairie States
Texas,TX,Preferred Health Professionals
Texas,TX,Preferred Medical Network
Texas,TX,Preferred One
Texas,TX,"Premier Access, Inc."
Texas,TX,Premier Provider Network
Texas,TX,Presbyterian Health Plan 
Texas,TX,Priority Health
Texas,TX,Prominence Health Plan
Texas,TX,Pronet - Provider Networks of America
Texas,TX,PROVIDENCE HEALTH
Texas,TX,Provident American Insurance Company
Texas,TX,Provider Network of America
Texas,TX,QualChoice
Texas,TX,Quartz
Texas,TX,Qubic
Texas,TX,Reserve National Insurance Company
Texas,TX,ResourceOne Administrators
Texas,TX,RH Administrators
Texas,TX,Right Care- Scott & White Health
Texas,TX,Rightcare by Scott & White Health Plan
Texas,TX,Rightcare from Scott and White
Texas,TX,RIVER CITY MED
Texas,TX,S & S Health
Texas,TX,Samaritan
Texas,TX,Sana Benefits
Texas,TX,Sanford Health Plan
Texas,TX,Scott & White Health Plan
Texas,TX,Scott & White Health Plans
Texas,TX,Sedgwick
Texas,TX,Select Administrative Services
Texas,TX,Self Insured Services Company
Texas,TX,Sendero Health Plans
Texas,TX,Sentara Health Plans
Texas,TX,Sentry Insurance
Texas,TX,Seton Health Plan
Texas,TX,SIHO
Texas,TX,SIX DEGREES HEALTH
Texas,TX,SmartHealth
Texas,TX,SMS National
Texas,TX,Sound Health and Wellness
Texas,TX,South Central Preferred
Texas,TX,Southwest Preferred
Texas,TX,Starmark
Texas,TX,Superior Health Plan
Texas,TX,Superior Health Plan -
Texas,TX,Superior Health Plan TX
Texas,TX,Superior Star Medicaid
Texas,TX,TeamChoice
Texas,TX,Texas Blue Cross Blue Shield
Texas,TX,Texas Children's Health Plan
Texas,TX,Texas CSCHN
Texas,TX,"Texas True Choice, Inc."
Texas,TX,The American Worker
Texas,TX,The American Worker (f.k.a Century Healthcare)
Texas,TX,The Empire Plan
Texas,TX,The Health Plan
Texas,TX,TMHP CCP
Texas,TX,TMHP DME
Texas,TX,TML
Texas,TX,Tricare
Texas,TX,Tricare East
Texas,TX,Tricare Overseas
Texas,TX,Tricare West
Texas,TX,Trilogy
Texas,TX,Trisurant
Texas,TX,TRPN
Texas,TX,Trustmark
Texas,TX,Tufts Health Plan
Texas,TX,Tyler Independent School District
Texas,TX,Ucare
Texas,TX,UHC ALL SAVERS
Texas,TX,UHC SHARED SERVICES
Texas,TX,UHC STUDENT RESOURCES
Texas,TX,UHC SUREST
Texas,TX,UHIS
Texas,TX,UICI
Texas,TX,UMR
Texas,TX,UMWA Health & Retirement Funds
Texas,TX,Unicare
Texas,TX,United
Texas,TX,"United American Ins, Team Star Company"
Texas,TX,United Healthcare
Texas,TX,United Healthcare  Commercial and Medicare
Texas,TX,United Healthcare All Savers
Texas,TX,United Healthcare Community Plan of Texas
Texas,TX,United Healthcare Medicaid
Texas,TX,United Healthcare of Texas
Texas,TX,United Healthcare Shared Services
Texas,TX,United Healthcare StudentResources
Texas,TX,United Student Resources
Texas,TX,United Teachers Association
Texas,TX,UnitedHealthcare Community Plan
Texas,TX,UPMC
Texas,TX,US Family Health Plan
Texas,TX,USA Health Network
Texas,TX,USA Managed Care Organization
Texas,TX,USA MANAGED CARE ORGANIZATIONS
Texas,TX,USFHP
Texas,TX,VA/FMP
Texas,TX,Valenz
Texas,TX,Valenz f.k.a United Claim Solutions (PPO Network)
Texas,TX,Vista 360 Health Plan
Texas,TX,WebTPA
Texas,TX,Wellcare
Texas,TX,WellFirst Health
Texas,TX,WellMed
Texas,TX,Wellpoint
Texas,TX,Wellpoint of Texas (fka Amerigroup of Texas)
Texas,TX,WESTERN MEDICAL
Texas,TX,Western Pennsylvania Electrical Employees Benefit Funds
Texas,TX,Wise Provider Network
Texas,TX,World Trade Center
Texas,TX,Zelis
Texas,TX,ZENITH ADMIN
Texas,TX,Zing Health Care Medicare Advantage
Utah,UT,A&S Financial
Utah,UT,Access Health Services - TPA
Utah,UT,Admiral Beverage St Lukes
Utah,UT,Aetna
Utah,UT,Aetna Atlantic Health
Utah,UT,Aetna National
Utah,UT,Affinity
Utah,UT,All Savers Health Plans
Utah,UT,Allegiance
Utah,UT,Alliant Health
Utah,UT,Allied Health Benefits
Utah,UT,AllWays Health Partners
Utah,UT,Alternative Insurance Resources
Utah,UT,Ambetter 
Utah,UT,AmeriBen
Utah,UT,America's Choice Provider Network
Utah,UT,American Health Advantage of Utah
Utah,UT,American Health Plans
Utah,UT,American Healthcare Alliance
Utah,UT,American PPO
Utah,UT,AmeriHealth
Utah,UT,Ametros
Utah,UT,Ancillary Care Services
Utah,UT,Anthem BCBCS
Utah,UT,Anthem BCBS
Utah,UT,Anthem Blue Cross Blue Shield
Utah,UT,Anthem Medicaid
Utah,UT,Arcbest Corporation
Utah,UT,ASURIS
Utah,UT,Atrio Health Plans
Utah,UT,Badger Care
Utah,UT,BCE Emergis
Utah,UT,Beacon Health
Utah,UT,Beech Street
Utah,UT,Benefit Assistance Corp
Utah,UT,Blue Benefit Administrators
Utah,UT,Blue Cross Blue Shield
Utah,UT,Bluegrass Family Health
Utah,UT,BMI Benefits LLC
Utah,UT,Boulder Admin
Utah,UT,Bridgespan Health
Utah,UT,Buckeye Community Health Plan
Utah,UT,CareFirst BCBS
Utah,UT,Careington International
Utah,UT,Caresource
Utah,UT,CAREVALENT GILSBAR
Utah,UT,Cedar Valley Community Healthcare
Utah,UT,Cedar Valley Hospice - Transportation
Utah,UT,Century Health Solutions
Utah,UT,Cerner Health Plan
Utah,UT,CHAMP VA
Utah,UT,CHN Solutions
Utah,UT,Choice Care Network
Utah,UT,Cigna
Utah,UT,ClearPrice Networks
Utah,UT,CMN Inc. Global
Utah,UT,Coastal Care Services
Utah,UT,Cofinity Health Benefits
Utah,UT,Common Ground Health Care
Utah,UT,Commonwealth Care Alliance
Utah,UT,Community Care
Utah,UT,Community Health Options
Utah,UT,Compass Rose Health Plan
Utah,UT,CompDME
Utah,UT,Connecticare
Utah,UT,CONSOCIATE CARE
Utah,UT,Continental Benefits
Utah,UT,Cook County Health Plan
Utah,UT,CoreSource
Utah,UT,Coventry Health Care
Utah,UT,CuraeChoice
Utah,UT,Custom Health Solutions
Utah,UT,Delta Health Systems
Utah,UT,Deseret Alliance Medicare Supplemental Plan
Utah,UT,Deseret Mutual Benefit Administrators
Utah,UT,Eagle Health Plan
Utah,UT,EBMS
Utah,UT,EBPA
Utah,UT,Emblem Health
Utah,UT,Employers Health Network
Utah,UT,Exceedent
Utah,UT,Fidelis Care
Utah,UT,First Choice Health
Utah,UT,Friday Health Plan
Utah,UT,Galaxy Health Network
Utah,UT,Gateway Health
Utah,UT,GEHA
Utah,UT,Geisinger
Utah,UT,Gilsbar
Utah,UT,global excel management 
Utah,UT,group health benefits
Utah,UT,Group Health Eau Claire
Utah,UT,Harbor Health Plan
Utah,UT,Harvard Pilgrim
Utah,UT,Health Care Partners
Utah,UT,Health Choice
Utah,UT,health eos
Utah,UT,Health EZ
Utah,UT,Health New England
Utah,UT,Health Options
Utah,UT,Health Partners
Utah,UT,Health Payment Systems
Utah,UT,Health Plan Services
Utah,UT,Health Plans Inc
Utah,UT,Health Scope
Utah,UT,Health Smart
Utah,UT,health utah network
Utah,UT,HealthComp
Utah,UT,Healthcomp TPA
Utah,UT,Healthgram
Utah,UT,HealthLink
Utah,UT,HealthSmart
Utah,UT,"HealthSmart Preferred Care II, LP"
Utah,UT,Healthy U
Utah,UT,HFN
Utah,UT,highlands
Utah,UT,Highmark BlueCross BlueShield
Utah,UT,Homelink
Utah,UT,Hudson Health Plan
Utah,UT,Humana
Utah,UT,Imagine 403
Utah,UT,"immergrun, inc."
Utah,UT,Independence BCBS
Utah,UT,Independent Health
Utah,UT,Independent Medical Systems
Utah,UT,indequest
Utah,UT,Insurance Management Services
Utah,UT,Integra
Utah,UT,INTotal Health
Utah,UT,IPMG
Utah,UT,J.P. Farley Corporation
Utah,UT,Key Benefit Administrators
Utah,UT,Keystone First
Utah,UT,lakes area community healthplan
Utah,UT,Lasso Healthcare
Utah,UT,Lucent Health
Utah,UT,Magellan
Utah,UT,Magnacare
Utah,UT,Mail Handlers
Utah,UT,"Managed Care, Inc dba Galaxy Health Network"
Utah,UT,Martin's Point
Utah,UT,maxor provider network
Utah,UT,mcm maxcare ppo
Utah,UT,Medcorp Southwest Inc
Utah,UT,MedCost
Utah,UT,Medi-Share
Utah,UT,Medica
Utah,UT,Medicaid
Utah,UT,Medicaid of Utah
Utah,UT,"Medical Cost Containment Professionals, LLC (MCCP)"
Utah,UT,Medical Management Alliance
Utah,UT,medical resource
Utah,UT,Medicare
Utah,UT,Meridian Health Plan
Utah,UT,Meritain Health
Utah,UT,Methodist First Choice
Utah,UT,MetroPlus
Utah,UT,Midlands Choice
Utah,UT,Midwest Health
Utah,UT,MissionPoint
Utah,UT,Moda Health
Utah,UT,Molina
Utah,UT,Mountain Health CO-OP
Utah,UT,Multiplan-PHCS
Utah,UT,Mutual Assurance Administrators
Utah,UT,National Association of Letter Carriers
Utah,UT,National Elevator Industry Health Benefits
Utah,UT,NGL
Utah,UT,NYSHIP
Utah,UT,One Homecare Solutions
Utah,UT,Onecall
Utah,UT,Optum
Utah,UT,Other
Utah,UT,OWCA
Utah,UT,Oxford Health Plans
Utah,UT,P5 HEALTH PLAN
Utah,UT,Pacific Source Health Plans
Utah,UT,Paradigm
Utah,UT,Performance Health
Utah,UT,Piedmont Healthcare
Utah,UT,Pinnacle Assurance
Utah,UT,Porter County Government Employee Benefits
Utah,UT,PPO Plus
Utah,UT,Prairie States
Utah,UT,Preferred Health Professionals
Utah,UT,Preferred Medical Network
Utah,UT,Preferred One
Utah,UT,Premera BC/BS
Utah,UT,Presbyterian Health Plan 
Utah,UT,Priority Health
Utah,UT,PROVIDENCE HEALTH
Utah,UT,Provider Network of America
Utah,UT,Public Employee Health Program
Utah,UT,Public Employees Health Program
Utah,UT,QualChoice
Utah,UT,Quartz
Utah,UT,Regence BC/BS
Utah,UT,Reserve National Insurance Company
Utah,UT,ResourceOne Administrators
Utah,UT,S & S Health
Utah,UT,Samaritan
Utah,UT,Sana Benefits
Utah,UT,Sanford Health Plan
Utah,UT,Scott & White Health Plan
Utah,UT,Sedgwick
Utah,UT,Select Administrative Services
Utah,UT,Select Health
Utah,UT,SelectHealth Community Care
Utah,UT,Self Insured Services Company
Utah,UT,Sentara Health Plans
Utah,UT,Sentry Insurance
Utah,UT,Service Advocate
Utah,UT,SIHO
Utah,UT,SIX DEGREES HEALTH
Utah,UT,SmartHealth
Utah,UT,SMS National
Utah,UT,Sound Health and Wellness
Utah,UT,South Central Preferred
Utah,UT,Starmark
Utah,UT,The American Worker
Utah,UT,The American Worker (f.k.a Century Healthcare)
Utah,UT,The Empire Plan
Utah,UT,The Health Plan
Utah,UT,Tricare
Utah,UT,Tricare Overseas
Utah,UT,Tricare West
Utah,UT,Trilogy
Utah,UT,TRPN
Utah,UT,Trustmark
Utah,UT,Tufts Health Plan
Utah,UT,Ucare
Utah,UT,UHC ALL SAVERS
Utah,UT,UHC SHARED SERVICES
Utah,UT,UHC STUDENT RESOURCES
Utah,UT,UHC SUREST
Utah,UT,UHIS
Utah,UT,UMR
Utah,UT,UMWA Health & Retirement Funds
Utah,UT,Unicare
Utah,UT,Union Pacific RR Employees
Utah,UT,United
Utah,UT,United Healthcare
Utah,UT,United Healthcare  Commercial and Medicare
Utah,UT,United Healthcare All Savers
Utah,UT,United Healthcare Medicaid
Utah,UT,United Healthcare Shared Services
Utah,UT,United Healthcare StudentResources
Utah,UT,United Student Resources
Utah,UT,University of Utah
Utah,UT,UPMC
Utah,UT,US Family Health Plan
Utah,UT,USA MANAGED CARE ORGANIZATIONS
Utah,UT,Valenz
Utah,UT,Valenz f.k.a United Claim Solutions (PPO Network)
Utah,UT,WebTPA
Utah,UT,Wellcare
Utah,UT,WellFirst Health
Utah,UT,WellMed
Utah,UT,Wise Provider Network
Utah,UT,World Trade Center
Utah,UT,Zelis
Utah,UT,ZENITH ADMIN
Washington,WA,A&S Financial
Washington,WA,Access Health Services - TPA
Washington,WA,Aetna
Washington,WA,Aetna Atlantic Health
Washington,WA,Aetna National
Washington,WA,Affinity
Washington,WA,All Savers Health Plans
Washington,WA,Allegiance
Washington,WA,Alliant Health
Washington,WA,Allied Health Benefits
Washington,WA,AllWays Health Partners
Washington,WA,Allwell Coordinated Care
Washington,WA,Alternative Insurance Resources
Washington,WA,Ambetter 
Washington,WA,AmBetter Commercial
Washington,WA,AmeriBen
Washington,WA,America's Choice Provider Network
Washington,WA,American Healthcare Alliance
Washington,WA,American PPO
Washington,WA,AmeriGroup
Washington,WA,Amerigroup- Wellpoint
Washington,WA,AmeriHealth
Washington,WA,Ametros
Washington,WA,Ancillary Care Services
Washington,WA,Anthem BCBCS
Washington,WA,Anthem BCBS
Washington,WA,Anthem Blue Cross Blue Shield
Washington,WA,Anthem Medicaid
Washington,WA,Arcbest Corporation
Washington,WA,ASURIS
Washington,WA,Asuris Northwest Health
Washington,WA,Atrio Health Plans
Washington,WA,Badger Care
Washington,WA,BCE Emergis
Washington,WA,Beacon Health
Washington,WA,Beech Street
Washington,WA,Benefit Assistance Corp
Washington,WA,Blue Benefit Administrators
Washington,WA,Blue Cross Blue Shield
Washington,WA,Bluegrass Family Health
Washington,WA,BMI Benefits LLC
Washington,WA,Boulder Admin
Washington,WA,BRIDGESPAN
Washington,WA,Bridgespan Health
Washington,WA,Buckeye Community Health Plan
Washington,WA,CareFirst BCBS
Washington,WA,Careington International
Washington,WA,Caresource
Washington,WA,CAREVALENT GILSBAR
Washington,WA,Cedar Valley Community Healthcare
Washington,WA,Cedar Valley Hospice - Transportation
Washington,WA,Centene 
Washington,WA,Century Health Solutions
Washington,WA,Cerner Health Plan
Washington,WA,CHAMP VA
Washington,WA,CHN Solutions
Washington,WA,Choice Care Network
Washington,WA,Cigna
Washington,WA,ClearPrice Networks
Washington,WA,CMN Inc. Global
Washington,WA,Coastal Care Services
Washington,WA,Cofinity Health Benefits
Washington,WA,Common Ground Health Care
Washington,WA,Commonwealth Care Alliance
Washington,WA,Community Care
Washington,WA,Community Health Options
Washington,WA,Community Health Plan of Washington
Washington,WA,Compass Rose Health Plan
Washington,WA,CompDME
Washington,WA,Confluence Health
Washington,WA,Connecticare
Washington,WA,CONSOCIATE CARE
Washington,WA,Continental Benefits
Washington,WA,Cook County Health Plan
Washington,WA,Coordinated Care Health of Washington
Washington,WA,CoreSource
Washington,WA,Coventry Health Care
Washington,WA,CuraeChoice
Washington,WA,Delta Health Systems
Washington,WA,Deseret Mutual Benefit Administrators
Washington,WA,Eagle Health Plan
Washington,WA,EBMS
Washington,WA,EBPA
Washington,WA,Emblem Health
Washington,WA,Employers Health Network
Washington,WA,Exceedent
Washington,WA,Fidelis Care
Washington,WA,First Choice Health
Washington,WA,First Choice Health Administrators
Washington,WA,Friday Health Plan
Washington,WA,Galaxy Health Network
Washington,WA,Gateway Health
Washington,WA,GEHA
Washington,WA,Geisinger
Washington,WA,Gilsbar
Washington,WA,global excel management 
Washington,WA,group health benefits
Washington,WA,Group Health Eau Claire
Washington,WA,Harbor Health Plan
Washington,WA,Harvard Pilgrim
Washington,WA,Health Alliance Medical Plans
Washington,WA,Health Care Partners
Washington,WA,health eos
Washington,WA,Health EZ
Washington,WA,Health New England
Washington,WA,Health Options
Washington,WA,Health Partners
Washington,WA,Health Payment Systems
Washington,WA,Health Plan Services
Washington,WA,Health Plans Inc
Washington,WA,Health Scope
Washington,WA,Health Smart
Washington,WA,Healthcare Management Administration
Washington,WA,HealthComp
Washington,WA,Healthcomp TPA
Washington,WA,Healthgram
Washington,WA,HealthLink
Washington,WA,HealthSmart
Washington,WA,"HealthSmart Preferred Care II, LP"
Washington,WA,HFN
Washington,WA,highlands
Washington,WA,Highmark BlueCross BlueShield
Washington,WA,HMA
Washington,WA,Homelink
Washington,WA,Hudson Health Plan
Washington,WA,Humana
Washington,WA,Imagine 406
Washington,WA,"immergrun, inc."
Washington,WA,Independence BCBS
Washington,WA,Independent Health
Washington,WA,Independent Medical Systems
Washington,WA,indequest
Washington,WA,Insurance Management Services
Washington,WA,Integra
Washington,WA,Interplan
Washington,WA,INTotal Health
Washington,WA,IPMG
Washington,WA,J.P. Farley Corporation
Washington,WA,Kaiser
Washington,WA,Kaiser Foundation Health Plan
Washington,WA,Key Benefit Administrators
Washington,WA,Keystone First
Washington,WA,lakes area community healthplan
Washington,WA,Lasso Healthcare
Washington,WA,Lifewise
Washington,WA,Longevity Health Plan
Washington,WA,Lucent Health
Washington,WA,Magellan
Washington,WA,Magnacare
Washington,WA,Mail Handlers
Washington,WA,"Managed Care, Inc dba Galaxy Health Network"
Washington,WA,Martin's Point
Washington,WA,maxor provider network
Washington,WA,mcm maxcare ppo
Washington,WA,Medcorp Southwest Inc
Washington,WA,MedCost
Washington,WA,Medi-Share
Washington,WA,Medica
Washington,WA,Medicaid
Washington,WA,Medicaid of Washington
Washington,WA,"Medical Cost Containment Professionals, LLC (MCCP)"
Washington,WA,medical resource
Washington,WA,Medicare
Washington,WA,Meridian Health Plan
Washington,WA,Meritain Health
Washington,WA,Methodist First Choice
Washington,WA,MetroPlus
Washington,WA,Midlands Choice
Washington,WA,Midwest Health
Washington,WA,MissionPoint
Washington,WA,Moda Health
Washington,WA,Molina
Washington,WA,Mountain Health CO-OP
Washington,WA,Multiplan-PHCS
Washington,WA,Mutual Assurance Administrators
Washington,WA,National Association of Letter Carriers
Washington,WA,National Elevator Industry Health Benefits
Washington,WA,NYSHIP
Washington,WA,One Homecare Solutions
Washington,WA,Onecall
Washington,WA,Optum
Washington,WA,Other
Washington,WA,OWCA
Washington,WA,Oxford Health Plans
Washington,WA,Pacific Medical Centers USFHP
Washington,WA,Pacific Source Health Plans
Washington,WA,PacificSource Health Plans
Washington,WA,Paradigm
Washington,WA,Performance Health
Washington,WA,Piedmont Healthcare
Washington,WA,Pinnacle Assurance
Washington,WA,Porter County Government Employee Benefits
Washington,WA,PPO Plus
Washington,WA,Prairie States
Washington,WA,Preferred Health Professionals
Washington,WA,Preferred Medical Network
Washington,WA,Preferred One
Washington,WA,Premera BC/BS
Washington,WA,Premera BlueCross
Washington,WA,Presbyterian Health Plan 
Washington,WA,Priority Health
Washington,WA,PROVIDENCE HEALTH
Washington,WA,Provider Network of America
Washington,WA,QualChoice
Washington,WA,Quartz
Washington,WA,Regence BC/BS
Washington,WA,Regence Group Administrators
Washington,WA,Reserve National Insurance Company
Washington,WA,ResourceOne Administrators
Washington,WA,S & S Health
Washington,WA,Samaritan
Washington,WA,Sana Benefits
Washington,WA,Sanford Health Plan
Washington,WA,Scott & White Health Plan
Washington,WA,Sedgwick
Washington,WA,Select Administrative Services
Washington,WA,Self Insured Services Company
Washington,WA,Sentara Health Plans
Washington,WA,Sentry Insurance
Washington,WA,SIHO
Washington,WA,SIX DEGREES HEALTH
Washington,WA,SmartHealth
Washington,WA,SMS National
Washington,WA,Sound Health and Wellness
Washington,WA,South Central Preferred
Washington,WA,Starmark
Washington,WA,The American Worker
Washington,WA,The American Worker (f.k.a Century Healthcare)
Washington,WA,The Empire Plan
Washington,WA,The Health Plan
Washington,WA,Tricare
Washington,WA,Tricare Overseas
Washington,WA,Tricare West
Washington,WA,Trilogy
Washington,WA,TRPN
Washington,WA,Trustmark
Washington,WA,Tufts Health Plan
Washington,WA,Ucare
Washington,WA,UHC ALL SAVERS
Washington,WA,UHC SHARED SERVICES
Washington,WA,UHC STUDENT RESOURCES
Washington,WA,UHC SUREST
Washington,WA,UHIS
Washington,WA,UMR
Washington,WA,UMWA Health & Retirement Funds
Washington,WA,Unicare
Washington,WA,United
Washington,WA,United Healthcare
Washington,WA,United Healthcare  Commercial and Medicare
Washington,WA,United Healthcare All Savers
Washington,WA,United Healthcare Medicaid
Washington,WA,United Healthcare Shared Services
Washington,WA,United Healthcare StudentResources
Washington,WA,United Student Resources
Washington,WA,UnitedHealthcare Community Plan
Washington,WA,UPMC
Washington,WA,US Family Health Plan
Washington,WA,USA MANAGED CARE ORGANIZATIONS
Washington,WA,USFHP
Washington,WA,Valenz
Washington,WA,Valenz f.k.a United Claim Solutions (PPO Network)
Washington,WA,Washington Coordinated Care
Washington,WA,WebTPA
Washington,WA,Welfare and Pension Administrating Services Operating Engineers 302
Washington,WA,Wellcare
Washington,WA,WellFirst Health
Washington,WA,WellMed
Washington,WA,Wellpoint
Washington,WA,Wellpoint of Washington (fka Amerigroup of Washington)
Washington,WA,World Trade Center
Washington,WA,Zelis
Washington,WA,ZENITA
Washington,WA,ZENITH ADMIN
