State,State Code,Insurance Company,DME Supplier,DME URL
Alabama,AL,Access Health Services - TPA,Motif Medical,https://motifmedical.com/insurance/qualify
Alabama,AL,Aetna,Motif Medical,https://motifmedical.com/insurance/qualify
Alabama,AL,Aetna Atlantic Health,Motif Medical,https://motifmedical.com/insurance/qualify
Alabama,AL,Aetna National,Motif Medical,https://motifmedical.com/insurance/qualify
Alabama,AL,Affinity,Motif Medical,https://motifmedical.com/insurance/qualify
Alabama,AL,Alabama Medicaid,Motif Medical,https://motifmedical.com/insurance/qualify
Alabama,AL,All Savers Health Plans,Motif Medical,https://motifmedical.com/insurance/qualify
Alabama,AL,Allegiance,Motif Medical,https://motifmedical.com/insurance/qualify
Alabama,AL,Alliant Health,Motif Medical,https://motifmedical.com/insurance/qualify
Alabama,AL,Allied Health Benefits,Motif Medical,https://motifmedical.com/insurance/qualify
Alabama,AL,AllWays Health Partners,Motif Medical,https://motifmedical.com/insurance/qualify
Alabama,AL,Alternative Insurance Resources,Motif Medical,https://motifmedical.com/insurance/qualify
Alabama,AL,Ambetter,Motif Medical,https://motifmedical.com/insurance/qualify
Alabama,AL,AmBetter Commercial,Motif Medical,https://motifmedical.com/insurance/qualify
Alabama,AL,AmeriBen,Motif Medical,https://motifmedical.com/insurance/qualify
Alabama,AL,America's Choice Provider Network,Motif Medical,https://motifmedical.com/insurance/qualify
Alabama,AL,American Healthcare Alliance,Motif Medical,https://motifmedical.com/insurance/qualify
Alabama,AL,American PPO,Motif Medical,https://motifmedical.com/insurance/qualify
Alabama,AL,AmeriGroup,Motif Medical,https://motifmedical.com/insurance/qualify
Alabama,AL,AmeriHealth,Motif Medical,https://motifmedical.com/insurance/qualify
Alabama,AL,Ametros,Motif Medical,https://motifmedical.com/insurance/qualify
Alabama,AL,Ancillary Care Services,Motif Medical,https://motifmedical.com/insurance/qualify
Alabama,AL,Anthem BCBCS,Motif Medical,https://motifmedical.com/insurance/qualify
Alabama,AL,Anthem BCBS,Motif Medical,https://motifmedical.com/insurance/qualify
Alabama,AL,Anthem Blue Cross Blue Shield,Motif Medical,https://motifmedical.com/insurance/qualify
Alabama,AL,Anthem Medicaid,Motif Medical,https://motifmedical.com/insurance/qualify
Alabama,AL,Arcbest Corporation,Motif Medical,https://motifmedical.com/insurance/qualify
Alabama,AL,ASURIS,Motif Medical,https://motifmedical.com/insurance/qualify
Alabama,AL,Atrio Health Plans,Motif Medical,https://motifmedical.com/insurance/qualify
Alabama,AL,Badger Care,Motif Medical,https://motifmedical.com/insurance/qualify
Alabama,AL,BCE Emergis,Motif Medical,https://motifmedical.com/insurance/qualify
Alabama,AL,Beacon Health,Motif Medical,https://motifmedical.com/insurance/qualify
Alabama,AL,Beech Street,Motif Medical,https://motifmedical.com/insurance/qualify
Alabama,AL,Benefit Assistance Corp,Motif Medical,https://motifmedical.com/insurance/qualify
Alabama,AL,Blue Benefit Administrators,Motif Medical,https://motifmedical.com/insurance/qualify
Alabama,AL,Blue Cross Blue Shield,Motif Medical,https://motifmedical.com/insurance/qualify
Alabama,AL,BlueCross and BlueShield of Alabama,Motif Medical,https://motifmedical.com/insurance/qualify
Alabama,AL,Bluegrass Family Health,Motif Medical,https://motifmedical.com/insurance/qualify
Alabama,AL,BMI Benefits LLC,Motif Medical,https://motifmedical.com/insurance/qualify
Alabama,AL,Boulder Admin,Motif Medical,https://motifmedical.com/insurance/qualify
Alabama,AL,Bright Health,Motif Medical,https://motifmedical.com/insurance/qualify
Alabama,AL,Buckeye Community Health Plan,Motif Medical,https://motifmedical.com/insurance/qualify
Alabama,AL,CareFirst BCBS,Motif Medical,https://motifmedical.com/insurance/qualify
Alabama,AL,Careington International,Motif Medical,https://motifmedical.com/insurance/qualify
Alabama,AL,Caresource,Motif Medical,https://motifmedical.com/insurance/qualify
Alabama,AL,CAREVALENT GILSBAR,Motif Medical,https://motifmedical.com/insurance/qualify
Alabama,AL,Cedar Valley Community Healthcare,Motif Medical,https://motifmedical.com/insurance/qualify
Alabama,AL,Cedar Valley Hospice - Transportation,Motif Medical,https://motifmedical.com/insurance/qualify
Alabama,AL,Century Health Solutions,Motif Medical,https://motifmedical.com/insurance/qualify
Alabama,AL,Cerner Health Plan,Motif Medical,https://motifmedical.com/insurance/qualify
Alabama,AL,CHAMP VA,Motif Medical,https://motifmedical.com/insurance/qualify
Alabama,AL,CHN Solutions,Motif Medical,https://motifmedical.com/insurance/qualify
Alabama,AL,Choice Care Network,Motif Medical,https://motifmedical.com/insurance/qualify
Alabama,AL,Cigna,Motif Medical,https://motifmedical.com/insurance/qualify
Alabama,AL,Cigna Medicare of  Alabama,Motif Medical,https://motifmedical.com/insurance/qualify
Alabama,AL,ClearPrice Networks,Motif Medical,https://motifmedical.com/insurance/qualify
Alabama,AL,Clover Health,Motif Medical,https://motifmedical.com/insurance/qualify
Alabama,AL,CMN Inc. Global,Motif Medical,https://motifmedical.com/insurance/qualify
Alabama,AL,Coastal Care Services,Motif Medical,https://motifmedical.com/insurance/qualify
Alabama,AL,Cofinity Health Benefits,Motif Medical,https://motifmedical.com/insurance/qualify
Alabama,AL,Common Ground Health Care,Motif Medical,https://motifmedical.com/insurance/qualify
Alabama,AL,Commonwealth Care Alliance,Motif Medical,https://motifmedical.com/insurance/qualify
Alabama,AL,Community Care,Motif Medical,https://motifmedical.com/insurance/qualify
Alabama,AL,Community Health Options,Motif Medical,https://motifmedical.com/insurance/qualify
Alabama,AL,Compass Rose Health Plan,Motif Medical,https://motifmedical.com/insurance/qualify
Alabama,AL,CompDME,Motif Medical,https://motifmedical.com/insurance/qualify
Alabama,AL,Connecticare,Motif Medical,https://motifmedical.com/insurance/qualify
Alabama,AL,CONSOCIATE CARE,Motif Medical,https://motifmedical.com/insurance/qualify
Alabama,AL,Continental Benefits,Motif Medical,https://motifmedical.com/insurance/qualify
Alabama,AL,Cook County Health Plan,Motif Medical,https://motifmedical.com/insurance/qualify
Alabama,AL,CoreSource,Motif Medical,https://motifmedical.com/insurance/qualify
Alabama,AL,Coventry Health Care,Motif Medical,https://motifmedical.com/insurance/qualify
Alabama,AL,CuraeChoice,Motif Medical,https://motifmedical.com/insurance/qualify
Alabama,AL,Delta Health Systems,Motif Medical,https://motifmedical.com/insurance/qualify
Alabama,AL,Deseret Mutual Benefit Administrators,Motif Medical,https://motifmedical.com/insurance/qualify
Alabama,AL,Eagle Health Plan,Motif Medical,https://motifmedical.com/insurance/qualify
Alabama,AL,EBMS,Motif Medical,https://motifmedical.com/insurance/qualify
Alabama,AL,EBPA,Motif Medical,https://motifmedical.com/insurance/qualify
Alabama,AL,Emblem Health,Motif Medical,https://motifmedical.com/insurance/qualify
Alabama,AL,Employer's Choice Network (ECN),Motif Medical,https://motifmedical.com/insurance/qualify
Alabama,AL,Employers Health Network,Motif Medical,https://motifmedical.com/insurance/qualify
Alabama,AL,Exceedent,Motif Medical,https://motifmedical.com/insurance/qualify
Alabama,AL,Fidelis Care,Motif Medical,https://motifmedical.com/insurance/qualify
Alabama,AL,First Choice Health,Motif Medical,https://motifmedical.com/insurance/qualify
Alabama,AL,Friday Health Plan,Motif Medical,https://motifmedical.com/insurance/qualify
Alabama,AL,Galaxy Health Network,Motif Medical,https://motifmedical.com/insurance/qualify
Alabama,AL,Gateway Health,Motif Medical,https://motifmedical.com/insurance/qualify
Alabama,AL,GEHA,Motif Medical,https://motifmedical.com/insurance/qualify
Alabama,AL,Geisinger,Motif Medical,https://motifmedical.com/insurance/qualify
Alabama,AL,Gilsbar,Motif Medical,https://motifmedical.com/insurance/qualify
Alabama,AL,global excel management,Motif Medical,https://motifmedical.com/insurance/qualify
Alabama,AL,group health benefits,Motif Medical,https://motifmedical.com/insurance/qualify
Alabama,AL,Group Health Eau Claire,Motif Medical,https://motifmedical.com/insurance/qualify
Alabama,AL,Harbor Health Plan,Motif Medical,https://motifmedical.com/insurance/qualify
Alabama,AL,Harvard Pilgrim,Motif Medical,https://motifmedical.com/insurance/qualify
Alabama,AL,Health Care Partners,Motif Medical,https://motifmedical.com/insurance/qualify
Alabama,AL,Health Choice,Motif Medical,https://motifmedical.com/insurance/qualify
Alabama,AL,health eos,Motif Medical,https://motifmedical.com/insurance/qualify
Alabama,AL,Health EZ,Motif Medical,https://motifmedical.com/insurance/qualify
Alabama,AL,Health New England,Motif Medical,https://motifmedical.com/insurance/qualify
Alabama,AL,Health Options,Motif Medical,https://motifmedical.com/insurance/qualify
Alabama,AL,Health Partners,Motif Medical,https://motifmedical.com/insurance/qualify
Alabama,AL,Health Payment Systems,Motif Medical,https://motifmedical.com/insurance/qualify
Alabama,AL,Health Plan Services,Motif Medical,https://motifmedical.com/insurance/qualify
Alabama,AL,Health Plans Inc,Motif Medical,https://motifmedical.com/insurance/qualify
Alabama,AL,Health Scope,Motif Medical,https://motifmedical.com/insurance/qualify
Alabama,AL,Health Smart,Motif Medical,https://motifmedical.com/insurance/qualify
Alabama,AL,HealthComp,Motif Medical,https://motifmedical.com/insurance/qualify
Alabama,AL,Healthcomp TPA,Motif Medical,https://motifmedical.com/insurance/qualify
Alabama,AL,Healthgram,Motif Medical,https://motifmedical.com/insurance/qualify
Alabama,AL,HealthLink,Motif Medical,https://motifmedical.com/insurance/qualify
Alabama,AL,HealthSmart,Motif Medical,https://motifmedical.com/insurance/qualify
Alabama,AL,"HealthSmart Preferred Care II, LP",Motif Medical,https://motifmedical.com/insurance/qualify
Alabama,AL,HFN,Motif Medical,https://motifmedical.com/insurance/qualify
Alabama,AL,highlands,Motif Medical,https://motifmedical.com/insurance/qualify
Alabama,AL,Highmark BlueCross BlueShield,Motif Medical,https://motifmedical.com/insurance/qualify
Alabama,AL,Home Care Alliance of Virginia (HCAV),Motif Medical,https://motifmedical.com/insurance/qualify
Alabama,AL,Homelink,Motif Medical,https://motifmedical.com/insurance/qualify
Alabama,AL,Hudson Health Plan,Motif Medical,https://motifmedical.com/insurance/qualify
Alabama,AL,Humana,Motif Medical,https://motifmedical.com/insurance/qualify
Alabama,AL,Imagine 360,Motif Medical,https://motifmedical.com/insurance/qualify
Alabama,AL,"immergrun, inc.",Motif Medical,https://motifmedical.com/insurance/qualify
Alabama,AL,Independence BCBS,Motif Medical,https://motifmedical.com/insurance/qualify
Alabama,AL,Independent Health,Motif Medical,https://motifmedical.com/insurance/qualify
Alabama,AL,Independent Medical Systems,Motif Medical,https://motifmedical.com/insurance/qualify
Alabama,AL,indequest,Motif Medical,https://motifmedical.com/insurance/qualify
Alabama,AL,Insurance Management Services,Motif Medical,https://motifmedical.com/insurance/qualify
Alabama,AL,Integra,Motif Medical,https://motifmedical.com/insurance/qualify
Alabama,AL,INTotal Health,Motif Medical,https://motifmedical.com/insurance/qualify
Alabama,AL,IPMG,Motif Medical,https://motifmedical.com/insurance/qualify
Alabama,AL,"Itasca Medical Care (IMCare), Minnesota Department of Health",Motif Medical,https://motifmedical.com/insurance/qualify
Alabama,AL,J.P. Farley Corporation,Motif Medical,https://motifmedical.com/insurance/qualify
Alabama,AL,Key Benefit Administrators,Motif Medical,https://motifmedical.com/insurance/qualify
Alabama,AL,Keystone First,Motif Medical,https://motifmedical.com/insurance/qualify
Alabama,AL,lakes area community healthplan,Motif Medical,https://motifmedical.com/insurance/qualify
Alabama,AL,Lasso Healthcare,Motif Medical,https://motifmedical.com/insurance/qualify
Alabama,AL,Lucent Health,Motif Medical,https://motifmedical.com/insurance/qualify
Alabama,AL,Magellan,Motif Medical,https://motifmedical.com/insurance/qualify
Alabama,AL,Magnacare,Motif Medical,https://motifmedical.com/insurance/qualify
Alabama,AL,Mail Handlers,Motif Medical,https://motifmedical.com/insurance/qualify
Alabama,AL,Martin's Point,Motif Medical,https://motifmedical.com/insurance/qualify
Alabama,AL,maxor provider network,Motif Medical,https://motifmedical.com/insurance/qualify
Alabama,AL,McLaren Health Plans,Motif Medical,https://motifmedical.com/insurance/qualify
Alabama,AL,mcm maxcare ppo,Motif Medical,https://motifmedical.com/insurance/qualify
Alabama,AL,Medcorp Southwest Inc,Motif Medical,https://motifmedical.com/insurance/qualify
Alabama,AL,MedCost,Motif Medical,https://motifmedical.com/insurance/qualify
Alabama,AL,Medi-Share,Motif Medical,https://motifmedical.com/insurance/qualify
Alabama,AL,Medica,Motif Medical,https://motifmedical.com/insurance/qualify
Alabama,AL,Medicaid,Motif Medical,https://motifmedical.com/insurance/qualify
Alabama,AL,"Medical Cost Containment Professionals, LLC (MCCP)",Motif Medical,https://motifmedical.com/insurance/qualify
Alabama,AL,medical resource,Motif Medical,https://motifmedical.com/insurance/qualify
Alabama,AL,Medicare,Motif Medical,https://motifmedical.com/insurance/qualify
Alabama,AL,MedPartners,Motif Medical,https://motifmedical.com/insurance/qualify
Alabama,AL,Meridian Health Plan,Motif Medical,https://motifmedical.com/insurance/qualify
Alabama,AL,Meritain Health,Motif Medical,https://motifmedical.com/insurance/qualify
Alabama,AL,Methodist First Choice,Motif Medical,https://motifmedical.com/insurance/qualify
Alabama,AL,MetroPlus,Motif Medical,https://motifmedical.com/insurance/qualify
Alabama,AL,Midlands Choice,Motif Medical,https://motifmedical.com/insurance/qualify
Alabama,AL,Midwest Health,Motif Medical,https://motifmedical.com/insurance/qualify
Alabama,AL,MissionPoint,Motif Medical,https://motifmedical.com/insurance/qualify
Alabama,AL,Moda Health,Motif Medical,https://motifmedical.com/insurance/qualify
Alabama,AL,Molina,Motif Medical,https://motifmedical.com/insurance/qualify
Alabama,AL,Mountain Health CO-OP,Motif Medical,https://motifmedical.com/insurance/qualify
Alabama,AL,Multiplan-PHCS,Motif Medical,https://motifmedical.com/insurance/qualify
Alabama,AL,Mutual Assurance Administrators,Motif Medical,https://motifmedical.com/insurance/qualify
Alabama,AL,NAMCI North Alabama Managed Care,Motif Medical,https://motifmedical.com/insurance/qualify
Alabama,AL,National Association of Letter Carriers,Motif Medical,https://motifmedical.com/insurance/qualify
Alabama,AL,National Elevator Industry Health Benefits,Motif Medical,https://motifmedical.com/insurance/qualify
Alabama,AL,Nationwide Insurance,Motif Medical,https://motifmedical.com/insurance/qualify
Alabama,AL,"Nationwide Insurance, Pratt Towers",Motif Medical,https://motifmedical.com/insurance/qualify
Alabama,AL,Northeast Health Plan,Motif Medical,https://motifmedical.com/insurance/qualify
Alabama,AL,NYSHIP,Motif Medical,https://motifmedical.com/insurance/qualify
Alabama,AL,One Homecare Solutions,Motif Medical,https://motifmedical.com/insurance/qualify
Alabama,AL,Onecall,Motif Medical,https://motifmedical.com/insurance/qualify
Alabama,AL,Optum,Motif Medical,https://motifmedical.com/insurance/qualify
Alabama,AL,Other,Motif Medical,https://motifmedical.com/insurance/qualify
Alabama,AL,OWCA,Motif Medical,https://motifmedical.com/insurance/qualify
Alabama,AL,Oxford Health Plans,Motif Medical,https://motifmedical.com/insurance/qualify
Alabama,AL,Pacific Source Health Plans,Motif Medical,https://motifmedical.com/insurance/qualify
Alabama,AL,Paradigm,Motif Medical,https://motifmedical.com/insurance/qualify
Alabama,AL,Performance Health,Motif Medical,https://motifmedical.com/insurance/qualify
Alabama,AL,Piedmont Healthcare,Motif Medical,https://motifmedical.com/insurance/qualify
Alabama,AL,Pinnacle Assurance,Motif Medical,https://motifmedical.com/insurance/qualify
Alabama,AL,Porter County Government Employee Benefits,Motif Medical,https://motifmedical.com/insurance/qualify
Alabama,AL,PPO Plus,Motif Medical,https://motifmedical.com/insurance/qualify
Alabama,AL,Prairie States,Motif Medical,https://motifmedical.com/insurance/qualify
Alabama,AL,Preferred Health Alliance,Motif Medical,https://motifmedical.com/insurance/qualify
Alabama,AL,Preferred Health Professionals,Motif Medical,https://motifmedical.com/insurance/qualify
Alabama,AL,Preferred Medical Network,Motif Medical,https://motifmedical.com/insurance/qualify
Alabama,AL,Preferred One,Motif Medical,https://motifmedical.com/insurance/qualify
Alabama,AL,Presbyterian Health Plan,Motif Medical,https://motifmedical.com/insurance/qualify
Alabama,AL,Prime Health,Motif Medical,https://motifmedical.com/insurance/qualify
Alabama,AL,Priority Health,Motif Medical,https://motifmedical.com/insurance/qualify
Alabama,AL,PROVIDENCE HEALTH,Motif Medical,https://motifmedical.com/insurance/qualify
Alabama,AL,Provider Network of America,Motif Medical,https://motifmedical.com/insurance/qualify
Alabama,AL,QualChoice,Motif Medical,https://motifmedical.com/insurance/qualify
Alabama,AL,Quartz,Motif Medical,https://motifmedical.com/insurance/qualify
Alabama,AL,Reserve National Insurance Company,Motif Medical,https://motifmedical.com/insurance/qualify
Alabama,AL,ResourceOne Administrators,Motif Medical,https://motifmedical.com/insurance/qualify
Alabama,AL,S & S Health,Motif Medical,https://motifmedical.com/insurance/qualify
Alabama,AL,Samaritan,Motif Medical,https://motifmedical.com/insurance/qualify
Alabama,AL,Sana Benefits,Motif Medical,https://motifmedical.com/insurance/qualify
Alabama,AL,Sanford Health Plan,Motif Medical,https://motifmedical.com/insurance/qualify
Alabama,AL,Scott & White Health Plan,Motif Medical,https://motifmedical.com/insurance/qualify
Alabama,AL,SEASIDE HLTH,Motif Medical,https://motifmedical.com/insurance/qualify
Alabama,AL,Sedgwick,Motif Medical,https://motifmedical.com/insurance/qualify
Alabama,AL,Select Administrative Services,Motif Medical,https://motifmedical.com/insurance/qualify
Alabama,AL,Self Insured Services Company,Motif Medical,https://motifmedical.com/insurance/qualify
Alabama,AL,Sentara Health Plans,Motif Medical,https://motifmedical.com/insurance/qualify
Alabama,AL,Sentry Insurance,Motif Medical,https://motifmedical.com/insurance/qualify
Alabama,AL,Sentry Insurance,Motif Medical,https://motifmedical.com/insurance/qualify
Alabama,AL,SIHO,Motif Medical,https://motifmedical.com/insurance/qualify
Alabama,AL,Simpra Advantage,Motif Medical,https://motifmedical.com/insurance/qualify
Alabama,AL,SIX DEGREES HEALTH,Motif Medical,https://motifmedical.com/insurance/qualify
Alabama,AL,SmartHealth,Motif Medical,https://motifmedical.com/insurance/qualify
Alabama,AL,SMS National,Motif Medical,https://motifmedical.com/insurance/qualify
Alabama,AL,Sound Health and Wellness,Motif Medical,https://motifmedical.com/insurance/qualify
Alabama,AL,Sound Health and Wellness,Motif Medical,https://motifmedical.com/insurance/qualify
Alabama,AL,South Central Preferred,Motif Medical,https://motifmedical.com/insurance/qualify
Alabama,AL,Starmark,Motif Medical,https://motifmedical.com/insurance/qualify
Alabama,AL,Surest,Motif Medical,https://motifmedical.com/insurance/qualify
Alabama,AL,Surest Health Plan,Motif Medical,https://motifmedical.com/insurance/qualify
Alabama,AL,The American Worker,Motif Medical,https://motifmedical.com/insurance/qualify
Alabama,AL,The American Worker,Motif Medical,https://motifmedical.com/insurance/qualify
Alabama,AL,The Empire Plan,Motif Medical,https://motifmedical.com/insurance/qualify
Alabama,AL,The Health Plan,Motif Medical,https://motifmedical.com/insurance/qualify
Alabama,AL,Tricare,Motif Medical,https://motifmedical.com/insurance/qualify
Alabama,AL,TriCare – East Region,Motif Medical,https://motifmedical.com/insurance/qualify
Alabama,AL,Tricare East,Motif Medical,https://motifmedical.com/insurance/qualify
Alabama,AL,Tricare Overseas,Motif Medical,https://motifmedical.com/insurance/qualify
Alabama,AL,Trilogy,Motif Medical,https://motifmedical.com/insurance/qualify
Alabama,AL,TRPN,Motif Medical,https://motifmedical.com/insurance/qualify
Alabama,AL,Trustmark,Motif Medical,https://motifmedical.com/insurance/qualify
Alabama,AL,Tufts Health Plan,Motif Medical,https://motifmedical.com/insurance/qualify
Alabama,AL,Ucare,Motif Medical,https://motifmedical.com/insurance/qualify
Alabama,AL,UHC ALL SAVERS,Motif Medical,https://motifmedical.com/insurance/qualify
Alabama,AL,UHC SHARED SERVICES,Motif Medical,https://motifmedical.com/insurance/qualify
Alabama,AL,UHC STUDENT RESOURCES,Motif Medical,https://motifmedical.com/insurance/qualify
Alabama,AL,UHC SUREST,Motif Medical,https://motifmedical.com/insurance/qualify
Alabama,AL,UHIS,Motif Medical,https://motifmedical.com/insurance/qualify
Alabama,AL,UMR,Motif Medical,https://motifmedical.com/insurance/qualify
Alabama,AL,UMWA Health & Retirement Funds,Motif Medical,https://motifmedical.com/insurance/qualify
Alabama,AL,Unicare,Motif Medical,https://motifmedical.com/insurance/qualify
Alabama,AL,United,Motif Medical,https://motifmedical.com/insurance/qualify
Alabama,AL,United Healthcare,Motif Medical,https://motifmedical.com/insurance/qualify
Alabama,AL,United Healthcare All Savers,Motif Medical,https://motifmedical.com/insurance/qualify
Alabama,AL,United Healthcare Medicaid,Motif Medical,https://motifmedical.com/insurance/qualify
Alabama,AL,United Healthcare Shared Services,Motif Medical,https://motifmedical.com/insurance/qualify
Alabama,AL,United Healthcare StudentResources,Motif Medical,https://motifmedical.com/insurance/qualify
Alabama,AL,United Student Resources,Motif Medical,https://motifmedical.com/insurance/qualify
Alabama,AL,UPMC,Motif Medical,https://motifmedical.com/insurance/qualify
Alabama,AL,US Family Health Plan,Motif Medical,https://motifmedical.com/insurance/qualify
Alabama,AL,USA MANAGED CARE ORGANIZATIONS,Motif Medical,https://motifmedical.com/insurance/qualify
Alabama,AL,Valenz,Motif Medical,https://motifmedical.com/insurance/qualify
Alabama,AL,Valenz,Motif Medical,https://motifmedical.com/insurance/qualify
Alabama,AL,VIVA Health,Motif Medical,https://motifmedical.com/insurance/qualify
Alabama,AL,WebTPA,Motif Medical,https://motifmedical.com/insurance/qualify
Alabama,AL,Wellcare,Motif Medical,https://motifmedical.com/insurance/qualify
Alabama,AL,WellCare of Alabama,Motif Medical,https://motifmedical.com/insurance/qualify
Alabama,AL,WellFirst Health,Motif Medical,https://motifmedical.com/insurance/qualify
Alabama,AL,WellMed,Motif Medical,https://motifmedical.com/insurance/qualify
Alabama,AL,World Trade Center,Motif Medical,https://motifmedical.com/insurance/qualify
Alabama,AL,Zelis,Motif Medical,https://motifmedical.com/insurance/qualify
Alabama,AL,ZENITH ADMIN,Motif Medical,https://motifmedical.com/insurance/qualify
Arizona,AZ,Aetna Better Health,Motif Medical,https://motifmedical.com/insurance/qualify
Arizona,AZ,A&S Financial,Motif Medical,https://motifmedical.com/insurance/qualify
Arizona,AZ,Access Health Services - TPA,Motif Medical,https://motifmedical.com/insurance/qualify
Arizona,AZ,Aetna,Motif Medical,https://motifmedical.com/insurance/qualify
Arizona,AZ,Aetna Atlantic Health,Motif Medical,https://motifmedical.com/insurance/qualify
Arizona,AZ,Aetna National,Motif Medical,https://motifmedical.com/insurance/qualify
Arizona,AZ,Affinity,Motif Medical,https://motifmedical.com/insurance/qualify
Arizona,AZ,All Savers Health Plans,Motif Medical,https://motifmedical.com/insurance/qualify
Arizona,AZ,Allegiance,Motif Medical,https://motifmedical.com/insurance/qualify
Arizona,AZ,Alliance Health,Motif Medical,https://motifmedical.com/insurance/qualify
Arizona,AZ,Alliant Health,Motif Medical,https://motifmedical.com/insurance/qualify
Arizona,AZ,Allied Health Benefits,Motif Medical,https://motifmedical.com/insurance/qualify
Arizona,AZ,AllWays Health Partners,Motif Medical,https://motifmedical.com/insurance/qualify
Arizona,AZ,Allwell Arizona Complete Health,Motif Medical,https://motifmedical.com/insurance/qualify
Arizona,AZ,Alternative Insurance Resources,Motif Medical,https://motifmedical.com/insurance/qualify
Arizona,AZ,Ambetter,Motif Medical,https://motifmedical.com/insurance/qualify
Arizona,AZ,Ambetter Arizona Complete Health,Motif Medical,https://motifmedical.com/insurance/qualify
Arizona,AZ,AmBetter Commercial,Motif Medical,https://motifmedical.com/insurance/qualify
Arizona,AZ,AmeriBen,Motif Medical,https://motifmedical.com/insurance/qualify
Arizona,AZ,America's Choice Provider Network,Motif Medical,https://motifmedical.com/insurance/qualify
Arizona,AZ,American Healthcare Alliance,Motif Medical,https://motifmedical.com/insurance/qualify
Arizona,AZ,American PPO,Motif Medical,https://motifmedical.com/insurance/qualify
Arizona,AZ,AmeriGroup,Motif Medical,https://motifmedical.com/insurance/qualify
Arizona,AZ,AmeriHealth,Motif Medical,https://motifmedical.com/insurance/qualify
Arizona,AZ,Ametros,Motif Medical,https://motifmedical.com/insurance/qualify
Arizona,AZ,Ancillary Care Services,Motif Medical,https://motifmedical.com/insurance/qualify
Arizona,AZ,Anthem BCBCS,Motif Medical,https://motifmedical.com/insurance/qualify
Arizona,AZ,Anthem BCBS,Motif Medical,https://motifmedical.com/insurance/qualify
Arizona,AZ,Anthem Blue Cross Blue Shield,Motif Medical,https://motifmedical.com/insurance/qualify
Arizona,AZ,Anthem Medicaid,Motif Medical,https://motifmedical.com/insurance/qualify
Arizona,AZ,Arcbest Corporation,Motif Medical,https://motifmedical.com/insurance/qualify
Arizona,AZ,Arizona Blue Cross Blue Shield,Motif Medical,https://motifmedical.com/insurance/qualify
Arizona,AZ,Arizona Complete Health,Motif Medical,https://motifmedical.com/insurance/qualify
Arizona,AZ,Arizona Complete Health - Medicaid,Motif Medical,https://motifmedical.com/insurance/qualify
Arizona,AZ,Arizona Foundation for Medical Care,Motif Medical,https://motifmedical.com/insurance/qualify
Arizona,AZ,Arizona Physicians IPA,Motif Medical,https://motifmedical.com/insurance/qualify
Arizona,AZ,ASURIS,Motif Medical,https://motifmedical.com/insurance/qualify
Arizona,AZ,Atrio Health Plans,Motif Medical,https://motifmedical.com/insurance/qualify
Arizona,AZ,Badger Care,Motif Medical,https://motifmedical.com/insurance/qualify
Arizona,AZ,Banner Health,Motif Medical,https://motifmedical.com/insurance/qualify
Arizona,AZ,Banner University Health Plans,Motif Medical,https://motifmedical.com/insurance/qualify
Arizona,AZ,BCE Emergis,Motif Medical,https://motifmedical.com/insurance/qualify
Arizona,AZ,Beacon Health,Motif Medical,https://motifmedical.com/insurance/qualify
Arizona,AZ,Beech Street,Motif Medical,https://motifmedical.com/insurance/qualify
Arizona,AZ,Benefit Assistance Corp,Motif Medical,https://motifmedical.com/insurance/qualify
Arizona,AZ,Blue Benefit Administrators,Motif Medical,https://motifmedical.com/insurance/qualify
Arizona,AZ,Blue Cross Blue Shield,Motif Medical,https://motifmedical.com/insurance/qualify
Arizona,AZ,Bluegrass Family Health,Motif Medical,https://motifmedical.com/insurance/qualify
Arizona,AZ,BMI Benefits LLC,Motif Medical,https://motifmedical.com/insurance/qualify
Arizona,AZ,Boulder Admin,Motif Medical,https://motifmedical.com/insurance/qualify
Arizona,AZ,Bridgeway Health Solutions,Motif Medical,https://motifmedical.com/insurance/qualify
Arizona,AZ,Bright Health,Motif Medical,https://motifmedical.com/insurance/qualify
Arizona,AZ,Buckeye Community Health Plan,Motif Medical,https://motifmedical.com/insurance/qualify
Arizona,AZ,Care First Arizona a Wellcare Company,Motif Medical,https://motifmedical.com/insurance/qualify
Arizona,AZ,CareFirst BCBS,Motif Medical,https://motifmedical.com/insurance/qualify
Arizona,AZ,Careington International,Motif Medical,https://motifmedical.com/insurance/qualify
Arizona,AZ,Caresource,Motif Medical,https://motifmedical.com/insurance/qualify
Arizona,AZ,CAREVALENT GILSBAR,Motif Medical,https://motifmedical.com/insurance/qualify
Arizona,AZ,Cedar Valley Community Healthcare,Motif Medical,https://motifmedical.com/insurance/qualify
Arizona,AZ,Cedar Valley Hospice - Transportation,Motif Medical,https://motifmedical.com/insurance/qualify
Arizona,AZ,Cenpatico Integrated Care,Motif Medical,https://motifmedical.com/insurance/qualify
Arizona,AZ,Century Health Solutions,Motif Medical,https://motifmedical.com/insurance/qualify
Arizona,AZ,Cerner Health Plan,Motif Medical,https://motifmedical.com/insurance/qualify
Arizona,AZ,CHAMP VA,Motif Medical,https://motifmedical.com/insurance/qualify
Arizona,AZ,CHN Solutions,Motif Medical,https://motifmedical.com/insurance/qualify
Arizona,AZ,Choice Care Network,Motif Medical,https://motifmedical.com/insurance/qualify
Arizona,AZ,Cigna,Motif Medical,https://motifmedical.com/insurance/qualify
Arizona,AZ,ClearPrice Networks,Motif Medical,https://motifmedical.com/insurance/qualify
Arizona,AZ,Clover Health,Motif Medical,https://motifmedical.com/insurance/qualify
Arizona,AZ,CMN Inc. Global,Motif Medical,https://motifmedical.com/insurance/qualify
Arizona,AZ,Coastal Care Services,Motif Medical,https://motifmedical.com/insurance/qualify
Arizona,AZ,Cofinity Health Benefits,Motif Medical,https://motifmedical.com/insurance/qualify
Arizona,AZ,Common Ground Health Care,Motif Medical,https://motifmedical.com/insurance/qualify
Arizona,AZ,Commonwealth Care Alliance,Motif Medical,https://motifmedical.com/insurance/qualify
Arizona,AZ,Community Care,Motif Medical,https://motifmedical.com/insurance/qualify
Arizona,AZ,Community Health Options,Motif Medical,https://motifmedical.com/insurance/qualify
Arizona,AZ,Compass Rose Health Plan,Motif Medical,https://motifmedical.com/insurance/qualify
Arizona,AZ,CompDME,Motif Medical,https://motifmedical.com/insurance/qualify
Arizona,AZ,Connecticare,Motif Medical,https://motifmedical.com/insurance/qualify
Arizona,AZ,CONSOCIATE CARE,Motif Medical,https://motifmedical.com/insurance/qualify
Arizona,AZ,Continental Benefits,Motif Medical,https://motifmedical.com/insurance/qualify
Arizona,AZ,Cook County Health Plan,Motif Medical,https://motifmedical.com/insurance/qualify
Arizona,AZ,CoreSource,Motif Medical,https://motifmedical.com/insurance/qualify
Arizona,AZ,Coventry Health Care,Motif Medical,https://motifmedical.com/insurance/qualify
Arizona,AZ,CuraeChoice,Motif Medical,https://motifmedical.com/insurance/qualify
Arizona,AZ,Delta Health Systems,Motif Medical,https://motifmedical.com/insurance/qualify
Arizona,AZ,Deseret Mutual Benefit Administrators,Motif Medical,https://motifmedical.com/insurance/qualify
Arizona,AZ,Eagle Health Plan,Motif Medical,https://motifmedical.com/insurance/qualify
Arizona,AZ,EBMS,Motif Medical,https://motifmedical.com/insurance/qualify
Arizona,AZ,EBPA,Motif Medical,https://motifmedical.com/insurance/qualify
Arizona,AZ,Emblem Health,Motif Medical,https://motifmedical.com/insurance/qualify
Arizona,AZ,Employers Health Network,Motif Medical,https://motifmedical.com/insurance/qualify
Arizona,AZ,Exceedent,Motif Medical,https://motifmedical.com/insurance/qualify
Arizona,AZ,Excellus BlueCross BlueShield,Motif Medical,https://motifmedical.com/insurance/qualify
Arizona,AZ,Fidelis Care,Motif Medical,https://motifmedical.com/insurance/qualify
Arizona,AZ,First Choice Health,Motif Medical,https://motifmedical.com/insurance/qualify
Arizona,AZ,Friday Health Plan,Motif Medical,https://motifmedical.com/insurance/qualify
Arizona,AZ,Galaxy Health Network,Motif Medical,https://motifmedical.com/insurance/qualify
Arizona,AZ,Gateway Health,Motif Medical,https://motifmedical.com/insurance/qualify
Arizona,AZ,GEHA,Motif Medical,https://motifmedical.com/insurance/qualify
Arizona,AZ,Geisinger,Motif Medical,https://motifmedical.com/insurance/qualify
Arizona,AZ,Gilsbar,Motif Medical,https://motifmedical.com/insurance/qualify
Arizona,AZ,global excel management,Motif Medical,https://motifmedical.com/insurance/qualify
Arizona,AZ,group health benefits,Motif Medical,https://motifmedical.com/insurance/qualify
Arizona,AZ,Group Health Eau Claire,Motif Medical,https://motifmedical.com/insurance/qualify
Arizona,AZ,Harbor Health Plan,Motif Medical,https://motifmedical.com/insurance/qualify
Arizona,AZ,Harvard Pilgrim,Motif Medical,https://motifmedical.com/insurance/qualify
Arizona,AZ,Health Care Partners,Motif Medical,https://motifmedical.com/insurance/qualify
Arizona,AZ,health eos,Motif Medical,https://motifmedical.com/insurance/qualify
Arizona,AZ,Health EZ,Motif Medical,https://motifmedical.com/insurance/qualify
Arizona,AZ,Health Management Network,Motif Medical,https://motifmedical.com/insurance/qualify
Arizona,AZ,Health Net,Motif Medical,https://motifmedical.com/insurance/qualify
Arizona,AZ,Health New England,Motif Medical,https://motifmedical.com/insurance/qualify
Arizona,AZ,Health Options,Motif Medical,https://motifmedical.com/insurance/qualify
Arizona,AZ,Health Partners,Motif Medical,https://motifmedical.com/insurance/qualify
Arizona,AZ,Health Payment Systems,Motif Medical,https://motifmedical.com/insurance/qualify
Arizona,AZ,Health Plan Services,Motif Medical,https://motifmedical.com/insurance/qualify
Arizona,AZ,Health Plans Inc,Motif Medical,https://motifmedical.com/insurance/qualify
Arizona,AZ,Health Scope,Motif Medical,https://motifmedical.com/insurance/qualify
Arizona,AZ,Health Smart,Motif Medical,https://motifmedical.com/insurance/qualify
Arizona,AZ,Healthcare Management Administration,Motif Medical,https://motifmedical.com/insurance/qualify
Arizona,AZ,HealthComp,Motif Medical,https://motifmedical.com/insurance/qualify
Arizona,AZ,Healthcomp TPA,Motif Medical,https://motifmedical.com/insurance/qualify
Arizona,AZ,Healthgram,Motif Medical,https://motifmedical.com/insurance/qualify
Arizona,AZ,HealthLink,Motif Medical,https://motifmedical.com/insurance/qualify
Arizona,AZ,HealthSmart,Motif Medical,https://motifmedical.com/insurance/qualify
Arizona,AZ,"HealthSmart Preferred Care II, LP",Motif Medical,https://motifmedical.com/insurance/qualify
Arizona,AZ,HFN,Motif Medical,https://motifmedical.com/insurance/qualify
Arizona,AZ,highlands,Motif Medical,https://motifmedical.com/insurance/qualify
Arizona,AZ,Highmark BlueCross BlueShield,Motif Medical,https://motifmedical.com/insurance/qualify
Arizona,AZ,HMA,Motif Medical,https://motifmedical.com/insurance/qualify
Arizona,AZ,Homelink,Motif Medical,https://motifmedical.com/insurance/qualify
Arizona,AZ,Hudson Health Plan,Motif Medical,https://motifmedical.com/insurance/qualify
Arizona,AZ,Humana,Motif Medical,https://motifmedical.com/insurance/qualify
Arizona,AZ,Imagine 362,Motif Medical,https://motifmedical.com/insurance/qualify
Arizona,AZ,"immergrun, inc.",Motif Medical,https://motifmedical.com/insurance/qualify
Arizona,AZ,"Imperial Insurance Companies, Inc.",Motif Medical,https://motifmedical.com/insurance/qualify
Arizona,AZ,Independence BCBS,Motif Medical,https://motifmedical.com/insurance/qualify
Arizona,AZ,Independent Health,Motif Medical,https://motifmedical.com/insurance/qualify
Arizona,AZ,Independent Medical Systems,Motif Medical,https://motifmedical.com/insurance/qualify
Arizona,AZ,indequest,Motif Medical,https://motifmedical.com/insurance/qualify
Arizona,AZ,Insurance Management Services,Motif Medical,https://motifmedical.com/insurance/qualify
Arizona,AZ,Integra,Motif Medical,https://motifmedical.com/insurance/qualify
Arizona,AZ,Integrated Home Care Services - IHCS,Motif Medical,https://motifmedical.com/insurance/qualify
Arizona,AZ,INTotal Health,Motif Medical,https://motifmedical.com/insurance/qualify
Arizona,AZ,IPMG,Motif Medical,https://motifmedical.com/insurance/qualify
Arizona,AZ,J.P. Farley Corporation,Motif Medical,https://motifmedical.com/insurance/qualify
Arizona,AZ,Key Benefit Administrators,Motif Medical,https://motifmedical.com/insurance/qualify
Arizona,AZ,Keystone First,Motif Medical,https://motifmedical.com/insurance/qualify
Arizona,AZ,lakes area community healthplan,Motif Medical,https://motifmedical.com/insurance/qualify
Arizona,AZ,Lasso Healthcare,Motif Medical,https://motifmedical.com/insurance/qualify
Arizona,AZ,Lucent Health,Motif Medical,https://motifmedical.com/insurance/qualify
Arizona,AZ,Magellan,Motif Medical,https://motifmedical.com/insurance/qualify
Arizona,AZ,Magnacare,Motif Medical,https://motifmedical.com/insurance/qualify
Arizona,AZ,Mail Handlers,Motif Medical,https://motifmedical.com/insurance/qualify
Arizona,AZ,"Managed Care, Inc dba Galaxy Health Network",Motif Medical,https://motifmedical.com/insurance/qualify
Arizona,AZ,Martin's Point,Motif Medical,https://motifmedical.com/insurance/qualify
Arizona,AZ,maxor provider network,Motif Medical,https://motifmedical.com/insurance/qualify
Arizona,AZ,Mayo Clinic Health Solutions,Motif Medical,https://motifmedical.com/insurance/qualify
Arizona,AZ,McLaren Health Plans,Motif Medical,https://motifmedical.com/insurance/qualify
Arizona,AZ,mcm maxcare ppo,Motif Medical,https://motifmedical.com/insurance/qualify
Arizona,AZ,Medcorp Southwest Inc,Motif Medical,https://motifmedical.com/insurance/qualify
Arizona,AZ,MedCost,Motif Medical,https://motifmedical.com/insurance/qualify
Arizona,AZ,Medi-Share,Motif Medical,https://motifmedical.com/insurance/qualify
Arizona,AZ,Medica,Motif Medical,https://motifmedical.com/insurance/qualify
Arizona,AZ,Medicaid,Motif Medical,https://motifmedical.com/insurance/qualify
Arizona,AZ,Medicaid of Arizona,Motif Medical,https://motifmedical.com/insurance/qualify
Arizona,AZ,"Medical Cost Containment Professionals, LLC (MCCP)",Motif Medical,https://motifmedical.com/insurance/qualify
Arizona,AZ,medical resource,Motif Medical,https://motifmedical.com/insurance/qualify
Arizona,AZ,Medicare,Motif Medical,https://motifmedical.com/insurance/qualify
Arizona,AZ,Mercy Care Department of Child Safety Comprehensive Health Plan (fka Comprehensive Medical & Dental Program),Motif Medical,https://motifmedical.com/insurance/qualify
Arizona,AZ,Mercy Care Plan - Medicaid,Motif Medical,https://motifmedical.com/insurance/qualify
Arizona,AZ,Mercy Care Plan of Arizona,Motif Medical,https://motifmedical.com/insurance/qualify
Arizona,AZ,Meridian Health Plan,Motif Medical,https://motifmedical.com/insurance/qualify
Arizona,AZ,Meritain Health,Motif Medical,https://motifmedical.com/insurance/qualify
Arizona,AZ,Methodist First Choice,Motif Medical,https://motifmedical.com/insurance/qualify
Arizona,AZ,MetroPlus,Motif Medical,https://motifmedical.com/insurance/qualify
Arizona,AZ,Midlands Choice,Motif Medical,https://motifmedical.com/insurance/qualify
Arizona,AZ,Midwest Health,Motif Medical,https://motifmedical.com/insurance/qualify
Arizona,AZ,MissionPoint,Motif Medical,https://motifmedical.com/insurance/qualify
Arizona,AZ,Moda Health,Motif Medical,https://motifmedical.com/insurance/qualify
Arizona,AZ,Molina,Motif Medical,https://motifmedical.com/insurance/qualify
Arizona,AZ,Mountain Health CO-OP,Motif Medical,https://motifmedical.com/insurance/qualify
Arizona,AZ,Multiplan-PHCS,Motif Medical,https://motifmedical.com/insurance/qualify
Arizona,AZ,Mutual Assurance Administrators,Motif Medical,https://motifmedical.com/insurance/qualify
Arizona,AZ,National Association of Letter Carriers,Motif Medical,https://motifmedical.com/insurance/qualify
Arizona,AZ,National Elevator Industry Health Benefits,Motif Medical,https://motifmedical.com/insurance/qualify
Arizona,AZ,NYSHIP,Motif Medical,https://motifmedical.com/insurance/qualify
Arizona,AZ,Ohio Medicaid Pharmacy Provider,Motif Medical,https://motifmedical.com/insurance/qualify
Arizona,AZ,One Homecare Solutions,Motif Medical,https://motifmedical.com/insurance/qualify
Arizona,AZ,Onecall,Motif Medical,https://motifmedical.com/insurance/qualify
Arizona,AZ,Optum,Motif Medical,https://motifmedical.com/insurance/qualify
Arizona,AZ,Oscar,Motif Medical,https://motifmedical.com/insurance/qualify
Arizona,AZ,Oscar AZ-Commercial,Motif Medical,https://motifmedical.com/insurance/qualify
Arizona,AZ,Other,Motif Medical,https://motifmedical.com/insurance/qualify
Arizona,AZ,OWCA,Motif Medical,https://motifmedical.com/insurance/qualify
Arizona,AZ,Oxford Health Plans,Motif Medical,https://motifmedical.com/insurance/qualify
Arizona,AZ,P3 Health Partners Arizona,Motif Medical,https://motifmedical.com/insurance/qualify
Arizona,AZ,Pacific Source Health Plans,Motif Medical,https://motifmedical.com/insurance/qualify
Arizona,AZ,Paradigm,Motif Medical,https://motifmedical.com/insurance/qualify
Arizona,AZ,Performance Health,Motif Medical,https://motifmedical.com/insurance/qualify
Arizona,AZ,Piedmont Healthcare,Motif Medical,https://motifmedical.com/insurance/qualify
Arizona,AZ,Pinnacle Assurance,Motif Medical,https://motifmedical.com/insurance/qualify
Arizona,AZ,Porter County Government Employee Benefits,Motif Medical,https://motifmedical.com/insurance/qualify
Arizona,AZ,PPO Plus,Motif Medical,https://motifmedical.com/insurance/qualify
Arizona,AZ,Prairie States,Motif Medical,https://motifmedical.com/insurance/qualify
Arizona,AZ,Preferred Health Professionals,Motif Medical,https://motifmedical.com/insurance/qualify
Arizona,AZ,Preferred Medical Network,Motif Medical,https://motifmedical.com/insurance/qualify
Arizona,AZ,Preferred One,Motif Medical,https://motifmedical.com/insurance/qualify
Arizona,AZ,Presbyterian Health Plan,Motif Medical,https://motifmedical.com/insurance/qualify
Arizona,AZ,Priority Health,Motif Medical,https://motifmedical.com/insurance/qualify
Arizona,AZ,PROVIDENCE HEALTH,Motif Medical,https://motifmedical.com/insurance/qualify
Arizona,AZ,Provider Network of America,Motif Medical,https://motifmedical.com/insurance/qualify
Arizona,AZ,QualChoice,Motif Medical,https://motifmedical.com/insurance/qualify
Arizona,AZ,Quartz,Motif Medical,https://motifmedical.com/insurance/qualify
Arizona,AZ,Reserve National Insurance Company,Motif Medical,https://motifmedical.com/insurance/qualify
Arizona,AZ,ResourceOne Administrators,Motif Medical,https://motifmedical.com/insurance/qualify
Arizona,AZ,S & S Health,Motif Medical,https://motifmedical.com/insurance/qualify
Arizona,AZ,Samaritan,Motif Medical,https://motifmedical.com/insurance/qualify
Arizona,AZ,Sana Benefits,Motif Medical,https://motifmedical.com/insurance/qualify
Arizona,AZ,Sanford Health Plan,Motif Medical,https://motifmedical.com/insurance/qualify
Arizona,AZ,Scott & White Health Plan,Motif Medical,https://motifmedical.com/insurance/qualify
Arizona,AZ,Sedgwick,Motif Medical,https://motifmedical.com/insurance/qualify
Arizona,AZ,Select Administrative Services,Motif Medical,https://motifmedical.com/insurance/qualify
Arizona,AZ,Self Insured Services Company,Motif Medical,https://motifmedical.com/insurance/qualify
Arizona,AZ,Sentara Health Plans,Motif Medical,https://motifmedical.com/insurance/qualify
Arizona,AZ,Sentry Insurance,Motif Medical,https://motifmedical.com/insurance/qualify
Arizona,AZ,SIHO,Motif Medical,https://motifmedical.com/insurance/qualify
Arizona,AZ,SIX DEGREES HEALTH,Motif Medical,https://motifmedical.com/insurance/qualify
Arizona,AZ,SmartHealth,Motif Medical,https://motifmedical.com/insurance/qualify
Arizona,AZ,SMS National,Motif Medical,https://motifmedical.com/insurance/qualify
Arizona,AZ,Sound Health and Wellness,Motif Medical,https://motifmedical.com/insurance/qualify
Arizona,AZ,South Central Preferred,Motif Medical,https://motifmedical.com/insurance/qualify
Arizona,AZ,Southwest Service Administrators,Motif Medical,https://motifmedical.com/insurance/qualify
Arizona,AZ,Starmark,Motif Medical,https://motifmedical.com/insurance/qualify
Arizona,AZ,Steward Health Choice - Medicaid,Motif Medical,https://motifmedical.com/insurance/qualify
Arizona,AZ,The American Worker,Motif Medical,https://motifmedical.com/insurance/qualify
Arizona,AZ,The American Worker (f.k.a Century Healthcare),Motif Medical,https://motifmedical.com/insurance/qualify
Arizona,AZ,The Empire Plan,Motif Medical,https://motifmedical.com/insurance/qualify
Arizona,AZ,The Health Plan,Motif Medical,https://motifmedical.com/insurance/qualify
Arizona,AZ,Tricare,Motif Medical,https://motifmedical.com/insurance/qualify
Arizona,AZ,Tricare Overseas,Motif Medical,https://motifmedical.com/insurance/qualify
Arizona,AZ,Tricare West,Motif Medical,https://motifmedical.com/insurance/qualify
Arizona,AZ,Trilogy,Motif Medical,https://motifmedical.com/insurance/qualify
Arizona,AZ,TRPN,Motif Medical,https://motifmedical.com/insurance/qualify
Arizona,AZ,Trustmark,Motif Medical,https://motifmedical.com/insurance/qualify
Arizona,AZ,Tufts Health Plan,Motif Medical,https://motifmedical.com/insurance/qualify
Arizona,AZ,Ucare,Motif Medical,https://motifmedical.com/insurance/qualify
Arizona,AZ,UHC ALL SAVERS,Motif Medical,https://motifmedical.com/insurance/qualify
Arizona,AZ,UHC SHARED SERVICES,Motif Medical,https://motifmedical.com/insurance/qualify
Arizona,AZ,UHC STUDENT RESOURCES,Motif Medical,https://motifmedical.com/insurance/qualify
Arizona,AZ,UHC SUREST,Motif Medical,https://motifmedical.com/insurance/qualify
Arizona,AZ,UHIS,Motif Medical,https://motifmedical.com/insurance/qualify
Arizona,AZ,UMR,Motif Medical,https://motifmedical.com/insurance/qualify
Arizona,AZ,UMWA Health & Retirement Funds,Motif Medical,https://motifmedical.com/insurance/qualify
Arizona,AZ,Unicare,Motif Medical,https://motifmedical.com/insurance/qualify
Arizona,AZ,United,Motif Medical,https://motifmedical.com/insurance/qualify
Arizona,AZ,United Healthcare,Motif Medical,https://motifmedical.com/insurance/qualify
Arizona,AZ,United Healthcare  Commercial and Medicare,Motif Medical,https://motifmedical.com/insurance/qualify
Arizona,AZ,United Healthcare All Savers,Motif Medical,https://motifmedical.com/insurance/qualify
Arizona,AZ,United Healthcare Medicaid,Motif Medical,https://motifmedical.com/insurance/qualify
Arizona,AZ,United Healthcare Shared Services,Motif Medical,https://motifmedical.com/insurance/qualify
Arizona,AZ,United Healthcare StudentResources,Motif Medical,https://motifmedical.com/insurance/qualify
Arizona,AZ,United Student Resources,Motif Medical,https://motifmedical.com/insurance/qualify
Arizona,AZ,UPMC,Motif Medical,https://motifmedical.com/insurance/qualify
Arizona,AZ,US Family Health Plan,Motif Medical,https://motifmedical.com/insurance/qualify
Arizona,AZ,USA MANAGED CARE ORGANIZATIONS,Motif Medical,https://motifmedical.com/insurance/qualify
Arizona,AZ,Valenz,Motif Medical,https://motifmedical.com/insurance/qualify
Arizona,AZ,Valenz f.k.a United Claim Solutions (PPO Network),Motif Medical,https://motifmedical.com/insurance/qualify
Arizona,AZ,WebTPA,Motif Medical,https://motifmedical.com/insurance/qualify
Arizona,AZ,Wellcare,Motif Medical,https://motifmedical.com/insurance/qualify
Arizona,AZ,WellFirst Health,Motif Medical,https://motifmedical.com/insurance/qualify
Arizona,AZ,WellMed,Motif Medical,https://motifmedical.com/insurance/qualify
Arizona,AZ,Western Growers Assurance Trust,Motif Medical,https://motifmedical.com/insurance/qualify
Arizona,AZ,World Trade Center,Motif Medical,https://motifmedical.com/insurance/qualify
Arizona,AZ,Zelis,Motif Medical,https://motifmedical.com/insurance/qualify
Arizona,AZ,ZENITH ADMIN,Motif Medical,https://motifmedical.com/insurance/qualify
California,CA,A&S Financial,Motif Medical,https://motifmedical.com/insurance/qualify
California,CA,ABA,Motif Medical,https://motifmedical.com/insurance/qualify
California,CA,Access Health Direct,Motif Medical,https://motifmedical.com/insurance/qualify
California,CA,Access Health Services - TPA,Motif Medical,https://motifmedical.com/insurance/qualify
California,CA,Access Medical Group,Motif Medical,https://motifmedical.com/insurance/qualify
California,CA,ACCOUNTABLE IPA,Motif Medical,https://motifmedical.com/insurance/qualify
California,CA,ACCOUNTBLE HLTH,Motif Medical,https://motifmedical.com/insurance/qualify
California,CA,ADMIN SOLUTIONS,Motif Medical,https://motifmedical.com/insurance/qualify
California,CA,ADVANTEK,Motif Medical,https://motifmedical.com/insurance/qualify
California,CA,Adventist,Motif Medical,https://motifmedical.com/insurance/qualify
California,CA,Aetna,Motif Medical,https://motifmedical.com/insurance/qualify
California,CA,Aetna Atlantic Health,Motif Medical,https://motifmedical.com/insurance/qualify
California,CA,Aetna National,Motif Medical,https://motifmedical.com/insurance/qualify
California,CA,Affiliated Doctors of Orange County,Motif Medical,https://motifmedical.com/insurance/qualify
California,CA,Affiliated Physicians Medical Group,Motif Medical,https://motifmedical.com/insurance/qualify
California,CA,Affinity,Motif Medical,https://motifmedical.com/insurance/qualify
California,CA,AKM MED GROUP,Motif Medical,https://motifmedical.com/insurance/qualify
California,CA,Alameda Alliance for Health,Motif Medical,https://motifmedical.com/insurance/qualify
California,CA,Alamitos IPA,Motif Medical,https://motifmedical.com/insurance/qualify
California,CA,Alignment Healthcare,Motif Medical,https://motifmedical.com/insurance/qualify
California,CA,Alignment Healthcare fka Citizens Choice Health Plan,Motif Medical,https://motifmedical.com/insurance/qualify
California,CA,ALIGNMENT HLTH,Motif Medical,https://motifmedical.com/insurance/qualify
California,CA,All Care Medical Group,Motif Medical,https://motifmedical.com/insurance/qualify
California,CA,All Savers Health Plans,Motif Medical,https://motifmedical.com/insurance/qualify
California,CA,Allegiance,Motif Medical,https://motifmedical.com/insurance/qualify
California,CA,Alliance Desert Physicians,Motif Medical,https://motifmedical.com/insurance/qualify
California,CA,Alliant Health,Motif Medical,https://motifmedical.com/insurance/qualify
California,CA,Allied Health Benefits,Motif Medical,https://motifmedical.com/insurance/qualify
California,CA,ALLIED PACIFIC,Motif Medical,https://motifmedical.com/insurance/qualify
California,CA,ALLIED PHYS,Motif Medical,https://motifmedical.com/insurance/qualify
California,CA,AllWays Health Partners,Motif Medical,https://motifmedical.com/insurance/qualify
California,CA,"AlphaCare, Medicaid",Motif Medical,https://motifmedical.com/insurance/qualify
California,CA,Alta Bates Medical Group,Motif Medical,https://motifmedical.com/insurance/qualify
California,CA,Alta LA Comm Hosp. Norwalk,Motif Medical,https://motifmedical.com/insurance/qualify
California,CA,ALTAMED,Motif Medical,https://motifmedical.com/insurance/qualify
California,CA,Alternative Insurance Resources,Motif Medical,https://motifmedical.com/insurance/qualify
California,CA,Ambetter,Motif Medical,https://motifmedical.com/insurance/qualify
California,CA,AmeriBen,Motif Medical,https://motifmedical.com/insurance/qualify
California,CA,America's Choice Provider Network,Motif Medical,https://motifmedical.com/insurance/qualify
California,CA,American Healthcare Alliance,Motif Medical,https://motifmedical.com/insurance/qualify
California,CA,American PPO,Motif Medical,https://motifmedical.com/insurance/qualify
California,CA,AmeriHealth,Motif Medical,https://motifmedical.com/insurance/qualify
California,CA,Ametros,Motif Medical,https://motifmedical.com/insurance/qualify
California,CA,AMVI IMC GRP,Motif Medical,https://motifmedical.com/insurance/qualify
California,CA,Anaheim Regional Medical Center,Motif Medical,https://motifmedical.com/insurance/qualify
California,CA,Ancillary Care Services,Motif Medical,https://motifmedical.com/insurance/qualify
California,CA,Angeles IPA,Motif Medical,https://motifmedical.com/insurance/qualify
California,CA,Anthem BCBCS,Motif Medical,https://motifmedical.com/insurance/qualify
California,CA,Anthem BCBS,Motif Medical,https://motifmedical.com/insurance/qualify
California,CA,Anthem Blue Cross - California,Motif Medical,https://motifmedical.com/insurance/qualify
California,CA,Anthem Blue Cross Blue Shield,Motif Medical,https://motifmedical.com/insurance/qualify
California,CA,Anthem Medicaid,Motif Medical,https://motifmedical.com/insurance/qualify
California,CA,Arcadian Health,Motif Medical,https://motifmedical.com/insurance/qualify
California,CA,ARCADIAN MANAGM,Motif Medical,https://motifmedical.com/insurance/qualify
California,CA,Arcbest Corporation,Motif Medical,https://motifmedical.com/insurance/qualify
California,CA,ARTA HEALTH,Motif Medical,https://motifmedical.com/insurance/qualify
California,CA,Aspire Health Plan,Motif Medical,https://motifmedical.com/insurance/qualify
California,CA,ASSOC HISP PHYS,Motif Medical,https://motifmedical.com/insurance/qualify
California,CA,ASURIS,Motif Medical,https://motifmedical.com/insurance/qualify
California,CA,ATPA,Motif Medical,https://motifmedical.com/insurance/qualify
California,CA,Atrio Health Plans,Motif Medical,https://motifmedical.com/insurance/qualify
California,CA,AVALON IPA,Motif Medical,https://motifmedical.com/insurance/qualify
California,CA,Avante Best Care IPA,Motif Medical,https://motifmedical.com/insurance/qualify
California,CA,Axminster Medical Group,Motif Medical,https://motifmedical.com/insurance/qualify
California,CA,Badger Care,Motif Medical,https://motifmedical.com/insurance/qualify
California,CA,Bakersfield Family,Motif Medical,https://motifmedical.com/insurance/qualify
California,CA,Bakersfield Medical Group,Motif Medical,https://motifmedical.com/insurance/qualify
California,CA,BAKERY CONG UN,Motif Medical,https://motifmedical.com/insurance/qualify
California,CA,BCE Emergis,Motif Medical,https://motifmedical.com/insurance/qualify
California,CA,Beacon Health,Motif Medical,https://motifmedical.com/insurance/qualify
California,CA,Beech Street,Motif Medical,https://motifmedical.com/insurance/qualify
California,CA,Bella Vista Medical Group,Motif Medical,https://motifmedical.com/insurance/qualify
California,CA,Benefit Administrative Systems,Motif Medical,https://motifmedical.com/insurance/qualify
California,CA,Benefit Assistance Corp,Motif Medical,https://motifmedical.com/insurance/qualify
California,CA,BEVERLY HOSP,Motif Medical,https://motifmedical.com/insurance/qualify
California,CA,Blue Benefit Administrators,Motif Medical,https://motifmedical.com/insurance/qualify
California,CA,Blue Cross Blue Shield,Motif Medical,https://motifmedical.com/insurance/qualify
California,CA,Blue Cross Blue Shield of California - Promise Health Plan,Motif Medical,https://motifmedical.com/insurance/qualify
California,CA,Blue Shield California,Motif Medical,https://motifmedical.com/insurance/qualify
California,CA,BLUE SHIELD OF CA,Motif Medical,https://motifmedical.com/insurance/qualify
California,CA,Bluegrass Family Health,Motif Medical,https://motifmedical.com/insurance/qualify
California,CA,BMI Benefits LLC,Motif Medical,https://motifmedical.com/insurance/qualify
California,CA,Boulder Admin,Motif Medical,https://motifmedical.com/insurance/qualify
California,CA,Brand New Day,Motif Medical,https://motifmedical.com/insurance/qualify
California,CA,BRMS,Motif Medical,https://motifmedical.com/insurance/qualify
California,CA,Brookshire IPA,Motif Medical,https://motifmedical.com/insurance/qualify
California,CA,BROWN & TOLAND,Motif Medical,https://motifmedical.com/insurance/qualify
California,CA,Brown and Toland Medical Group,Motif Medical,https://motifmedical.com/insurance/qualify
California,CA,Buckeye Community Health Plan,Motif Medical,https://motifmedical.com/insurance/qualify
California,CA,CA FIELD IRON,Motif Medical,https://motifmedical.com/insurance/qualify
California,CA,CA HOSP MED CNT,Motif Medical,https://motifmedical.com/insurance/qualify
California,CA,CA MED CENTER,Motif Medical,https://motifmedical.com/insurance/qualify
California,CA,CAL CARE IPA,Motif Medical,https://motifmedical.com/insurance/qualify
California,CA,CAL NET,Motif Medical,https://motifmedical.com/insurance/qualify
California,CA,Cal Viva Health,Motif Medical,https://motifmedical.com/insurance/qualify
California,CA,CALFARM HEALTH,Motif Medical,https://motifmedical.com/insurance/qualify
California,CA,California health and wellness,Motif Medical,https://motifmedical.com/insurance/qualify
California,CA,California IPA,Motif Medical,https://motifmedical.com/insurance/qualify
California,CA,CALOPTIMA,Motif Medical,https://motifmedical.com/insurance/qualify
California,CA,Canopy Health Network,Motif Medical,https://motifmedical.com/insurance/qualify
California,CA,CAPITOL ADMINIS,Motif Medical,https://motifmedical.com/insurance/qualify
California,CA,Care1st Health Plan,Motif Medical,https://motifmedical.com/insurance/qualify
California,CA,CareFirst BCBS,Motif Medical,https://motifmedical.com/insurance/qualify
California,CA,Careington International,Motif Medical,https://motifmedical.com/insurance/qualify
California,CA,Caresource,Motif Medical,https://motifmedical.com/insurance/qualify
California,CA,CAREVALENT GILSBAR,Motif Medical,https://motifmedical.com/insurance/qualify
California,CA,Carpenters Health & Welfare Fund,Motif Medical,https://motifmedical.com/insurance/qualify
California,CA,CCPC,Motif Medical,https://motifmedical.com/insurance/qualify
California,CA,CCS,Motif Medical,https://motifmedical.com/insurance/qualify
California,CA,Cedar Valley Community Healthcare,Motif Medical,https://motifmedical.com/insurance/qualify
California,CA,Cedar Valley Hospice - Transportation,Motif Medical,https://motifmedical.com/insurance/qualify
California,CA,CEDARS,Motif Medical,https://motifmedical.com/insurance/qualify
California,CA,Cedars-Sinai,Motif Medical,https://motifmedical.com/insurance/qualify
California,CA,CEM MASONS HLTH,Motif Medical,https://motifmedical.com/insurance/qualify
California,CA,CenCal Health,Motif Medical,https://motifmedical.com/insurance/qualify
California,CA,CENCAL HLTH,Motif Medical,https://motifmedical.com/insurance/qualify
California,CA,Centene,Motif Medical,https://motifmedical.com/insurance/qualify
California,CA,Centinela Valley IPA,Motif Medical,https://motifmedical.com/insurance/qualify
California,CA,Central California Alliance,Motif Medical,https://motifmedical.com/insurance/qualify
California,CA,Central California Alliance for Health,Motif Medical,https://motifmedical.com/insurance/qualify
California,CA,Century Health Solutions,Motif Medical,https://motifmedical.com/insurance/qualify
California,CA,Cerner Health Plan,Motif Medical,https://motifmedical.com/insurance/qualify
California,CA,Chaffey Medical Group,Motif Medical,https://motifmedical.com/insurance/qualify
California,CA,CHAMP VA,Motif Medical,https://motifmedical.com/insurance/qualify
California,CA,Chino Valley Medical Center,Motif Medical,https://motifmedical.com/insurance/qualify
California,CA,CHN Solutions,Motif Medical,https://motifmedical.com/insurance/qualify
California,CA,Choice Care Network,Motif Medical,https://motifmedical.com/insurance/qualify
California,CA,Choice Medical,Motif Medical,https://motifmedical.com/insurance/qualify
California,CA,CHUBB,Motif Medical,https://motifmedical.com/insurance/qualify
California,CA,Cigna,Motif Medical,https://motifmedical.com/insurance/qualify
California,CA,CITRUS INS TRST,Motif Medical,https://motifmedical.com/insurance/qualify
California,CA,CITRUS VALLEY,Motif Medical,https://motifmedical.com/insurance/qualify
California,CA,CLAIMS CENTRAL,Motif Medical,https://motifmedical.com/insurance/qualify
California,CA,ClearPrice Networks,Motif Medical,https://motifmedical.com/insurance/qualify
California,CA,CLINICA MEDICA,Motif Medical,https://motifmedical.com/insurance/qualify
California,CA,CMN Inc. Global,Motif Medical,https://motifmedical.com/insurance/qualify
California,CA,CNA COMMERCIAL,Motif Medical,https://motifmedical.com/insurance/qualify
California,CA,CNT CA ALLIANCE,Motif Medical,https://motifmedical.com/insurance/qualify
California,CA,CNT VLLY MED PR,Motif Medical,https://motifmedical.com/insurance/qualify
California,CA,Coast Healthcare Mgmt,Motif Medical,https://motifmedical.com/insurance/qualify
California,CA,Coastal Care Services,Motif Medical,https://motifmedical.com/insurance/qualify
California,CA,Coastal Medical Group,Motif Medical,https://motifmedical.com/insurance/qualify
California,CA,COASTAL TPA INC,Motif Medical,https://motifmedical.com/insurance/qualify
California,CA,Cofinity Health Benefits,Motif Medical,https://motifmedical.com/insurance/qualify
California,CA,COMM CARE HLTH,Motif Medical,https://motifmedical.com/insurance/qualify
California,CA,COMM CARE IPA,Motif Medical,https://motifmedical.com/insurance/qualify
California,CA,COMM HEALTH GRP,Motif Medical,https://motifmedical.com/insurance/qualify
California,CA,COMM HLTH CENTR,Motif Medical,https://motifmedical.com/insurance/qualify
California,CA,COMM MED CNTR,Motif Medical,https://motifmedical.com/insurance/qualify
California,CA,Common Ground Health Care,Motif Medical,https://motifmedical.com/insurance/qualify
California,CA,Commonwealth Care Alliance,Motif Medical,https://motifmedical.com/insurance/qualify
California,CA,Community Care,Motif Medical,https://motifmedical.com/insurance/qualify
California,CA,Community Health Group,Motif Medical,https://motifmedical.com/insurance/qualify
California,CA,Community Health Group-Medi-cal,Motif Medical,https://motifmedical.com/insurance/qualify
California,CA,Community Health Options,Motif Medical,https://motifmedical.com/insurance/qualify
California,CA,COMMUNITY HLTH,Motif Medical,https://motifmedical.com/insurance/qualify
California,CA,Compass Rose Health Plan,Motif Medical,https://motifmedical.com/insurance/qualify
California,CA,CompDME,Motif Medical,https://motifmedical.com/insurance/qualify
California,CA,Connecticare,Motif Medical,https://motifmedical.com/insurance/qualify
California,CA,CONSOCIATE CARE,Motif Medical,https://motifmedical.com/insurance/qualify
California,CA,Continental Benefits,Motif Medical,https://motifmedical.com/insurance/qualify
California,CA,Contra Costa Health Plan,Motif Medical,https://motifmedical.com/insurance/qualify
California,CA,Cook County Health Plan,Motif Medical,https://motifmedical.com/insurance/qualify
California,CA,CoreSource,Motif Medical,https://motifmedical.com/insurance/qualify
California,CA,Costal Community PN,Motif Medical,https://motifmedical.com/insurance/qualify
California,CA,County of Kern,Motif Medical,https://motifmedical.com/insurance/qualify
California,CA,Coventry Health Care,Motif Medical,https://motifmedical.com/insurance/qualify
California,CA,CRESENT HEALTH,Motif Medical,https://motifmedical.com/insurance/qualify
California,CA,Crown City Medical Group,Motif Medical,https://motifmedical.com/insurance/qualify
California,CA,CuraeChoice,Motif Medical,https://motifmedical.com/insurance/qualify
California,CA,Delta Health Systems,Motif Medical,https://motifmedical.com/insurance/qualify
California,CA,Deseret Mutual Benefit Administrators,Motif Medical,https://motifmedical.com/insurance/qualify
California,CA,Desert Family Practice Associates,Motif Medical,https://motifmedical.com/insurance/qualify
California,CA,Desert Oasis,Motif Medical,https://motifmedical.com/insurance/qualify
California,CA,Desert Valley,Motif Medical,https://motifmedical.com/insurance/qualify
California,CA,Dignity Health Medical Group,Motif Medical,https://motifmedical.com/insurance/qualify
California,CA,DOWNEY REGIONAL,Motif Medical,https://motifmedical.com/insurance/qualify
California,CA,Downey Regional Medical Center,Motif Medical,https://motifmedical.com/insurance/qualify
California,CA,Eagle Health Plan,Motif Medical,https://motifmedical.com/insurance/qualify
California,CA,Eastland Medical Group,Motif Medical,https://motifmedical.com/insurance/qualify
California,CA,EBA&M,Motif Medical,https://motifmedical.com/insurance/qualify
California,CA,EBMS,Motif Medical,https://motifmedical.com/insurance/qualify
California,CA,EBPA,Motif Medical,https://motifmedical.com/insurance/qualify
California,CA,Edinger Medical Group,Motif Medical,https://motifmedical.com/insurance/qualify
California,CA,EHS Central Valley Commercial,Motif Medical,https://motifmedical.com/insurance/qualify
California,CA,EHS Central Valley IPA,Motif Medical,https://motifmedical.com/insurance/qualify
California,CA,EHS Medical Group,Motif Medical,https://motifmedical.com/insurance/qualify
California,CA,EHS Primary Care,Motif Medical,https://motifmedical.com/insurance/qualify
California,CA,EHS Private Label,Motif Medical,https://motifmedical.com/insurance/qualify
California,CA,El Proyecto del Barrio,Motif Medical,https://motifmedical.com/insurance/qualify
California,CA,Emblem Health,Motif Medical,https://motifmedical.com/insurance/qualify
California,CA,Employers Health Network,Motif Medical,https://motifmedical.com/insurance/qualify
California,CA,EPIC Health Plan,Motif Medical,https://motifmedical.com/insurance/qualify
California,CA,Exceedent,Motif Medical,https://motifmedical.com/insurance/qualify
California,CA,EXCEPTIONAL CAR,Motif Medical,https://motifmedical.com/insurance/qualify
California,CA,Facey Medical Group,Motif Medical,https://motifmedical.com/insurance/qualify
California,CA,Family Care Specialists,Motif Medical,https://motifmedical.com/insurance/qualify
California,CA,FAMILY CHOICE,Motif Medical,https://motifmedical.com/insurance/qualify
California,CA,Family/Seniors Medical Group,Motif Medical,https://motifmedical.com/insurance/qualify
California,CA,Fenix Health Medical Group,Motif Medical,https://motifmedical.com/insurance/qualify
California,CA,Fidelis Care,Motif Medical,https://motifmedical.com/insurance/qualify
California,CA,First Choice Health,Motif Medical,https://motifmedical.com/insurance/qualify
California,CA,FOUND MED CARE,Motif Medical,https://motifmedical.com/insurance/qualify
California,CA,Friday Health Plan,Motif Medical,https://motifmedical.com/insurance/qualify
California,CA,FutureCare IPA,Motif Medical,https://motifmedical.com/insurance/qualify
California,CA,Galaxy Health Network,Motif Medical,https://motifmedical.com/insurance/qualify
California,CA,Gateway Health,Motif Medical,https://motifmedical.com/insurance/qualify
California,CA,GEHA,Motif Medical,https://motifmedical.com/insurance/qualify
California,CA,Geisinger,Motif Medical,https://motifmedical.com/insurance/qualify
California,CA,GEMcare,Motif Medical,https://motifmedical.com/insurance/qualify
California,CA,Genesis Healthcare,Motif Medical,https://motifmedical.com/insurance/qualify
California,CA,Gilsbar,Motif Medical,https://motifmedical.com/insurance/qualify
California,CA,GLENDALE MEMOR,Motif Medical,https://motifmedical.com/insurance/qualify
California,CA,GLOBAL CARE MED,Motif Medical,https://motifmedical.com/insurance/qualify
California,CA,Global Care Medical Group,Motif Medical,https://motifmedical.com/insurance/qualify
California,CA,global excel management,Motif Medical,https://motifmedical.com/insurance/qualify
California,CA,GOLD COAST HLTH,Motif Medical,https://motifmedical.com/insurance/qualify
California,CA,Good Samaritan,Motif Medical,https://motifmedical.com/insurance/qualify
California,CA,Greater Covina Medical Group,Motif Medical,https://motifmedical.com/insurance/qualify
California,CA,GREATER EL MONT,Motif Medical,https://motifmedical.com/insurance/qualify
California,CA,GREATER LA HLTH,Motif Medical,https://motifmedical.com/insurance/qualify
California,CA,Greater Newport Physicians,Motif Medical,https://motifmedical.com/insurance/qualify
California,CA,GREATER SAN GBR,Motif Medical,https://motifmedical.com/insurance/qualify
California,CA,Greater Tri Cities,Motif Medical,https://motifmedical.com/insurance/qualify
California,CA,group health benefits,Motif Medical,https://motifmedical.com/insurance/qualify
California,CA,Group Health Eau Claire,Motif Medical,https://motifmedical.com/insurance/qualify
California,CA,Harbor Health Plan,Motif Medical,https://motifmedical.com/insurance/qualify
California,CA,Harvard Pilgrim,Motif Medical,https://motifmedical.com/insurance/qualify
California,CA,"Health Care LA, IPA",Motif Medical,https://motifmedical.com/insurance/qualify
California,CA,Health Care Partners,Motif Medical,https://motifmedical.com/insurance/qualify
California,CA,"Health Care, IPA",Motif Medical,https://motifmedical.com/insurance/qualify
California,CA,HEALTH COMP,Motif Medical,https://motifmedical.com/insurance/qualify
California,CA,health eos,Motif Medical,https://motifmedical.com/insurance/qualify
California,CA,Health EZ,Motif Medical,https://motifmedical.com/insurance/qualify
California,CA,Health Net,Motif Medical,https://motifmedical.com/insurance/qualify
California,CA,Health Net California,Motif Medical,https://motifmedical.com/insurance/qualify
California,CA,Health Net of California,Motif Medical,https://motifmedical.com/insurance/qualify
California,CA,Health New England,Motif Medical,https://motifmedical.com/insurance/qualify
California,CA,Health Options,Motif Medical,https://motifmedical.com/insurance/qualify
California,CA,Health Partners,Motif Medical,https://motifmedical.com/insurance/qualify
California,CA,Health Payment Systems,Motif Medical,https://motifmedical.com/insurance/qualify
California,CA,Health Plan of San Mateo,Motif Medical,https://motifmedical.com/insurance/qualify
California,CA,Health Plan Services,Motif Medical,https://motifmedical.com/insurance/qualify
California,CA,Health Plans Inc,Motif Medical,https://motifmedical.com/insurance/qualify
California,CA,Health Scope,Motif Medical,https://motifmedical.com/insurance/qualify
California,CA,Health Smart,Motif Medical,https://motifmedical.com/insurance/qualify
California,CA,HealthCare Partners,Motif Medical,https://motifmedical.com/insurance/qualify
California,CA,HealthComp,Motif Medical,https://motifmedical.com/insurance/qualify
California,CA,HealthComp Administrators,Motif Medical,https://motifmedical.com/insurance/qualify
California,CA,Healthcomp TPA,Motif Medical,https://motifmedical.com/insurance/qualify
California,CA,Healthgram,Motif Medical,https://motifmedical.com/insurance/qualify
California,CA,HealthLink,Motif Medical,https://motifmedical.com/insurance/qualify
California,CA,HealthSmart,Motif Medical,https://motifmedical.com/insurance/qualify
California,CA,"HealthSmart Preferred Care II, LP",Motif Medical,https://motifmedical.com/insurance/qualify
California,CA,Healthsource Medical Group,Motif Medical,https://motifmedical.com/insurance/qualify
California,CA,Heritage Provider Network,Motif Medical,https://motifmedical.com/insurance/qualify
California,CA,Heritage Victor Valley,Motif Medical,https://motifmedical.com/insurance/qualify
California,CA,HFN,Motif Medical,https://motifmedical.com/insurance/qualify
California,CA,High Desert Medical Group,Motif Medical,https://motifmedical.com/insurance/qualify
California,CA,highlands,Motif Medical,https://motifmedical.com/insurance/qualify
California,CA,HLTH CARE LA IP,Motif Medical,https://motifmedical.com/insurance/qualify
California,CA,HLTH SMART MSO,Motif Medical,https://motifmedical.com/insurance/qualify
California,CA,HLTH SOURCE MSO,Motif Medical,https://motifmedical.com/insurance/qualify
California,CA,HOLLYWOOD PRES,Motif Medical,https://motifmedical.com/insurance/qualify
California,CA,Holy Cross Medical,Motif Medical,https://motifmedical.com/insurance/qualify
California,CA,Homelink,Motif Medical,https://motifmedical.com/insurance/qualify
California,CA,Horizon Valley,Motif Medical,https://motifmedical.com/insurance/qualify
California,CA,HPSM,Motif Medical,https://motifmedical.com/insurance/qualify
California,CA,Hudson Health Plan,Motif Medical,https://motifmedical.com/insurance/qualify
California,CA,Humana,Motif Medical,https://motifmedical.com/insurance/qualify
California,CA,HUNTING PARK,Motif Medical,https://motifmedical.com/insurance/qualify
California,CA,IEHP Direct,Motif Medical,https://motifmedical.com/insurance/qualify
California,CA,ILWU PMA,Motif Medical,https://motifmedical.com/insurance/qualify
California,CA,Imagine 364,Motif Medical,https://motifmedical.com/insurance/qualify
California,CA,IMG KERN COUNTY,Motif Medical,https://motifmedical.com/insurance/qualify
California,CA,"immergrun, inc.",Motif Medical,https://motifmedical.com/insurance/qualify
California,CA,Imperial Health Holding Medical Group,Motif Medical,https://motifmedical.com/insurance/qualify
California,CA,Imperial Health Plan,Motif Medical,https://motifmedical.com/insurance/qualify
California,CA,Independence BCBS,Motif Medical,https://motifmedical.com/insurance/qualify
California,CA,Independent Health,Motif Medical,https://motifmedical.com/insurance/qualify
California,CA,Independent Medical Systems,Motif Medical,https://motifmedical.com/insurance/qualify
California,CA,indequest,Motif Medical,https://motifmedical.com/insurance/qualify
California,CA,Inland Empire Health Plan,Motif Medical,https://motifmedical.com/insurance/qualify
California,CA,Inland Empire Health Plan - IEHP,Motif Medical,https://motifmedical.com/insurance/qualify
California,CA,INLAND HEALTH,Motif Medical,https://motifmedical.com/insurance/qualify
California,CA,Inland Valleys IPA,Motif Medical,https://motifmedical.com/insurance/qualify
California,CA,Insurance Management Services,Motif Medical,https://motifmedical.com/insurance/qualify
California,CA,Integra,Motif Medical,https://motifmedical.com/insurance/qualify
California,CA,Integrated Home Care Services - IHCS,Motif Medical,https://motifmedical.com/insurance/qualify
California,CA,Interplan,Motif Medical,https://motifmedical.com/insurance/qualify
California,CA,INTotal Health,Motif Medical,https://motifmedical.com/insurance/qualify
California,CA,IPA Dual Elig MediConnect,Motif Medical,https://motifmedical.com/insurance/qualify
California,CA,IPMG,Motif Medical,https://motifmedical.com/insurance/qualify
California,CA,J.P. Farley Corporation,Motif Medical,https://motifmedical.com/insurance/qualify
California,CA,John Muir,Motif Medical,https://motifmedical.com/insurance/qualify
California,CA,Kaiser,Motif Medical,https://motifmedical.com/insurance/qualify
California,CA,Kaiser Foundation Health Plan,Motif Medical,https://motifmedical.com/insurance/qualify
California,CA,KARING PHYSIC,Motif Medical,https://motifmedical.com/insurance/qualify
California,CA,Kern Family Health Plan,Motif Medical,https://motifmedical.com/insurance/qualify
California,CA,KERN FOUNDATION,Motif Medical,https://motifmedical.com/insurance/qualify
California,CA,Key Benefit Administrators,Motif Medical,https://motifmedical.com/insurance/qualify
California,CA,Keystone First,Motif Medical,https://motifmedical.com/insurance/qualify
California,CA,KOREAN MED GRP,Motif Medical,https://motifmedical.com/insurance/qualify
California,CA,LA Care Heath Plan,Motif Medical,https://motifmedical.com/insurance/qualify
California,CA,LA VIDA,Motif Medical,https://motifmedical.com/insurance/qualify
California,CA,lakes area community healthplan,Motif Medical,https://motifmedical.com/insurance/qualify
California,CA,Lakeside Community,Motif Medical,https://motifmedical.com/insurance/qualify
California,CA,Lakeside Medical Group,Motif Medical,https://motifmedical.com/insurance/qualify
California,CA,Lakewood IPA,Motif Medical,https://motifmedical.com/insurance/qualify
California,CA,LASALLE,Motif Medical,https://motifmedical.com/insurance/qualify
California,CA,Lasso Healthcare,Motif Medical,https://motifmedical.com/insurance/qualify
California,CA,Liberty Mutual No Fault,Motif Medical,https://motifmedical.com/insurance/qualify
California,CA,Loma Linda University Health,Motif Medical,https://motifmedical.com/insurance/qualify
California,CA,Long Beach Memorial,Motif Medical,https://motifmedical.com/insurance/qualify
California,CA,Los Alamintos Tenet Healthcare,Motif Medical,https://motifmedical.com/insurance/qualify
California,CA,Lucent Health,Motif Medical,https://motifmedical.com/insurance/qualify
California,CA,Magellan,Motif Medical,https://motifmedical.com/insurance/qualify
California,CA,Magnacare,Motif Medical,https://motifmedical.com/insurance/qualify
California,CA,Mail Handlers,Motif Medical,https://motifmedical.com/insurance/qualify
California,CA,"Managed Care, Inc dba Galaxy Health Network",Motif Medical,https://motifmedical.com/insurance/qualify
California,CA,Marian Health Services,Motif Medical,https://motifmedical.com/insurance/qualify
California,CA,Martin's Point,Motif Medical,https://motifmedical.com/insurance/qualify
California,CA,maxor provider network,Motif Medical,https://motifmedical.com/insurance/qualify
California,CA,mcm maxcare ppo,Motif Medical,https://motifmedical.com/insurance/qualify
California,CA,MD Partners Medical Group,Motif Medical,https://motifmedical.com/insurance/qualify
California,CA,Med 3000,Motif Medical,https://motifmedical.com/insurance/qualify
California,CA,Medcorp Southwest Inc,Motif Medical,https://motifmedical.com/insurance/qualify
California,CA,MedCost,Motif Medical,https://motifmedical.com/insurance/qualify
California,CA,Medi-Cal,Motif Medical,https://motifmedical.com/insurance/qualify
California,CA,Medi-Share,Motif Medical,https://motifmedical.com/insurance/qualify
California,CA,Medica,Motif Medical,https://motifmedical.com/insurance/qualify
California,CA,Medicaid,Motif Medical,https://motifmedical.com/insurance/qualify
California,CA,Medicaid of California - Medi-Cal,Motif Medical,https://motifmedical.com/insurance/qualify
California,CA,Medical Benefits,Motif Medical,https://motifmedical.com/insurance/qualify
California,CA,"Medical Cost Containment Professionals, LLC (MCCP)",Motif Medical,https://motifmedical.com/insurance/qualify
California,CA,medical resource,Motif Medical,https://motifmedical.com/insurance/qualify
California,CA,Medicare,Motif Medical,https://motifmedical.com/insurance/qualify
California,CA,Medichoice IPA,Motif Medical,https://motifmedical.com/insurance/qualify
California,CA,MEDICINA FAMIL,Motif Medical,https://motifmedical.com/insurance/qualify
California,CA,"MedImpact Healthcare Systems, Inc.",Motif Medical,https://motifmedical.com/insurance/qualify
California,CA,Memorial Care Medical Group,Motif Medical,https://motifmedical.com/insurance/qualify
California,CA,Memorial Hospitals Association,Motif Medical,https://motifmedical.com/insurance/qualify
California,CA,MEMORIAL MED,Motif Medical,https://motifmedical.com/insurance/qualify
California,CA,Menifee Valley Community Medical Group,Motif Medical,https://motifmedical.com/insurance/qualify
California,CA,Meridian Health Plan,Motif Medical,https://motifmedical.com/insurance/qualify
California,CA,Meritage Medical Group,Motif Medical,https://motifmedical.com/insurance/qualify
California,CA,Meritain Health,Motif Medical,https://motifmedical.com/insurance/qualify
California,CA,Methodist First Choice,Motif Medical,https://motifmedical.com/insurance/qualify
California,CA,MetroPlus,Motif Medical,https://motifmedical.com/insurance/qualify
California,CA,Midlands Choice,Motif Medical,https://motifmedical.com/insurance/qualify
California,CA,Midwest Health,Motif Medical,https://motifmedical.com/insurance/qualify
California,CA,Mission Medica Group (PPMC),Motif Medical,https://motifmedical.com/insurance/qualify
California,CA,MissionPoint,Motif Medical,https://motifmedical.com/insurance/qualify
California,CA,MMRLCRE MED FND,Motif Medical,https://motifmedical.com/insurance/qualify
California,CA,Moda Health,Motif Medical,https://motifmedical.com/insurance/qualify
California,CA,Molina,Motif Medical,https://motifmedical.com/insurance/qualify
California,CA,Monarch,Motif Medical,https://motifmedical.com/insurance/qualify
California,CA,Mountain Health CO-OP,Motif Medical,https://motifmedical.com/insurance/qualify
California,CA,Multicultural IPA,Motif Medical,https://motifmedical.com/insurance/qualify
California,CA,Multiplan-PHCS,Motif Medical,https://motifmedical.com/insurance/qualify
California,CA,Mutual Assurance Administrators,Motif Medical,https://motifmedical.com/insurance/qualify
California,CA,National Association of Letter Carriers,Motif Medical,https://motifmedical.com/insurance/qualify
California,CA,National Elevator Industry Health Benefits,Motif Medical,https://motifmedical.com/insurance/qualify
California,CA,NATIONWIDE HLTH,Motif Medical,https://motifmedical.com/insurance/qualify
California,CA,Networks by Design,Motif Medical,https://motifmedical.com/insurance/qualify
California,CA,Nippon Life Benefits,Motif Medical,https://motifmedical.com/insurance/qualify
California,CA,NorthBay Healthcare,Motif Medical,https://motifmedical.com/insurance/qualify
California,CA,Nuestra Familia Medical Group,Motif Medical,https://motifmedical.com/insurance/qualify
California,CA,NWOC Medical Group,Motif Medical,https://motifmedical.com/insurance/qualify
California,CA,NYSHIP,Motif Medical,https://motifmedical.com/insurance/qualify
California,CA,Omni IPA,Motif Medical,https://motifmedical.com/insurance/qualify
California,CA,ONE HEALTH PLAN,Motif Medical,https://motifmedical.com/insurance/qualify
California,CA,One Homecare Solutions,Motif Medical,https://motifmedical.com/insurance/qualify
California,CA,Onecall,Motif Medical,https://motifmedical.com/insurance/qualify
California,CA,OPERATING ENG,Motif Medical,https://motifmedical.com/insurance/qualify
California,CA,Optum,Motif Medical,https://motifmedical.com/insurance/qualify
California,CA,OptumRx,Motif Medical,https://motifmedical.com/insurance/qualify
California,CA,Orange Coast Memorial,Motif Medical,https://motifmedical.com/insurance/qualify
California,CA,ORNGE CNTY PHYS,Motif Medical,https://motifmedical.com/insurance/qualify
California,CA,Oscar,Motif Medical,https://motifmedical.com/insurance/qualify
California,CA,Other,Motif Medical,https://motifmedical.com/insurance/qualify
California,CA,OWCA,Motif Medical,https://motifmedical.com/insurance/qualify
California,CA,Oxford Health Plans,Motif Medical,https://motifmedical.com/insurance/qualify
California,CA,PA MED CENTER,Motif Medical,https://motifmedical.com/insurance/qualify
California,CA,PACIFIC ALLIANC,Motif Medical,https://motifmedical.com/insurance/qualify
California,CA,Pacific Alliance Medical Center,Motif Medical,https://motifmedical.com/insurance/qualify
California,CA,Pacific Foundation for Medical Care,Motif Medical,https://motifmedical.com/insurance/qualify
California,CA,Pacific Health Alliance,Motif Medical,https://motifmedical.com/insurance/qualify
California,CA,Pacific Healthcare,Motif Medical,https://motifmedical.com/insurance/qualify
California,CA,Pacific Source Health Plans,Motif Medical,https://motifmedical.com/insurance/qualify
California,CA,PACIFICA HOSP,Motif Medical,https://motifmedical.com/insurance/qualify
California,CA,Paradigm,Motif Medical,https://motifmedical.com/insurance/qualify
California,CA,Partnership Health Plan,Motif Medical,https://motifmedical.com/insurance/qualify
California,CA,Partnership Health Plan of California,Motif Medical,https://motifmedical.com/insurance/qualify
California,CA,Performance Health,Motif Medical,https://motifmedical.com/insurance/qualify
California,CA,PHYSIC ALLIANCE,Motif Medical,https://motifmedical.com/insurance/qualify
California,CA,PHYSICIAN ASSOC,Motif Medical,https://motifmedical.com/insurance/qualify
California,CA,PHYSICIANS HLTH,Motif Medical,https://motifmedical.com/insurance/qualify
California,CA,Physicians HN,Motif Medical,https://motifmedical.com/insurance/qualify
California,CA,Piedmont Healthcare,Motif Medical,https://motifmedical.com/insurance/qualify
California,CA,Pinnacle Assurance,Motif Medical,https://motifmedical.com/insurance/qualify
California,CA,PINNACLE CLAIMS,Motif Medical,https://motifmedical.com/insurance/qualify
California,CA,"Pinnacle Claims Management, Inc",Motif Medical,https://motifmedical.com/insurance/qualify
California,CA,Pinnacle Health,Motif Medical,https://motifmedical.com/insurance/qualify
California,CA,Pioneer Med Group,Motif Medical,https://motifmedical.com/insurance/qualify
California,CA,PLCMMCSP,Motif Medical,https://motifmedical.com/insurance/qualify
California,CA,Pomona Valley Med Group,Motif Medical,https://motifmedical.com/insurance/qualify
California,CA,Porter County Government Employee Benefits,Motif Medical,https://motifmedical.com/insurance/qualify
California,CA,PPO Plus,Motif Medical,https://motifmedical.com/insurance/qualify
California,CA,Prairie States,Motif Medical,https://motifmedical.com/insurance/qualify
California,CA,PREFERRED BENEF,Motif Medical,https://motifmedical.com/insurance/qualify
California,CA,Preferred Health Network,Motif Medical,https://motifmedical.com/insurance/qualify
California,CA,Preferred Health Professionals,Motif Medical,https://motifmedical.com/insurance/qualify
California,CA,PREFERRED IPA,Motif Medical,https://motifmedical.com/insurance/qualify
California,CA,Preferred Medical Network,Motif Medical,https://motifmedical.com/insurance/qualify
California,CA,Preferred One,Motif Medical,https://motifmedical.com/insurance/qualify
California,CA,PREMIER HLTH,Motif Medical,https://motifmedical.com/insurance/qualify
California,CA,PREMIER MED GRP,Motif Medical,https://motifmedical.com/insurance/qualify
California,CA,PREMIER PHYSIC,Motif Medical,https://motifmedical.com/insurance/qualify
California,CA,Premier Physician Network,Motif Medical,https://motifmedical.com/insurance/qualify
California,CA,Premiercare IPA,Motif Medical,https://motifmedical.com/insurance/qualify
California,CA,Presbyterian Health Plan,Motif Medical,https://motifmedical.com/insurance/qualify
California,CA,Primary Care Assoc IPA,Motif Medical,https://motifmedical.com/insurance/qualify
California,CA,Prime Health,Motif Medical,https://motifmedical.com/insurance/qualify
California,CA,PrimeCare - Chino Valley,Motif Medical,https://motifmedical.com/insurance/qualify
California,CA,PrimeCare - Coachella,Motif Medical,https://motifmedical.com/insurance/qualify
California,CA,Primecare - Corona,Motif Medical,https://motifmedical.com/insurance/qualify
California,CA,PrimeCare - Hemet Valley,Motif Medical,https://motifmedical.com/insurance/qualify
California,CA,PrimeCare - Inland Valley,Motif Medical,https://motifmedical.com/insurance/qualify
California,CA,PrimeCare - Mercy Physicians Medical Group,Motif Medical,https://motifmedical.com/insurance/qualify
California,CA,PrimeCare - Moreno Valley,Motif Medical,https://motifmedical.com/insurance/qualify
California,CA,PrimeCare - Primary Care Associates,Motif Medical,https://motifmedical.com/insurance/qualify
California,CA,PrimeCare - Redlands,Motif Medical,https://motifmedical.com/insurance/qualify
California,CA,PrimeCare - Riverside,Motif Medical,https://motifmedical.com/insurance/qualify
California,CA,PrimeCare - Sun City,Motif Medical,https://motifmedical.com/insurance/qualify
California,CA,PrimeCare - Temecula,Motif Medical,https://motifmedical.com/insurance/qualify
California,CA,PrimeCare - Valley Physicians Network,Motif Medical,https://motifmedical.com/insurance/qualify
California,CA,PrimeCare of Citrus Valley,Motif Medical,https://motifmedical.com/insurance/qualify
California,CA,PrimeCare of San Bernardino,Motif Medical,https://motifmedical.com/insurance/qualify
California,CA,Priority Health,Motif Medical,https://motifmedical.com/insurance/qualify
California,CA,Professional Care Medical Group,Motif Medical,https://motifmedical.com/insurance/qualify
California,CA,Promed,Motif Medical,https://motifmedical.com/insurance/qualify
California,CA,Prospect Medical Group,Motif Medical,https://motifmedical.com/insurance/qualify
California,CA,PROVIDENCE HEALTH,Motif Medical,https://motifmedical.com/insurance/qualify
California,CA,Provider Network of America,Motif Medical,https://motifmedical.com/insurance/qualify
California,CA,PRUDENTIAL HLTH,Motif Medical,https://motifmedical.com/insurance/qualify
California,CA,QualChoice,Motif Medical,https://motifmedical.com/insurance/qualify
California,CA,Quartz,Motif Medical,https://motifmedical.com/insurance/qualify
California,CA,Rady Children's Hospital,Motif Medical,https://motifmedical.com/insurance/qualify
California,CA,Redlands Community,Motif Medical,https://motifmedical.com/insurance/qualify
California,CA,REDWOOD HEALTH,Motif Medical,https://motifmedical.com/insurance/qualify
California,CA,Regal Medical Group,Motif Medical,https://motifmedical.com/insurance/qualify
California,CA,Reserve National Insurance Company,Motif Medical,https://motifmedical.com/insurance/qualify
California,CA,ResourceOne Administrators,Motif Medical,https://motifmedical.com/insurance/qualify
California,CA,RIVER CITY MED,Motif Medical,https://motifmedical.com/insurance/qualify
California,CA,Riverside Medical Clinic,Motif Medical,https://motifmedical.com/insurance/qualify
California,CA,Riverside Physician Network,Motif Medical,https://motifmedical.com/insurance/qualify
California,CA,S & S Health,Motif Medical,https://motifmedical.com/insurance/qualify
California,CA,Samaritan,Motif Medical,https://motifmedical.com/insurance/qualify
California,CA,SAN DIEGO HLTH,Motif Medical,https://motifmedical.com/insurance/qualify
California,CA,San Francisco Health Plan,Motif Medical,https://motifmedical.com/insurance/qualify
California,CA,SAN GABR VALLEY,Motif Medical,https://motifmedical.com/insurance/qualify
California,CA,San Joaquin Health Administrators,Motif Medical,https://motifmedical.com/insurance/qualify
California,CA,San Judas Medical Group,Motif Medical,https://motifmedical.com/insurance/qualify
California,CA,Sana Benefits,Motif Medical,https://motifmedical.com/insurance/qualify
California,CA,Sanford Health Plan,Motif Medical,https://motifmedical.com/insurance/qualify
California,CA,SANTA BARB HLTH,Motif Medical,https://motifmedical.com/insurance/qualify
California,CA,Santa Clara Health,Motif Medical,https://motifmedical.com/insurance/qualify
California,CA,SANTE COM PHYS,Motif Medical,https://motifmedical.com/insurance/qualify
California,CA,SANTE HLTH SYST,Motif Medical,https://motifmedical.com/insurance/qualify
California,CA,SCCHN,Motif Medical,https://motifmedical.com/insurance/qualify
California,CA,Scott & White Health Plan,Motif Medical,https://motifmedical.com/insurance/qualify
California,CA,Scripps Health Plan,Motif Medical,https://motifmedical.com/insurance/qualify
California,CA,SCRN ACT GUILD,Motif Medical,https://motifmedical.com/insurance/qualify
California,CA,Seaside Health Plan,Motif Medical,https://motifmedical.com/insurance/qualify
California,CA,Secure Horizons,Motif Medical,https://motifmedical.com/insurance/qualify
California,CA,Sedgwick,Motif Medical,https://motifmedical.com/insurance/qualify
California,CA,Select Administrative Services,Motif Medical,https://motifmedical.com/insurance/qualify
California,CA,Self Insured Services Company,Motif Medical,https://motifmedical.com/insurance/qualify
California,CA,Sentara Health Plans,Motif Medical,https://motifmedical.com/insurance/qualify
California,CA,Sentry Insurance,Motif Medical,https://motifmedical.com/insurance/qualify
California,CA,SEOL MEDI GRP,Motif Medical,https://motifmedical.com/insurance/qualify
California,CA,Seoul Medical Group,Motif Medical,https://motifmedical.com/insurance/qualify
California,CA,Seoul Medical Group Medi-Cal,Motif Medical,https://motifmedical.com/insurance/qualify
California,CA,SEQUOIA HEALTH,Motif Medical,https://motifmedical.com/insurance/qualify
California,CA,SERRA MEDICAL,Motif Medical,https://motifmedical.com/insurance/qualify
California,CA,Sharp Health Plan,Motif Medical,https://motifmedical.com/insurance/qualify
California,CA,Sierra Health and Life,Motif Medical,https://motifmedical.com/insurance/qualify
California,CA,SIHO,Motif Medical,https://motifmedical.com/insurance/qualify
California,CA,SIX DEGREES HEALTH,Motif Medical,https://motifmedical.com/insurance/qualify
California,CA,SmartHealth,Motif Medical,https://motifmedical.com/insurance/qualify
California,CA,SMS National,Motif Medical,https://motifmedical.com/insurance/qualify
California,CA,Sonoma County Primary Care IPA,Motif Medical,https://motifmedical.com/insurance/qualify
California,CA,Sound Health and Wellness,Motif Medical,https://motifmedical.com/insurance/qualify
California,CA,South Central Preferred,Motif Medical,https://motifmedical.com/insurance/qualify
California,CA,ST MARY'S MED,Motif Medical,https://motifmedical.com/insurance/qualify
California,CA,St. Francis Health Network,Motif Medical,https://motifmedical.com/insurance/qualify
California,CA,St. Joe's Heritage,Motif Medical,https://motifmedical.com/insurance/qualify
California,CA,St. Joseph Health,Motif Medical,https://motifmedical.com/insurance/qualify
California,CA,St. Mary IPA,Motif Medical,https://motifmedical.com/insurance/qualify
California,CA,STANFORD  HLTH,Motif Medical,https://motifmedical.com/insurance/qualify
California,CA,Starcare Medical Group,Motif Medical,https://motifmedical.com/insurance/qualify
California,CA,Starmark,Motif Medical,https://motifmedical.com/insurance/qualify
California,CA,State Compensation Insurance Fund California,Motif Medical,https://motifmedical.com/insurance/qualify
California,CA,Sutter Health,Motif Medical,https://motifmedical.com/insurance/qualify
California,CA,Sutter Santa Rosa,Motif Medical,https://motifmedical.com/insurance/qualify
California,CA,Tarzana Medical Center,Motif Medical,https://motifmedical.com/insurance/qualify
California,CA,TEAMSTERS BENEF,Motif Medical,https://motifmedical.com/insurance/qualify
California,CA,Temecula Medical Group,Motif Medical,https://motifmedical.com/insurance/qualify
California,CA,The American Worker,Motif Medical,https://motifmedical.com/insurance/qualify
California,CA,The American Worker (f.k.a Century Healthcare),Motif Medical,https://motifmedical.com/insurance/qualify
California,CA,The Empire Plan,Motif Medical,https://motifmedical.com/insurance/qualify
California,CA,The Health Plan,Motif Medical,https://motifmedical.com/insurance/qualify
California,CA,The Health plan of San Joaquin,Motif Medical,https://motifmedical.com/insurance/qualify
California,CA,Torrance Memorial,Motif Medical,https://motifmedical.com/insurance/qualify
California,CA,Torrance PLCMMCT,Motif Medical,https://motifmedical.com/insurance/qualify
California,CA,Tri-City Medical Center,Motif Medical,https://motifmedical.com/insurance/qualify
California,CA,Tri-Valley Medical Group,Motif Medical,https://motifmedical.com/insurance/qualify
California,CA,Tricare,Motif Medical,https://motifmedical.com/insurance/qualify
California,CA,Tricare Overseas,Motif Medical,https://motifmedical.com/insurance/qualify
California,CA,Tricare West,Motif Medical,https://motifmedical.com/insurance/qualify
California,CA,Trilogy,Motif Medical,https://motifmedical.com/insurance/qualify
California,CA,TRISTAR,Motif Medical,https://motifmedical.com/insurance/qualify
California,CA,TRPN,Motif Medical,https://motifmedical.com/insurance/qualify
California,CA,Trustmark,Motif Medical,https://motifmedical.com/insurance/qualify
California,CA,Tufts Health Plan,Motif Medical,https://motifmedical.com/insurance/qualify
California,CA,TULARE FOUND,Motif Medical,https://motifmedical.com/insurance/qualify
California,CA,UC Davis Health System,Motif Medical,https://motifmedical.com/insurance/qualify
California,CA,UC SAN DIEGO,Motif Medical,https://motifmedical.com/insurance/qualify
California,CA,Ucare,Motif Medical,https://motifmedical.com/insurance/qualify
California,CA,"UCLA - University of California, Los Angeles",Motif Medical,https://motifmedical.com/insurance/qualify
California,CA,UFCW,Motif Medical,https://motifmedical.com/insurance/qualify
California,CA,UFCW NORTH CA,Motif Medical,https://motifmedical.com/insurance/qualify
California,CA,UHC ALL SAVERS,Motif Medical,https://motifmedical.com/insurance/qualify
California,CA,UHC SHARED SERVICES,Motif Medical,https://motifmedical.com/insurance/qualify
California,CA,UHC STUDENT RESOURCES,Motif Medical,https://motifmedical.com/insurance/qualify
California,CA,UHC SUREST,Motif Medical,https://motifmedical.com/insurance/qualify
California,CA,UHIS,Motif Medical,https://motifmedical.com/insurance/qualify
California,CA,UHP,Motif Medical,https://motifmedical.com/insurance/qualify
California,CA,UMR,Motif Medical,https://motifmedical.com/insurance/qualify
California,CA,UMWA Health & Retirement Funds,Motif Medical,https://motifmedical.com/insurance/qualify
California,CA,Unicare,Motif Medical,https://motifmedical.com/insurance/qualify
California,CA,UNIT FOOD COMER,Motif Medical,https://motifmedical.com/insurance/qualify
California,CA,United,Motif Medical,https://motifmedical.com/insurance/qualify
California,CA,UNITED ADM SERV,Motif Medical,https://motifmedical.com/insurance/qualify
California,CA,United Healthcare,Motif Medical,https://motifmedical.com/insurance/qualify
California,CA,United Healthcare  Commercial and Medicare,Motif Medical,https://motifmedical.com/insurance/qualify
California,CA,United Healthcare All Savers,Motif Medical,https://motifmedical.com/insurance/qualify
California,CA,United Healthcare Medicaid,Motif Medical,https://motifmedical.com/insurance/qualify
California,CA,United Healthcare Shared Services,Motif Medical,https://motifmedical.com/insurance/qualify
California,CA,United Healthcare StudentResources,Motif Medical,https://motifmedical.com/insurance/qualify
California,CA,United Student Resources,Motif Medical,https://motifmedical.com/insurance/qualify
California,CA,Universal Care,Motif Medical,https://motifmedical.com/insurance/qualify
California,CA,UNIVERSITY HLTH,Motif Medical,https://motifmedical.com/insurance/qualify
California,CA,University of California Davis,Motif Medical,https://motifmedical.com/insurance/qualify
California,CA,Upland Medical Group,Motif Medical,https://motifmedical.com/insurance/qualify
California,CA,UPMC,Motif Medical,https://motifmedical.com/insurance/qualify
California,CA,US Family Health Plan,Motif Medical,https://motifmedical.com/insurance/qualify
California,CA,USA MANAGED CARE ORGANIZATIONS,Motif Medical,https://motifmedical.com/insurance/qualify
California,CA,USCW Trust,Motif Medical,https://motifmedical.com/insurance/qualify
California,CA,Valenz,Motif Medical,https://motifmedical.com/insurance/qualify
California,CA,Valenz f.k.a United Claim Solutions (PPO Network),Motif Medical,https://motifmedical.com/insurance/qualify
California,CA,Valley Health Plan,Motif Medical,https://motifmedical.com/insurance/qualify
California,CA,VALLEY PRES HSP,Motif Medical,https://motifmedical.com/insurance/qualify
California,CA,Vantage Health Plan,Motif Medical,https://motifmedical.com/insurance/qualify
California,CA,Ventura County Health Care Plan,Motif Medical,https://motifmedical.com/insurance/qualify
California,CA,Victor Valley,Motif Medical,https://motifmedical.com/insurance/qualify
California,CA,VLLY PRES HOSP,Motif Medical,https://motifmedical.com/insurance/qualify
California,CA,Watts Healthcare Corporation,Motif Medical,https://motifmedical.com/insurance/qualify
California,CA,WebTPA,Motif Medical,https://motifmedical.com/insurance/qualify
California,CA,Wellcare,Motif Medical,https://motifmedical.com/insurance/qualify
California,CA,WellFirst Health,Motif Medical,https://motifmedical.com/insurance/qualify
California,CA,WellMed,Motif Medical,https://motifmedical.com/insurance/qualify
California,CA,WESTERN GROWERS,Motif Medical,https://motifmedical.com/insurance/qualify
California,CA,Western Growers Assurance Trust,Motif Medical,https://motifmedical.com/insurance/qualify
California,CA,WHITE MEMORIAL,Motif Medical,https://motifmedical.com/insurance/qualify
California,CA,White Memorial Hospital,Motif Medical,https://motifmedical.com/insurance/qualify
California,CA,World Trade Center,Motif Medical,https://motifmedical.com/insurance/qualify
California,CA,WRITERS GUILD,Motif Medical,https://motifmedical.com/insurance/qualify
California,CA,XiMED IPA,Motif Medical,https://motifmedical.com/insurance/qualify
California,CA,XiMED IPA,Motif Medical,https://motifmedical.com/insurance/qualify
California,CA,XIMed Physician's IPA,Motif Medical,https://motifmedical.com/insurance/qualify
California,CA,Zelis,Motif Medical,https://motifmedical.com/insurance/qualify
California,CA,ZENITH ADMIN,Motif Medical,https://motifmedical.com/insurance/qualify
Colorado,CO,A&S Financial,Motif Medical,https://motifmedical.com/insurance/qualify
Colorado,CO,Access Health Services - TPA,Motif Medical,https://motifmedical.com/insurance/qualify
Colorado,CO,Aetna,Motif Medical,https://motifmedical.com/insurance/qualify
Colorado,CO,Aetna Atlantic Health,Motif Medical,https://motifmedical.com/insurance/qualify
Colorado,CO,Aetna National,Motif Medical,https://motifmedical.com/insurance/qualify
Colorado,CO,Affinity,Motif Medical,https://motifmedical.com/insurance/qualify
Colorado,CO,All Savers Health Plans,Motif Medical,https://motifmedical.com/insurance/qualify
Colorado,CO,Allegiance,Motif Medical,https://motifmedical.com/insurance/qualify
Colorado,CO,Alliant Health,Motif Medical,https://motifmedical.com/insurance/qualify
Colorado,CO,Allied Health Benefits,Motif Medical,https://motifmedical.com/insurance/qualify
Colorado,CO,AllWays Health Partners,Motif Medical,https://motifmedical.com/insurance/qualify
Colorado,CO,Alternative Insurance Resources,Motif Medical,https://motifmedical.com/insurance/qualify
Colorado,CO,Ambetter,Motif Medical,https://motifmedical.com/insurance/qualify
Colorado,CO,AmeriBen,Motif Medical,https://motifmedical.com/insurance/qualify
Colorado,CO,America's Choice Provider Network,Motif Medical,https://motifmedical.com/insurance/qualify
Colorado,CO,American Healthcare Alliance,Motif Medical,https://motifmedical.com/insurance/qualify
Colorado,CO,American PPO,Motif Medical,https://motifmedical.com/insurance/qualify
Colorado,CO,AmeriHealth,Motif Medical,https://motifmedical.com/insurance/qualify
Colorado,CO,Ametros,Motif Medical,https://motifmedical.com/insurance/qualify
Colorado,CO,Ancillary Care Services,Motif Medical,https://motifmedical.com/insurance/qualify
Colorado,CO,Anthem BCBCS,Motif Medical,https://motifmedical.com/insurance/qualify
Colorado,CO,Anthem BCBS,Motif Medical,https://motifmedical.com/insurance/qualify
Colorado,CO,Anthem Blue Cross Blue Shield,Motif Medical,https://motifmedical.com/insurance/qualify
Colorado,CO,Anthem Medicaid,Motif Medical,https://motifmedical.com/insurance/qualify
Colorado,CO,Arcbest Corporation,Motif Medical,https://motifmedical.com/insurance/qualify
Colorado,CO,ASURIS,Motif Medical,https://motifmedical.com/insurance/qualify
Colorado,CO,Atrio Health Plans,Motif Medical,https://motifmedical.com/insurance/qualify
Colorado,CO,Badger Care,Motif Medical,https://motifmedical.com/insurance/qualify
Colorado,CO,BCBS CO,Motif Medical,https://motifmedical.com/insurance/qualify
Colorado,CO,BCE Emergis,Motif Medical,https://motifmedical.com/insurance/qualify
Colorado,CO,Beacon Health,Motif Medical,https://motifmedical.com/insurance/qualify
Colorado,CO,Beech Street,Motif Medical,https://motifmedical.com/insurance/qualify
Colorado,CO,Benefit Assistance Corp,Motif Medical,https://motifmedical.com/insurance/qualify
Colorado,CO,BENESIGHT,Motif Medical,https://motifmedical.com/insurance/qualify
Colorado,CO,Blue Benefit Administrators,Motif Medical,https://motifmedical.com/insurance/qualify
Colorado,CO,Blue Cross Blue Shield,Motif Medical,https://motifmedical.com/insurance/qualify
Colorado,CO,Bluegrass Family Health,Motif Medical,https://motifmedical.com/insurance/qualify
Colorado,CO,BMI Benefits LLC,Motif Medical,https://motifmedical.com/insurance/qualify
Colorado,CO,Boulder Admin,Motif Medical,https://motifmedical.com/insurance/qualify
Colorado,CO,Bright Health,Motif Medical,https://motifmedical.com/insurance/qualify
Colorado,CO,Buckeye Community Health Plan,Motif Medical,https://motifmedical.com/insurance/qualify
Colorado,CO,CareFirst BCBS,Motif Medical,https://motifmedical.com/insurance/qualify
Colorado,CO,Careington International,Motif Medical,https://motifmedical.com/insurance/qualify
Colorado,CO,Caresource,Motif Medical,https://motifmedical.com/insurance/qualify
Colorado,CO,CAREVALENT GILSBAR,Motif Medical,https://motifmedical.com/insurance/qualify
Colorado,CO,Cedar Valley Community Healthcare,Motif Medical,https://motifmedical.com/insurance/qualify
Colorado,CO,Cedar Valley Hospice - Transportation,Motif Medical,https://motifmedical.com/insurance/qualify
Colorado,CO,Century Health Solutions,Motif Medical,https://motifmedical.com/insurance/qualify
Colorado,CO,Cerner Health Plan,Motif Medical,https://motifmedical.com/insurance/qualify
Colorado,CO,CHAMP VA,Motif Medical,https://motifmedical.com/insurance/qualify
Colorado,CO,CHN Solutions,Motif Medical,https://motifmedical.com/insurance/qualify
Colorado,CO,Choice Care Network,Motif Medical,https://motifmedical.com/insurance/qualify
Colorado,CO,Cigna,Motif Medical,https://motifmedical.com/insurance/qualify
Colorado,CO,Clear Spring Health,Motif Medical,https://motifmedical.com/insurance/qualify
Colorado,CO,ClearPrice Networks,Motif Medical,https://motifmedical.com/insurance/qualify
Colorado,CO,CMN Inc. Global,Motif Medical,https://motifmedical.com/insurance/qualify
Colorado,CO,Coastal Care Services,Motif Medical,https://motifmedical.com/insurance/qualify
Colorado,CO,Cofinity,Motif Medical,https://motifmedical.com/insurance/qualify
Colorado,CO,Cofinity Health Benefits,Motif Medical,https://motifmedical.com/insurance/qualify
Colorado,CO,Colorado Access,Motif Medical,https://motifmedical.com/insurance/qualify
Colorado,CO,Colorado Choice Health Plans,Motif Medical,https://motifmedical.com/insurance/qualify
Colorado,CO,Colorado Community Health Alliance,Motif Medical,https://motifmedical.com/insurance/qualify
Colorado,CO,Common Ground Health Care,Motif Medical,https://motifmedical.com/insurance/qualify
Colorado,CO,Commonwealth Care Alliance,Motif Medical,https://motifmedical.com/insurance/qualify
Colorado,CO,Community Care,Motif Medical,https://motifmedical.com/insurance/qualify
Colorado,CO,Community Health Options,Motif Medical,https://motifmedical.com/insurance/qualify
Colorado,CO,Compass Rose Health Plan,Motif Medical,https://motifmedical.com/insurance/qualify
Colorado,CO,CompDME,Motif Medical,https://motifmedical.com/insurance/qualify
Colorado,CO,Connecticare,Motif Medical,https://motifmedical.com/insurance/qualify
Colorado,CO,CONSOCIATE CARE,Motif Medical,https://motifmedical.com/insurance/qualify
Colorado,CO,Continental Benefits,Motif Medical,https://motifmedical.com/insurance/qualify
Colorado,CO,Cook County Health Plan,Motif Medical,https://motifmedical.com/insurance/qualify
Colorado,CO,CoreSource,Motif Medical,https://motifmedical.com/insurance/qualify
Colorado,CO,Coventry Health Care,Motif Medical,https://motifmedical.com/insurance/qualify
Colorado,CO,CU GME Health Benefit Plan,Motif Medical,https://motifmedical.com/insurance/qualify
Colorado,CO,CuraeChoice,Motif Medical,https://motifmedical.com/insurance/qualify
Colorado,CO,Delta Health Systems,Motif Medical,https://motifmedical.com/insurance/qualify
Colorado,CO,Denver Health,Motif Medical,https://motifmedical.com/insurance/qualify
Colorado,CO,Deseret Mutual Benefit Administrators,Motif Medical,https://motifmedical.com/insurance/qualify
Colorado,CO,Eagle Health Plan,Motif Medical,https://motifmedical.com/insurance/qualify
Colorado,CO,EBMS,Motif Medical,https://motifmedical.com/insurance/qualify
Colorado,CO,EBPA,Motif Medical,https://motifmedical.com/insurance/qualify
Colorado,CO,Emblem Health,Motif Medical,https://motifmedical.com/insurance/qualify
Colorado,CO,Employers Health Network,Motif Medical,https://motifmedical.com/insurance/qualify
Colorado,CO,Exceedent,Motif Medical,https://motifmedical.com/insurance/qualify
Colorado,CO,Fidelis Care,Motif Medical,https://motifmedical.com/insurance/qualify
Colorado,CO,First Choice Health,Motif Medical,https://motifmedical.com/insurance/qualify
Colorado,CO,Friday Health Plan,Motif Medical,https://motifmedical.com/insurance/qualify
Colorado,CO,Galaxy Health Network,Motif Medical,https://motifmedical.com/insurance/qualify
Colorado,CO,Gateway Health,Motif Medical,https://motifmedical.com/insurance/qualify
Colorado,CO,GEHA,Motif Medical,https://motifmedical.com/insurance/qualify
Colorado,CO,Geisinger,Motif Medical,https://motifmedical.com/insurance/qualify
Colorado,CO,Gilsbar,Motif Medical,https://motifmedical.com/insurance/qualify
Colorado,CO,global excel management,Motif Medical,https://motifmedical.com/insurance/qualify
Colorado,CO,group health benefits,Motif Medical,https://motifmedical.com/insurance/qualify
Colorado,CO,Group Health Eau Claire,Motif Medical,https://motifmedical.com/insurance/qualify
Colorado,CO,Harbor Health Plan,Motif Medical,https://motifmedical.com/insurance/qualify
Colorado,CO,Harvard Pilgrim,Motif Medical,https://motifmedical.com/insurance/qualify
Colorado,CO,Health Care Partners,Motif Medical,https://motifmedical.com/insurance/qualify
Colorado,CO,health eos,Motif Medical,https://motifmedical.com/insurance/qualify
Colorado,CO,Health EZ,Motif Medical,https://motifmedical.com/insurance/qualify
Colorado,CO,Health New England,Motif Medical,https://motifmedical.com/insurance/qualify
Colorado,CO,Health Options,Motif Medical,https://motifmedical.com/insurance/qualify
Colorado,CO,Health Partners,Motif Medical,https://motifmedical.com/insurance/qualify
Colorado,CO,Health Payment Systems,Motif Medical,https://motifmedical.com/insurance/qualify
Colorado,CO,Health Plan Services,Motif Medical,https://motifmedical.com/insurance/qualify
Colorado,CO,Health Plans Inc,Motif Medical,https://motifmedical.com/insurance/qualify
Colorado,CO,Health Scope,Motif Medical,https://motifmedical.com/insurance/qualify
Colorado,CO,Health Smart,Motif Medical,https://motifmedical.com/insurance/qualify
Colorado,CO,HealthComp,Motif Medical,https://motifmedical.com/insurance/qualify
Colorado,CO,Healthcomp TPA,Motif Medical,https://motifmedical.com/insurance/qualify
Colorado,CO,Healthgram,Motif Medical,https://motifmedical.com/insurance/qualify
Colorado,CO,HealthLink,Motif Medical,https://motifmedical.com/insurance/qualify
Colorado,CO,HealthSmart,Motif Medical,https://motifmedical.com/insurance/qualify
Colorado,CO,"HealthSmart Preferred Care II, LP",Motif Medical,https://motifmedical.com/insurance/qualify
Colorado,CO,HFN,Motif Medical,https://motifmedical.com/insurance/qualify
Colorado,CO,highlands,Motif Medical,https://motifmedical.com/insurance/qualify
Colorado,CO,Homelink,Motif Medical,https://motifmedical.com/insurance/qualify
Colorado,CO,Hudson Health Plan,Motif Medical,https://motifmedical.com/insurance/qualify
Colorado,CO,Humana,Motif Medical,https://motifmedical.com/insurance/qualify
Colorado,CO,Imagine 365,Motif Medical,https://motifmedical.com/insurance/qualify
Colorado,CO,"immergrun, inc.",Motif Medical,https://motifmedical.com/insurance/qualify
Colorado,CO,IMS,Motif Medical,https://motifmedical.com/insurance/qualify
Colorado,CO,Independence BCBS,Motif Medical,https://motifmedical.com/insurance/qualify
Colorado,CO,Independent Health,Motif Medical,https://motifmedical.com/insurance/qualify
Colorado,CO,Independent Medical Systems,Motif Medical,https://motifmedical.com/insurance/qualify
Colorado,CO,indequest,Motif Medical,https://motifmedical.com/insurance/qualify
Colorado,CO,Insurance Management Services,Motif Medical,https://motifmedical.com/insurance/qualify
Colorado,CO,Integra,Motif Medical,https://motifmedical.com/insurance/qualify
Colorado,CO,INTotal Health,Motif Medical,https://motifmedical.com/insurance/qualify
Colorado,CO,IPMG,Motif Medical,https://motifmedical.com/insurance/qualify
Colorado,CO,J.P. Farley Corporation,Motif Medical,https://motifmedical.com/insurance/qualify
Colorado,CO,Kaiser Foundation Health Plan,Motif Medical,https://motifmedical.com/insurance/qualify
Colorado,CO,Key Benefit Administrators,Motif Medical,https://motifmedical.com/insurance/qualify
Colorado,CO,Keystone First,Motif Medical,https://motifmedical.com/insurance/qualify
Colorado,CO,lakes area community healthplan,Motif Medical,https://motifmedical.com/insurance/qualify
Colorado,CO,Lasso Healthcare,Motif Medical,https://motifmedical.com/insurance/qualify
Colorado,CO,Longevity Health Plan,Motif Medical,https://motifmedical.com/insurance/qualify
Colorado,CO,Lucent Health,Motif Medical,https://motifmedical.com/insurance/qualify
Colorado,CO,Magellan,Motif Medical,https://motifmedical.com/insurance/qualify
Colorado,CO,Magnacare,Motif Medical,https://motifmedical.com/insurance/qualify
Colorado,CO,Mail Handlers,Motif Medical,https://motifmedical.com/insurance/qualify
Colorado,CO,"Managed Care, Inc dba Galaxy Health Network",Motif Medical,https://motifmedical.com/insurance/qualify
Colorado,CO,Martin's Point,Motif Medical,https://motifmedical.com/insurance/qualify
Colorado,CO,maxor provider network,Motif Medical,https://motifmedical.com/insurance/qualify
Colorado,CO,mcm maxcare ppo,Motif Medical,https://motifmedical.com/insurance/qualify
Colorado,CO,Medcorp Southwest Inc,Motif Medical,https://motifmedical.com/insurance/qualify
Colorado,CO,MedCost,Motif Medical,https://motifmedical.com/insurance/qualify
Colorado,CO,Medi-Share,Motif Medical,https://motifmedical.com/insurance/qualify
Colorado,CO,Medica,Motif Medical,https://motifmedical.com/insurance/qualify
Colorado,CO,Medicaid,Motif Medical,https://motifmedical.com/insurance/qualify
Colorado,CO,Medicaid - Health First,Motif Medical,https://motifmedical.com/insurance/qualify
Colorado,CO,Medicaid of Colorado - Health First Colorado,Motif Medical,https://motifmedical.com/insurance/qualify
Colorado,CO,"Medical Cost Containment Professionals, LLC (MCCP)",Motif Medical,https://motifmedical.com/insurance/qualify
Colorado,CO,medical resource,Motif Medical,https://motifmedical.com/insurance/qualify
Colorado,CO,Medicare,Motif Medical,https://motifmedical.com/insurance/qualify
Colorado,CO,Memorial Health Partners,Motif Medical,https://motifmedical.com/insurance/qualify
Colorado,CO,Meridian Health Plan,Motif Medical,https://motifmedical.com/insurance/qualify
Colorado,CO,Meritain Health,Motif Medical,https://motifmedical.com/insurance/qualify
Colorado,CO,Methodist First Choice,Motif Medical,https://motifmedical.com/insurance/qualify
Colorado,CO,MetroPlus,Motif Medical,https://motifmedical.com/insurance/qualify
Colorado,CO,Midlands Choice,Motif Medical,https://motifmedical.com/insurance/qualify
Colorado,CO,Midwest Health,Motif Medical,https://motifmedical.com/insurance/qualify
Colorado,CO,MissionPoint,Motif Medical,https://motifmedical.com/insurance/qualify
Colorado,CO,Moda Health,Motif Medical,https://motifmedical.com/insurance/qualify
Colorado,CO,Molina,Motif Medical,https://motifmedical.com/insurance/qualify
Colorado,CO,Mountain Health CO-OP,Motif Medical,https://motifmedical.com/insurance/qualify
Colorado,CO,Multiplan-PHCS,Motif Medical,https://motifmedical.com/insurance/qualify
Colorado,CO,Mutual Assurance Administrators,Motif Medical,https://motifmedical.com/insurance/qualify
Colorado,CO,National Association of Letter Carriers,Motif Medical,https://motifmedical.com/insurance/qualify
Colorado,CO,National Elevator Industry Health Benefits,Motif Medical,https://motifmedical.com/insurance/qualify
Colorado,CO,"Northeast Health Partners, LLC",Motif Medical,https://motifmedical.com/insurance/qualify
Colorado,CO,NYSHIP,Motif Medical,https://motifmedical.com/insurance/qualify
Colorado,CO,One Homecare Solutions,Motif Medical,https://motifmedical.com/insurance/qualify
Colorado,CO,Onecall,Motif Medical,https://motifmedical.com/insurance/qualify
Colorado,CO,Optum,Motif Medical,https://motifmedical.com/insurance/qualify
Colorado,CO,Oscar,Motif Medical,https://motifmedical.com/insurance/qualify
Colorado,CO,Oscar CO-Commercial,Motif Medical,https://motifmedical.com/insurance/qualify
Colorado,CO,Other,Motif Medical,https://motifmedical.com/insurance/qualify
Colorado,CO,OWCA,Motif Medical,https://motifmedical.com/insurance/qualify
Colorado,CO,Oxford Health Plans,Motif Medical,https://motifmedical.com/insurance/qualify
Colorado,CO,Pacific Source Health Plans,Motif Medical,https://motifmedical.com/insurance/qualify
Colorado,CO,Paradigm,Motif Medical,https://motifmedical.com/insurance/qualify
Colorado,CO,Performance Health,Motif Medical,https://motifmedical.com/insurance/qualify
Colorado,CO,Piedmont Healthcare,Motif Medical,https://motifmedical.com/insurance/qualify
Colorado,CO,Pinnacle Assurance,Motif Medical,https://motifmedical.com/insurance/qualify
Colorado,CO,Porter County Government Employee Benefits,Motif Medical,https://motifmedical.com/insurance/qualify
Colorado,CO,PPO Plus,Motif Medical,https://motifmedical.com/insurance/qualify
Colorado,CO,Prairie States,Motif Medical,https://motifmedical.com/insurance/qualify
Colorado,CO,Preferred Health Professionals,Motif Medical,https://motifmedical.com/insurance/qualify
Colorado,CO,Preferred Medical Network,Motif Medical,https://motifmedical.com/insurance/qualify
Colorado,CO,Preferred One,Motif Medical,https://motifmedical.com/insurance/qualify
Colorado,CO,Presbyterian Health Plan,Motif Medical,https://motifmedical.com/insurance/qualify
Colorado,CO,Priority Health,Motif Medical,https://motifmedical.com/insurance/qualify
Colorado,CO,PROVIDENCE HEALTH,Motif Medical,https://motifmedical.com/insurance/qualify
Colorado,CO,Provider Network of America,Motif Medical,https://motifmedical.com/insurance/qualify
Colorado,CO,QualChoice,Motif Medical,https://motifmedical.com/insurance/qualify
Colorado,CO,Quartz,Motif Medical,https://motifmedical.com/insurance/qualify
Colorado,CO,Qubic,Motif Medical,https://motifmedical.com/insurance/qualify
Colorado,CO,Reserve National Insurance Company,Motif Medical,https://motifmedical.com/insurance/qualify
Colorado,CO,ResourceOne Administrators,Motif Medical,https://motifmedical.com/insurance/qualify
Colorado,CO,Rocky Mountain Health Plan,Motif Medical,https://motifmedical.com/insurance/qualify
Colorado,CO,Rocky Mountain Health Plans,Motif Medical,https://motifmedical.com/insurance/qualify
Colorado,CO,S & S Health,Motif Medical,https://motifmedical.com/insurance/qualify
Colorado,CO,Samaritan,Motif Medical,https://motifmedical.com/insurance/qualify
Colorado,CO,Sana Benefits,Motif Medical,https://motifmedical.com/insurance/qualify
Colorado,CO,Sanford Health Plan,Motif Medical,https://motifmedical.com/insurance/qualify
Colorado,CO,Scott & White Health Plan,Motif Medical,https://motifmedical.com/insurance/qualify
Colorado,CO,Sedgwick,Motif Medical,https://motifmedical.com/insurance/qualify
Colorado,CO,Select Administrative Services,Motif Medical,https://motifmedical.com/insurance/qualify
Colorado,CO,Self Insured Services Company,Motif Medical,https://motifmedical.com/insurance/qualify
Colorado,CO,Sentara Health Plans,Motif Medical,https://motifmedical.com/insurance/qualify
Colorado,CO,Sentry Insurance,Motif Medical,https://motifmedical.com/insurance/qualify
Colorado,CO,SIHO,Motif Medical,https://motifmedical.com/insurance/qualify
Colorado,CO,SIX DEGREES HEALTH,Motif Medical,https://motifmedical.com/insurance/qualify
Colorado,CO,SmartHealth,Motif Medical,https://motifmedical.com/insurance/qualify
Colorado,CO,SMS National,Motif Medical,https://motifmedical.com/insurance/qualify
Colorado,CO,Sound Health and Wellness,Motif Medical,https://motifmedical.com/insurance/qualify
Colorado,CO,South Central Preferred,Motif Medical,https://motifmedical.com/insurance/qualify
Colorado,CO,Starmark,Motif Medical,https://motifmedical.com/insurance/qualify
Colorado,CO,The American Worker,Motif Medical,https://motifmedical.com/insurance/qualify
Colorado,CO,The American Worker (f.k.a Century Healthcare),Motif Medical,https://motifmedical.com/insurance/qualify
Colorado,CO,The Empire Plan,Motif Medical,https://motifmedical.com/insurance/qualify
Colorado,CO,The Health Plan,Motif Medical,https://motifmedical.com/insurance/qualify
Colorado,CO,Tricare,Motif Medical,https://motifmedical.com/insurance/qualify
Colorado,CO,Tricare Overseas,Motif Medical,https://motifmedical.com/insurance/qualify
Colorado,CO,Tricare West,Motif Medical,https://motifmedical.com/insurance/qualify
Colorado,CO,Trilogy,Motif Medical,https://motifmedical.com/insurance/qualify
Colorado,CO,TRPN,Motif Medical,https://motifmedical.com/insurance/qualify
Colorado,CO,Tru Pace,Motif Medical,https://motifmedical.com/insurance/qualify
Colorado,CO,Trustmark,Motif Medical,https://motifmedical.com/insurance/qualify
Colorado,CO,Tufts Health Plan,Motif Medical,https://motifmedical.com/insurance/qualify
Colorado,CO,Ucare,Motif Medical,https://motifmedical.com/insurance/qualify
Colorado,CO,UHC ALL SAVERS,Motif Medical,https://motifmedical.com/insurance/qualify
Colorado,CO,UHC SHARED SERVICES,Motif Medical,https://motifmedical.com/insurance/qualify
Colorado,CO,UHC STUDENT RESOURCES,Motif Medical,https://motifmedical.com/insurance/qualify
Colorado,CO,UHC SUREST,Motif Medical,https://motifmedical.com/insurance/qualify
Colorado,CO,UHIS,Motif Medical,https://motifmedical.com/insurance/qualify
Colorado,CO,UMR,Motif Medical,https://motifmedical.com/insurance/qualify
Colorado,CO,UMWA Health & Retirement Funds,Motif Medical,https://motifmedical.com/insurance/qualify
Colorado,CO,Unicare,Motif Medical,https://motifmedical.com/insurance/qualify
Colorado,CO,United,Motif Medical,https://motifmedical.com/insurance/qualify
Colorado,CO,United Healthcare,Motif Medical,https://motifmedical.com/insurance/qualify
Colorado,CO,United Healthcare  Commercial and Medicare,Motif Medical,https://motifmedical.com/insurance/qualify
Colorado,CO,United Healthcare All Savers,Motif Medical,https://motifmedical.com/insurance/qualify
Colorado,CO,United Healthcare Medicaid,Motif Medical,https://motifmedical.com/insurance/qualify
Colorado,CO,United Healthcare Shared Services,Motif Medical,https://motifmedical.com/insurance/qualify
Colorado,CO,United Student Resources,Motif Medical,https://motifmedical.com/insurance/qualify
Colorado,CO,UPMC,Motif Medical,https://motifmedical.com/insurance/qualify
Colorado,CO,US Family Health Plan,Motif Medical,https://motifmedical.com/insurance/qualify
Colorado,CO,USA MANAGED CARE ORGANIZATIONS,Motif Medical,https://motifmedical.com/insurance/qualify
Colorado,CO,Valenz,Motif Medical,https://motifmedical.com/insurance/qualify
Colorado,CO,Valenz f.k.a United Claim Solutions (PPO Network),Motif Medical,https://motifmedical.com/insurance/qualify
Colorado,CO,WebTPA,Motif Medical,https://motifmedical.com/insurance/qualify
Colorado,CO,Wellcare,Motif Medical,https://motifmedical.com/insurance/qualify
Colorado,CO,WellFirst Health,Motif Medical,https://motifmedical.com/insurance/qualify
Colorado,CO,WellMed,Motif Medical,https://motifmedical.com/insurance/qualify
Colorado,CO,World Trade Center,Motif Medical,https://motifmedical.com/insurance/qualify
Colorado,CO,Zelis,Motif Medical,https://motifmedical.com/insurance/qualify
Colorado,CO,ZENITH ADMIN,Motif Medical,https://motifmedical.com/insurance/qualify
Florida,FL,Aetna Better Health,Motif Medical,https://motifmedical.com/insurance/qualify
Florida,FL,A&S Financial,Motif Medical,https://motifmedical.com/insurance/qualify
Florida,FL,Access Health Services - TPA,Motif Medical,https://motifmedical.com/insurance/qualify
Florida,FL,Aetna,Motif Medical,https://motifmedical.com/insurance/qualify
Florida,FL,Aetna Atlantic Health,Motif Medical,https://motifmedical.com/insurance/qualify
Florida,FL,Aetna National,Motif Medical,https://motifmedical.com/insurance/qualify
Florida,FL,Affinity,Motif Medical,https://motifmedical.com/insurance/qualify
Florida,FL,Alignment Healthcare,Motif Medical,https://motifmedical.com/insurance/qualify
Florida,FL,Alignment Healthcare fka Citizens Choice Health Plan,Motif Medical,https://motifmedical.com/insurance/qualify
Florida,FL,All Florida PPO,Motif Medical,https://motifmedical.com/insurance/qualify
Florida,FL,All Savers Health Plans,Motif Medical,https://motifmedical.com/insurance/qualify
Florida,FL,Allegiance,Motif Medical,https://motifmedical.com/insurance/qualify
Florida,FL,Alliant Health,Motif Medical,https://motifmedical.com/insurance/qualify
Florida,FL,Allied Health Benefits,Motif Medical,https://motifmedical.com/insurance/qualify
Florida,FL,AllWays Health Partners,Motif Medical,https://motifmedical.com/insurance/qualify
Florida,FL,Allwell Sunshine State Health Plan -,Motif Medical,https://motifmedical.com/insurance/qualify
Florida,FL,Alternative Insurance Resources,Motif Medical,https://motifmedical.com/insurance/qualify
Florida,FL,Ambetter,Motif Medical,https://motifmedical.com/insurance/qualify
Florida,FL,AmBetter Commercial,Motif Medical,https://motifmedical.com/insurance/qualify
Florida,FL,Ambetter Sunshine State Health Plan,Motif Medical,https://motifmedical.com/insurance/qualify
Florida,FL,AmeriBen,Motif Medical,https://motifmedical.com/insurance/qualify
Florida,FL,America's Choice Provider Network,Motif Medical,https://motifmedical.com/insurance/qualify
Florida,FL,American Health Advantage of Florida,Motif Medical,https://motifmedical.com/insurance/qualify
Florida,FL,American Health Plans,Motif Medical,https://motifmedical.com/insurance/qualify
Florida,FL,American Healthcare Alliance,Motif Medical,https://motifmedical.com/insurance/qualify
Florida,FL,American PPO,Motif Medical,https://motifmedical.com/insurance/qualify
Florida,FL,AmeriGroup,Motif Medical,https://motifmedical.com/insurance/qualify
Florida,FL,AmeriHealth,Motif Medical,https://motifmedical.com/insurance/qualify
Florida,FL,AmeriHealth Caritas Florida fka Prestige Health Choice,Motif Medical,https://motifmedical.com/insurance/qualify
Florida,FL,Ametros,Motif Medical,https://motifmedical.com/insurance/qualify
Florida,FL,Ancillary Care Services,Motif Medical,https://motifmedical.com/insurance/qualify
Florida,FL,Anthem BCBCS,Motif Medical,https://motifmedical.com/insurance/qualify
Florida,FL,Anthem BCBS,Motif Medical,https://motifmedical.com/insurance/qualify
Florida,FL,Anthem Blue Cross Blue Shield,Motif Medical,https://motifmedical.com/insurance/qualify
Florida,FL,Anthem Medicaid,Motif Medical,https://motifmedical.com/insurance/qualify
Florida,FL,Arcbest Corporation,Motif Medical,https://motifmedical.com/insurance/qualify
Florida,FL,ASMED Health Partnership,Motif Medical,https://motifmedical.com/insurance/qualify
Florida,FL,ASURIS,Motif Medical,https://motifmedical.com/insurance/qualify
Florida,FL,Atrio Health Plans,Motif Medical,https://motifmedical.com/insurance/qualify
Florida,FL,AvMed,Motif Medical,https://motifmedical.com/insurance/qualify
Florida,FL,AvMed Health Plan,Motif Medical,https://motifmedical.com/insurance/qualify
Florida,FL,AXA Assistance,Motif Medical,https://motifmedical.com/insurance/qualify
Florida,FL,Badger Care,Motif Medical,https://motifmedical.com/insurance/qualify
Florida,FL,BayCare Plus,Motif Medical,https://motifmedical.com/insurance/qualify
Florida,FL,BCE Emergis,Motif Medical,https://motifmedical.com/insurance/qualify
Florida,FL,Beacon Health,Motif Medical,https://motifmedical.com/insurance/qualify
Florida,FL,Beech Street,Motif Medical,https://motifmedical.com/insurance/qualify
Florida,FL,Benefit Assistance Corp,Motif Medical,https://motifmedical.com/insurance/qualify
Florida,FL,Best Choice Plus,Motif Medical,https://motifmedical.com/insurance/qualify
Florida,FL,Best Doctors,Motif Medical,https://motifmedical.com/insurance/qualify
Florida,FL,Blue Benefit Administrators,Motif Medical,https://motifmedical.com/insurance/qualify
Florida,FL,Blue Cross Blue Shield,Motif Medical,https://motifmedical.com/insurance/qualify
Florida,FL,Blue Cross Blue Shield of Florida (CareCentrix),Motif Medical,https://motifmedical.com/insurance/qualify
Florida,FL,Bluegrass Family Health,Motif Medical,https://motifmedical.com/insurance/qualify
Florida,FL,BMI Benefits LLC,Motif Medical,https://motifmedical.com/insurance/qualify
Florida,FL,Boulder Admin,Motif Medical,https://motifmedical.com/insurance/qualify
Florida,FL,Bright Health,Motif Medical,https://motifmedical.com/insurance/qualify
Florida,FL,Buckeye Community Health Plan,Motif Medical,https://motifmedical.com/insurance/qualify
Florida,FL,CAPITAL HEALTH,Motif Medical,https://motifmedical.com/insurance/qualify
Florida,FL,CareFirst BCBS,Motif Medical,https://motifmedical.com/insurance/qualify
Florida,FL,Careington International,Motif Medical,https://motifmedical.com/insurance/qualify
Florida,FL,CarePlus Health Plans,Motif Medical,https://motifmedical.com/insurance/qualify
Florida,FL,Caresource,Motif Medical,https://motifmedical.com/insurance/qualify
Florida,FL,"CareValent Custom Design Benefits, Inc.",Motif Medical,https://motifmedical.com/insurance/qualify
Florida,FL,CAREVALENT GILSBAR,Motif Medical,https://motifmedical.com/insurance/qualify
Florida,FL,CareValent Stillwater,Motif Medical,https://motifmedical.com/insurance/qualify
Florida,FL,"Catholic Special Needs Plan, LLC DBA ArchCare Advantage",Motif Medical,https://motifmedical.com/insurance/qualify
Florida,FL,Cedar Valley Community Healthcare,Motif Medical,https://motifmedical.com/insurance/qualify
Florida,FL,Cedar Valley Hospice - Transportation,Motif Medical,https://motifmedical.com/insurance/qualify
Florida,FL,Centene,Motif Medical,https://motifmedical.com/insurance/qualify
Florida,FL,Centivo,Motif Medical,https://motifmedical.com/insurance/qualify
Florida,FL,Century Health Solutions,Motif Medical,https://motifmedical.com/insurance/qualify
Florida,FL,Cerner Health Plan,Motif Medical,https://motifmedical.com/insurance/qualify
Florida,FL,CHAMP VA,Motif Medical,https://motifmedical.com/insurance/qualify
Florida,FL,CHCS Services,Motif Medical,https://motifmedical.com/insurance/qualify
Florida,FL,CHN Solutions,Motif Medical,https://motifmedical.com/insurance/qualify
Florida,FL,Choice Care Network,Motif Medical,https://motifmedical.com/insurance/qualify
Florida,FL,Cigna,Motif Medical,https://motifmedical.com/insurance/qualify
Florida,FL,Clear Health Alliance,Motif Medical,https://motifmedical.com/insurance/qualify
Florida,FL,Clear Spring Health,Motif Medical,https://motifmedical.com/insurance/qualify
Florida,FL,ClearPrice Networks,Motif Medical,https://motifmedical.com/insurance/qualify
Florida,FL,CMN Inc. Global,Motif Medical,https://motifmedical.com/insurance/qualify
Florida,FL,Coastal Care Services,Motif Medical,https://motifmedical.com/insurance/qualify
Florida,FL,Cofinity Health Benefits,Motif Medical,https://motifmedical.com/insurance/qualify
Florida,FL,Common Ground Health Care,Motif Medical,https://motifmedical.com/insurance/qualify
Florida,FL,Commonwealth Care Alliance,Motif Medical,https://motifmedical.com/insurance/qualify
Florida,FL,Community Care,Motif Medical,https://motifmedical.com/insurance/qualify
Florida,FL,Community Care Plan,Motif Medical,https://motifmedical.com/insurance/qualify
Florida,FL,Community Health Options,Motif Medical,https://motifmedical.com/insurance/qualify
Florida,FL,Compass Rose Health Plan,Motif Medical,https://motifmedical.com/insurance/qualify
Florida,FL,CompDME,Motif Medical,https://motifmedical.com/insurance/qualify
Florida,FL,Connecticare,Motif Medical,https://motifmedical.com/insurance/qualify
Florida,FL,CONSOCIATE CARE,Motif Medical,https://motifmedical.com/insurance/qualify
Florida,FL,Continental Benefits,Motif Medical,https://motifmedical.com/insurance/qualify
Florida,FL,Cook County Health Plan,Motif Medical,https://motifmedical.com/insurance/qualify
Florida,FL,CoreSource,Motif Medical,https://motifmedical.com/insurance/qualify
Florida,FL,Country Financial,Motif Medical,https://motifmedical.com/insurance/qualify
Florida,FL,Coventry Health Care,Motif Medical,https://motifmedical.com/insurance/qualify
Florida,FL,CuraeChoice,Motif Medical,https://motifmedical.com/insurance/qualify
Florida,FL,Delta Health Systems,Motif Medical,https://motifmedical.com/insurance/qualify
Florida,FL,Deseret Mutual Benefit Administrators,Motif Medical,https://motifmedical.com/insurance/qualify
Florida,FL,Doctors Health Plans,Motif Medical,https://motifmedical.com/insurance/qualify
Florida,FL,Eagle Health Plan,Motif Medical,https://motifmedical.com/insurance/qualify
Florida,FL,EBMS,Motif Medical,https://motifmedical.com/insurance/qualify
Florida,FL,EBPA,Motif Medical,https://motifmedical.com/insurance/qualify
Florida,FL,Emblem Health,Motif Medical,https://motifmedical.com/insurance/qualify
Florida,FL,Employer's Choice Network (ECN),Motif Medical,https://motifmedical.com/insurance/qualify
Florida,FL,Employers Health Network,Motif Medical,https://motifmedical.com/insurance/qualify
Florida,FL,Exceedent,Motif Medical,https://motifmedical.com/insurance/qualify
Florida,FL,Excellus BlueCross BlueShield,Motif Medical,https://motifmedical.com/insurance/qualify
Florida,FL,EZ Comp Care,Motif Medical,https://motifmedical.com/insurance/qualify
Florida,FL,Fidelis Care,Motif Medical,https://motifmedical.com/insurance/qualify
Florida,FL,First Choice Health,Motif Medical,https://motifmedical.com/insurance/qualify
Florida,FL,Florida Blue,Motif Medical,https://motifmedical.com/insurance/qualify
Florida,FL,Florida Blue Cross Blue Shield - Carecentrix,Motif Medical,https://motifmedical.com/insurance/qualify
Florida,FL,Florida Community Care,Motif Medical,https://motifmedical.com/insurance/qualify
Florida,FL,Florida First,Motif Medical,https://motifmedical.com/insurance/qualify
Florida,FL,Florida Health Care,Motif Medical,https://motifmedical.com/insurance/qualify
Florida,FL,Florida Hospital Health System,Motif Medical,https://motifmedical.com/insurance/qualify
Florida,FL,florida municipal insurance trust,Motif Medical,https://motifmedical.com/insurance/qualify
Florida,FL,Freedom Health,Motif Medical,https://motifmedical.com/insurance/qualify
Florida,FL,Friday Health Plan,Motif Medical,https://motifmedical.com/insurance/qualify
Florida,FL,Galaxy Health Network,Motif Medical,https://motifmedical.com/insurance/qualify
Florida,FL,Gateway Health,Motif Medical,https://motifmedical.com/insurance/qualify
Florida,FL,GEHA,Motif Medical,https://motifmedical.com/insurance/qualify
Florida,FL,Geisinger,Motif Medical,https://motifmedical.com/insurance/qualify
Florida,FL,Gilsbar,Motif Medical,https://motifmedical.com/insurance/qualify
Florida,FL,global excel management,Motif Medical,https://motifmedical.com/insurance/qualify
Florida,FL,Great Southern Life Co,Motif Medical,https://motifmedical.com/insurance/qualify
Florida,FL,group health benefits,Motif Medical,https://motifmedical.com/insurance/qualify
Florida,FL,Group Health Eau Claire,Motif Medical,https://motifmedical.com/insurance/qualify
Florida,FL,Harbor Health Plan,Motif Medical,https://motifmedical.com/insurance/qualify
Florida,FL,Harvard Pilgrim,Motif Medical,https://motifmedical.com/insurance/qualify
Florida,FL,Health Care Partners,Motif Medical,https://motifmedical.com/insurance/qualify
Florida,FL,Health Choice,Motif Medical,https://motifmedical.com/insurance/qualify
Florida,FL,health eos,Motif Medical,https://motifmedical.com/insurance/qualify
Florida,FL,Health EZ,Motif Medical,https://motifmedical.com/insurance/qualify
Florida,FL,Health New England,Motif Medical,https://motifmedical.com/insurance/qualify
Florida,FL,Health Options,Motif Medical,https://motifmedical.com/insurance/qualify
Florida,FL,Health Partners,Motif Medical,https://motifmedical.com/insurance/qualify
Florida,FL,Health Payment Systems,Motif Medical,https://motifmedical.com/insurance/qualify
Florida,FL,Health Plan Services,Motif Medical,https://motifmedical.com/insurance/qualify
Florida,FL,Health Plans Inc,Motif Medical,https://motifmedical.com/insurance/qualify
Florida,FL,Health Scope,Motif Medical,https://motifmedical.com/insurance/qualify
Florida,FL,Health Smart,Motif Medical,https://motifmedical.com/insurance/qualify
Florida,FL,Healthcare Systems FL,Motif Medical,https://motifmedical.com/insurance/qualify
Florida,FL,HealthComp,Motif Medical,https://motifmedical.com/insurance/qualify
Florida,FL,Healthcomp TPA,Motif Medical,https://motifmedical.com/insurance/qualify
Florida,FL,Healthgram,Motif Medical,https://motifmedical.com/insurance/qualify
Florida,FL,HealthLink,Motif Medical,https://motifmedical.com/insurance/qualify
Florida,FL,HealthSmart,Motif Medical,https://motifmedical.com/insurance/qualify
Florida,FL,"HealthSmart Preferred Care II, LP",Motif Medical,https://motifmedical.com/insurance/qualify
Florida,FL,Heritage Consultants,Motif Medical,https://motifmedical.com/insurance/qualify
Florida,FL,HFN,Motif Medical,https://motifmedical.com/insurance/qualify
Florida,FL,highlands,Motif Medical,https://motifmedical.com/insurance/qualify
Florida,FL,Homelink,Motif Medical,https://motifmedical.com/insurance/qualify
Florida,FL,Hudson Health Plan,Motif Medical,https://motifmedical.com/insurance/qualify
Florida,FL,Humana,Motif Medical,https://motifmedical.com/insurance/qualify
Florida,FL,Humana Tricare East,Motif Medical,https://motifmedical.com/insurance/qualify
Florida,FL,Imagine 368,Motif Medical,https://motifmedical.com/insurance/qualify
Florida,FL,"immergrun, inc.",Motif Medical,https://motifmedical.com/insurance/qualify
Florida,FL,Independence BCBS,Motif Medical,https://motifmedical.com/insurance/qualify
Florida,FL,Independent Health,Motif Medical,https://motifmedical.com/insurance/qualify
Florida,FL,Independent Medical Systems,Motif Medical,https://motifmedical.com/insurance/qualify
Florida,FL,indequest,Motif Medical,https://motifmedical.com/insurance/qualify
Florida,FL,Inland Empire Health Plan - IEHP,Motif Medical,https://motifmedical.com/insurance/qualify
Florida,FL,Innovative Healthcare,Motif Medical,https://motifmedical.com/insurance/qualify
Florida,FL,INS ADMIN SOLUT,Motif Medical,https://motifmedical.com/insurance/qualify
Florida,FL,Insurance Management Services,Motif Medical,https://motifmedical.com/insurance/qualify
Florida,FL,Integra,Motif Medical,https://motifmedical.com/insurance/qualify
Florida,FL,Integral Quality Care,Motif Medical,https://motifmedical.com/insurance/qualify
Florida,FL,Integrated Home Care Services - IHCS,Motif Medical,https://motifmedical.com/insurance/qualify
Florida,FL,INTotal Health,Motif Medical,https://motifmedical.com/insurance/qualify
Florida,FL,IPMG,Motif Medical,https://motifmedical.com/insurance/qualify
Florida,FL,J.P. Farley Corporation,Motif Medical,https://motifmedical.com/insurance/qualify
Florida,FL,Key Benefit Administrators,Motif Medical,https://motifmedical.com/insurance/qualify
Florida,FL,Keystone First,Motif Medical,https://motifmedical.com/insurance/qualify
Florida,FL,lakes area community healthplan,Motif Medical,https://motifmedical.com/insurance/qualify
Florida,FL,Lasso Healthcare,Motif Medical,https://motifmedical.com/insurance/qualify
Florida,FL,Liberty Bankers Life,Motif Medical,https://motifmedical.com/insurance/qualify
Florida,FL,Longevity Health Plan,Motif Medical,https://motifmedical.com/insurance/qualify
Florida,FL,Lucent Health,Motif Medical,https://motifmedical.com/insurance/qualify
Florida,FL,Lumico Medicare Supplement,Motif Medical,https://motifmedical.com/insurance/qualify
Florida,FL,Luminare,Motif Medical,https://motifmedical.com/insurance/qualify
Florida,FL,Magellan,Motif Medical,https://motifmedical.com/insurance/qualify
Florida,FL,Magnacare,Motif Medical,https://motifmedical.com/insurance/qualify
Florida,FL,Mail Handlers,Motif Medical,https://motifmedical.com/insurance/qualify
Florida,FL,Managed Care Services,Motif Medical,https://motifmedical.com/insurance/qualify
Florida,FL,"Managed Care, Inc dba Galaxy Health Network",Motif Medical,https://motifmedical.com/insurance/qualify
Florida,FL,Martin's Point,Motif Medical,https://motifmedical.com/insurance/qualify
Florida,FL,maxor provider network,Motif Medical,https://motifmedical.com/insurance/qualify
Florida,FL,Mayo Clinic Health Solutions,Motif Medical,https://motifmedical.com/insurance/qualify
Florida,FL,mcm maxcare ppo,Motif Medical,https://motifmedical.com/insurance/qualify
Florida,FL,Med 3000,Motif Medical,https://motifmedical.com/insurance/qualify
Florida,FL,Medcom/FHA,Motif Medical,https://motifmedical.com/insurance/qualify
Florida,FL,Medcorp Southwest Inc,Motif Medical,https://motifmedical.com/insurance/qualify
Florida,FL,MedCost,Motif Medical,https://motifmedical.com/insurance/qualify
Florida,FL,Medi-Share,Motif Medical,https://motifmedical.com/insurance/qualify
Florida,FL,Medica,Motif Medical,https://motifmedical.com/insurance/qualify
Florida,FL,Medicaid,Motif Medical,https://motifmedical.com/insurance/qualify
Florida,FL,"Medical Cost Containment Professionals, LLC (MCCP)",Motif Medical,https://motifmedical.com/insurance/qualify
Florida,FL,Medical Partners of America,Motif Medical,https://motifmedical.com/insurance/qualify
Florida,FL,medical resource,Motif Medical,https://motifmedical.com/insurance/qualify
Florida,FL,Medicare,Motif Medical,https://motifmedical.com/insurance/qualify
Florida,FL,MediNcrease,Motif Medical,https://motifmedical.com/insurance/qualify
Florida,FL,Medipass,Motif Medical,https://motifmedical.com/insurance/qualify
Florida,FL,MedWatch,Motif Medical,https://motifmedical.com/insurance/qualify
Florida,FL,Mercury,Motif Medical,https://motifmedical.com/insurance/qualify
Florida,FL,Meridian Health Plan,Motif Medical,https://motifmedical.com/insurance/qualify
Florida,FL,Meritain Health,Motif Medical,https://motifmedical.com/insurance/qualify
Florida,FL,Methodist First Choice,Motif Medical,https://motifmedical.com/insurance/qualify
Florida,FL,MetroPlus,Motif Medical,https://motifmedical.com/insurance/qualify
Florida,FL,Midlands Choice,Motif Medical,https://motifmedical.com/insurance/qualify
Florida,FL,Midwest Health,Motif Medical,https://motifmedical.com/insurance/qualify
Florida,FL,MissionPoint,Motif Medical,https://motifmedical.com/insurance/qualify
Florida,FL,Moda Health,Motif Medical,https://motifmedical.com/insurance/qualify
Florida,FL,Molina,Motif Medical,https://motifmedical.com/insurance/qualify
Florida,FL,Mountain Health CO-OP,Motif Medical,https://motifmedical.com/insurance/qualify
Florida,FL,MSC,Motif Medical,https://motifmedical.com/insurance/qualify
Florida,FL,Multiplan-PHCS,Motif Medical,https://motifmedical.com/insurance/qualify
Florida,FL,Mutual Assurance Administrators,Motif Medical,https://motifmedical.com/insurance/qualify
Florida,FL,National Association of Letter Carriers,Motif Medical,https://motifmedical.com/insurance/qualify
Florida,FL,National Elevator Industry Health Benefits,Motif Medical,https://motifmedical.com/insurance/qualify
Florida,FL,"NetCard Systems a division of WellDyne, Inc.",Motif Medical,https://motifmedical.com/insurance/qualify
Florida,FL,NYSHIP,Motif Medical,https://motifmedical.com/insurance/qualify
Florida,FL,One Homecare Solutions,Motif Medical,https://motifmedical.com/insurance/qualify
Florida,FL,Onecall,Motif Medical,https://motifmedical.com/insurance/qualify
Florida,FL,Optimum Healthcare Inc.,Motif Medical,https://motifmedical.com/insurance/qualify
Florida,FL,Optum,Motif Medical,https://motifmedical.com/insurance/qualify
Florida,FL,Oscar,Motif Medical,https://motifmedical.com/insurance/qualify
Florida,FL,Oscar FL-Commercial,Motif Medical,https://motifmedical.com/insurance/qualify
Florida,FL,Other,Motif Medical,https://motifmedical.com/insurance/qualify
Florida,FL,OWCA,Motif Medical,https://motifmedical.com/insurance/qualify
Florida,FL,Oxford Health Plans,Motif Medical,https://motifmedical.com/insurance/qualify
Florida,FL,Pacific Source Health Plans,Motif Medical,https://motifmedical.com/insurance/qualify
Florida,FL,Paradigm,Motif Medical,https://motifmedical.com/insurance/qualify
Florida,FL,Ped-I-Care,Motif Medical,https://motifmedical.com/insurance/qualify
Florida,FL,Performance Health,Motif Medical,https://motifmedical.com/insurance/qualify
Florida,FL,Pharmacy Coupons Client,Motif Medical,https://motifmedical.com/insurance/qualify
Florida,FL,Piedmont Healthcare,Motif Medical,https://motifmedical.com/insurance/qualify
Florida,FL,Pinnacle Assurance,Motif Medical,https://motifmedical.com/insurance/qualify
Florida,FL,PMSI-TMESYS Workers Comp Claims,Motif Medical,https://motifmedical.com/insurance/qualify
Florida,FL,Porter County Government Employee Benefits,Motif Medical,https://motifmedical.com/insurance/qualify
Florida,FL,PPO Plus,Motif Medical,https://motifmedical.com/insurance/qualify
Florida,FL,Prairie States,Motif Medical,https://motifmedical.com/insurance/qualify
Florida,FL,Preferred Health Professionals,Motif Medical,https://motifmedical.com/insurance/qualify
Florida,FL,Preferred Medical,Motif Medical,https://motifmedical.com/insurance/qualify
Florida,FL,Preferred Medical Network,Motif Medical,https://motifmedical.com/insurance/qualify
Florida,FL,Preferred One,Motif Medical,https://motifmedical.com/insurance/qualify
Florida,FL,Presbyterian Health Plan,Motif Medical,https://motifmedical.com/insurance/qualify
Florida,FL,Prestige,Motif Medical,https://motifmedical.com/insurance/qualify
Florida,FL,Priority Health,Motif Medical,https://motifmedical.com/insurance/qualify
Florida,FL,Prominence Health Plan,Motif Medical,https://motifmedical.com/insurance/qualify
Florida,FL,PROVIDENCE HEALTH,Motif Medical,https://motifmedical.com/insurance/qualify
Florida,FL,Provider Network of America,Motif Medical,https://motifmedical.com/insurance/qualify
Florida,FL,QualChoice,Motif Medical,https://motifmedical.com/insurance/qualify
Florida,FL,Quartz,Motif Medical,https://motifmedical.com/insurance/qualify
Florida,FL,Reserve National Insurance Company,Motif Medical,https://motifmedical.com/insurance/qualify
Florida,FL,ResourceOne Administrators,Motif Medical,https://motifmedical.com/insurance/qualify
Florida,FL,Retrospect,Motif Medical,https://motifmedical.com/insurance/qualify
Florida,FL,S & S Health,Motif Medical,https://motifmedical.com/insurance/qualify
Florida,FL,Samaritan,Motif Medical,https://motifmedical.com/insurance/qualify
Florida,FL,Sana Benefits,Motif Medical,https://motifmedical.com/insurance/qualify
Florida,FL,Sanford Health Plan,Motif Medical,https://motifmedical.com/insurance/qualify
Florida,FL,Scott & White Health Plan,Motif Medical,https://motifmedical.com/insurance/qualify
Florida,FL,Sedgwick,Motif Medical,https://motifmedical.com/insurance/qualify
Florida,FL,Select Administrative Services,Motif Medical,https://motifmedical.com/insurance/qualify
Florida,FL,Self Insured Services Company,Motif Medical,https://motifmedical.com/insurance/qualify
Florida,FL,Sentara Health Plans,Motif Medical,https://motifmedical.com/insurance/qualify
Florida,FL,Sentry Insurance,Motif Medical,https://motifmedical.com/insurance/qualify
Florida,FL,SIHO,Motif Medical,https://motifmedical.com/insurance/qualify
Florida,FL,Simply Healthcare,Motif Medical,https://motifmedical.com/insurance/qualify
Florida,FL,SIX DEGREES HEALTH,Motif Medical,https://motifmedical.com/insurance/qualify
Florida,FL,SmartHealth,Motif Medical,https://motifmedical.com/insurance/qualify
Florida,FL,SMS National,Motif Medical,https://motifmedical.com/insurance/qualify
Florida,FL,Sound Health and Wellness,Motif Medical,https://motifmedical.com/insurance/qualify
Florida,FL,South Central Preferred,Motif Medical,https://motifmedical.com/insurance/qualify
Florida,FL,Starmark,Motif Medical,https://motifmedical.com/insurance/qualify
Florida,FL,Strategic Health Development,Motif Medical,https://motifmedical.com/insurance/qualify
Florida,FL,Sunrise Pace,Motif Medical,https://motifmedical.com/insurance/qualify
Florida,FL,Sunshine Health,Motif Medical,https://motifmedical.com/insurance/qualify
Florida,FL,Sunshine Health Plan,Motif Medical,https://motifmedical.com/insurance/qualify
Florida,FL,Sunshine State Health Plan -,Motif Medical,https://motifmedical.com/insurance/qualify
Florida,FL,Sunsine,Motif Medical,https://motifmedical.com/insurance/qualify
Florida,FL,The American Worker,Motif Medical,https://motifmedical.com/insurance/qualify
Florida,FL,The American Worker (f.k.a Century Healthcare),Motif Medical,https://motifmedical.com/insurance/qualify
Florida,FL,The Empire Plan,Motif Medical,https://motifmedical.com/insurance/qualify
Florida,FL,The Health Plan,Motif Medical,https://motifmedical.com/insurance/qualify
Florida,FL,Tricare,Motif Medical,https://motifmedical.com/insurance/qualify
Florida,FL,TriCare – East Region,Motif Medical,https://motifmedical.com/insurance/qualify
Florida,FL,Tricare East,Motif Medical,https://motifmedical.com/insurance/qualify
Florida,FL,Tricare Overseas,Motif Medical,https://motifmedical.com/insurance/qualify
Florida,FL,Trilogy,Motif Medical,https://motifmedical.com/insurance/qualify
Florida,FL,TRPN,Motif Medical,https://motifmedical.com/insurance/qualify
Florida,FL,Trustmark,Motif Medical,https://motifmedical.com/insurance/qualify
Florida,FL,Tufts Health Plan,Motif Medical,https://motifmedical.com/insurance/qualify
Florida,FL,Ucare,Motif Medical,https://motifmedical.com/insurance/qualify
Florida,FL,UHC ALL SAVERS,Motif Medical,https://motifmedical.com/insurance/qualify
Florida,FL,UHC SHARED SERVICES,Motif Medical,https://motifmedical.com/insurance/qualify
Florida,FL,UHC STUDENT RESOURCES,Motif Medical,https://motifmedical.com/insurance/qualify
Florida,FL,UHC SUREST,Motif Medical,https://motifmedical.com/insurance/qualify
Florida,FL,UHIS,Motif Medical,https://motifmedical.com/insurance/qualify
Florida,FL,Ultimate Health Plans,Motif Medical,https://motifmedical.com/insurance/qualify
Florida,FL,UMR,Motif Medical,https://motifmedical.com/insurance/qualify
Florida,FL,UMWA Health & Retirement Funds,Motif Medical,https://motifmedical.com/insurance/qualify
Florida,FL,Unicare,Motif Medical,https://motifmedical.com/insurance/qualify
Florida,FL,United,Motif Medical,https://motifmedical.com/insurance/qualify
Florida,FL,United Healthcare,Motif Medical,https://motifmedical.com/insurance/qualify
Florida,FL,United Healthcare  Commercial and Medicare,Motif Medical,https://motifmedical.com/insurance/qualify
Florida,FL,United Healthcare All Savers,Motif Medical,https://motifmedical.com/insurance/qualify
Florida,FL,United Healthcare Medicaid,Motif Medical,https://motifmedical.com/insurance/qualify
Florida,FL,United Healthcare Shared Services,Motif Medical,https://motifmedical.com/insurance/qualify
Florida,FL,United Healthcare StudentResources,Motif Medical,https://motifmedical.com/insurance/qualify
Florida,FL,United Student Resources,Motif Medical,https://motifmedical.com/insurance/qualify
Florida,FL,UPMC,Motif Medical,https://motifmedical.com/insurance/qualify
Florida,FL,US Family Health Plan,Motif Medical,https://motifmedical.com/insurance/qualify
Florida,FL,USA MANAGED CARE ORGANIZATIONS,Motif Medical,https://motifmedical.com/insurance/qualify
Florida,FL,USAA Life Insurance Company,Motif Medical,https://motifmedical.com/insurance/qualify
Florida,FL,VA/FMP,Motif Medical,https://motifmedical.com/insurance/qualify
Florida,FL,Valenz,Motif Medical,https://motifmedical.com/insurance/qualify
Florida,FL,Valenz f.k.a United Claim Solutions (PPO Network),Motif Medical,https://motifmedical.com/insurance/qualify
Florida,FL,Vivida Health,Motif Medical,https://motifmedical.com/insurance/qualify
Florida,FL,Volusia,Motif Medical,https://motifmedical.com/insurance/qualify
Florida,FL,WebTPA,Motif Medical,https://motifmedical.com/insurance/qualify
Florida,FL,Wellcare,Motif Medical,https://motifmedical.com/insurance/qualify
Florida,FL,WellFirst Health,Motif Medical,https://motifmedical.com/insurance/qualify
Florida,FL,WellMed,Motif Medical,https://motifmedical.com/insurance/qualify
Florida,FL,World Trade Center,Motif Medical,https://motifmedical.com/insurance/qualify
Florida,FL,Zelis,Motif Medical,https://motifmedical.com/insurance/qualify
Florida,FL,ZENITH ADMIN,Motif Medical,https://motifmedical.com/insurance/qualify
Georgia,GA,90 Degree Benefits,Motif Medical,https://motifmedical.com/insurance/qualify
Georgia,GA,A&S Financial,Motif Medical,https://motifmedical.com/insurance/qualify
Georgia,GA,Access Health Services - TPA,Motif Medical,https://motifmedical.com/insurance/qualify
Georgia,GA,Aetna,Motif Medical,https://motifmedical.com/insurance/qualify
Georgia,GA,Aetna Atlantic Health,Motif Medical,https://motifmedical.com/insurance/qualify
Georgia,GA,Aetna National,Motif Medical,https://motifmedical.com/insurance/qualify
Georgia,GA,Affinity,Motif Medical,https://motifmedical.com/insurance/qualify
Georgia,GA,All Savers Health Plans,Motif Medical,https://motifmedical.com/insurance/qualify
Georgia,GA,All Savers Heath Plans,Motif Medical,https://motifmedical.com/insurance/qualify
Georgia,GA,Allegiance,Motif Medical,https://motifmedical.com/insurance/qualify
Georgia,GA,Alliant Health,Motif Medical,https://motifmedical.com/insurance/qualify
Georgia,GA,Allied Health Benefits,Motif Medical,https://motifmedical.com/insurance/qualify
Georgia,GA,Allied Heath Benefits,Motif Medical,https://motifmedical.com/insurance/qualify
Georgia,GA,AllWays Health Partners,Motif Medical,https://motifmedical.com/insurance/qualify
Georgia,GA,Allwell Peach State Health Plan -,Motif Medical,https://motifmedical.com/insurance/qualify
Georgia,GA,"AlphaCare, Medicaid",Motif Medical,https://motifmedical.com/insurance/qualify
Georgia,GA,Alternative Insurance Resources,Motif Medical,https://motifmedical.com/insurance/qualify
Georgia,GA,Ambertter,Motif Medical,https://motifmedical.com/insurance/qualify
Georgia,GA,Ambertter Commercial,Motif Medical,https://motifmedical.com/insurance/qualify
Georgia,GA,Ambetter,Motif Medical,https://motifmedical.com/insurance/qualify
Georgia,GA,AmBetter Commercial,Motif Medical,https://motifmedical.com/insurance/qualify
Georgia,GA,AmeriBen,Motif Medical,https://motifmedical.com/insurance/qualify
Georgia,GA,America's Choice Provider Network,Motif Medical,https://motifmedical.com/insurance/qualify
Georgia,GA,American Health Plans,Motif Medical,https://motifmedical.com/insurance/qualify
Georgia,GA,American Healthcare Alliance,Motif Medical,https://motifmedical.com/insurance/qualify
Georgia,GA,American PPO,Motif Medical,https://motifmedical.com/insurance/qualify
Georgia,GA,AmeriGroup,Motif Medical,https://motifmedical.com/insurance/qualify
Georgia,GA,Amerigroup of Georgia,Motif Medical,https://motifmedical.com/insurance/qualify
Georgia,GA,Amerigroup- Wellpoint,Motif Medical,https://motifmedical.com/insurance/qualify
Georgia,GA,AmeriHealth,Motif Medical,https://motifmedical.com/insurance/qualify
Georgia,GA,Ametros,Motif Medical,https://motifmedical.com/insurance/qualify
Georgia,GA,Ancillary Care Services,Motif Medical,https://motifmedical.com/insurance/qualify
Georgia,GA,Anthem BCBCS,Motif Medical,https://motifmedical.com/insurance/qualify
Georgia,GA,Anthem BCBS,Motif Medical,https://motifmedical.com/insurance/qualify
Georgia,GA,Anthem BCBS of Georgia,Motif Medical,https://motifmedical.com/insurance/qualify
Georgia,GA,Anthem Blue Cross Blue Shield,Motif Medical,https://motifmedical.com/insurance/qualify
Georgia,GA,Anthem Medicaid,Motif Medical,https://motifmedical.com/insurance/qualify
Georgia,GA,Arcbest Corporation,Motif Medical,https://motifmedical.com/insurance/qualify
Georgia,GA,ASURIS,Motif Medical,https://motifmedical.com/insurance/qualify
Georgia,GA,Atrio Health Plans,Motif Medical,https://motifmedical.com/insurance/qualify
Georgia,GA,Badger Care,Motif Medical,https://motifmedical.com/insurance/qualify
Georgia,GA,Bankers Fidelity: Medicare Supplemental Insurance,Motif Medical,https://motifmedical.com/insurance/qualify
Georgia,GA,BCE Emergis,Motif Medical,https://motifmedical.com/insurance/qualify
Georgia,GA,Beacon Health,Motif Medical,https://motifmedical.com/insurance/qualify
Georgia,GA,Beech Street,Motif Medical,https://motifmedical.com/insurance/qualify
Georgia,GA,Benefit Assistance Corp,Motif Medical,https://motifmedical.com/insurance/qualify
Georgia,GA,Blue Benefit Administrators,Motif Medical,https://motifmedical.com/insurance/qualify
Georgia,GA,Blue Cross Blue Shield,Motif Medical,https://motifmedical.com/insurance/qualify
Georgia,GA,Blue Cross Clue Shield,Motif Medical,https://motifmedical.com/insurance/qualify
Georgia,GA,Bluegrass Family Health,Motif Medical,https://motifmedical.com/insurance/qualify
Georgia,GA,BMI Benefits LLC,Motif Medical,https://motifmedical.com/insurance/qualify
Georgia,GA,Boulder Admin,Motif Medical,https://motifmedical.com/insurance/qualify
Georgia,GA,Buckeye Community Health Plan,Motif Medical,https://motifmedical.com/insurance/qualify
Georgia,GA,CareFirst BCBS,Motif Medical,https://motifmedical.com/insurance/qualify
Georgia,GA,Careington International,Motif Medical,https://motifmedical.com/insurance/qualify
Georgia,GA,Caresource,Motif Medical,https://motifmedical.com/insurance/qualify
Georgia,GA,CAREVALENT GILSBAR,Motif Medical,https://motifmedical.com/insurance/qualify
Georgia,GA,Cedar Valley Community Healthcare,Motif Medical,https://motifmedical.com/insurance/qualify
Georgia,GA,Cedar Valley Hospice - Transportation,Motif Medical,https://motifmedical.com/insurance/qualify
Georgia,GA,Centene,Motif Medical,https://motifmedical.com/insurance/qualify
Georgia,GA,Century Health Solutions,Motif Medical,https://motifmedical.com/insurance/qualify
Georgia,GA,Cerner Health Plan,Motif Medical,https://motifmedical.com/insurance/qualify
Georgia,GA,CHAMP VA,Motif Medical,https://motifmedical.com/insurance/qualify
Georgia,GA,CHN Solutions,Motif Medical,https://motifmedical.com/insurance/qualify
Georgia,GA,Choice Care Network,Motif Medical,https://motifmedical.com/insurance/qualify
Georgia,GA,Cigna,Motif Medical,https://motifmedical.com/insurance/qualify
Georgia,GA,Cigna Medicare of  Georgia,Motif Medical,https://motifmedical.com/insurance/qualify
Georgia,GA,Clear Spring Health,Motif Medical,https://motifmedical.com/insurance/qualify
Georgia,GA,ClearPrice Networks,Motif Medical,https://motifmedical.com/insurance/qualify
Georgia,GA,Clover Health,Motif Medical,https://motifmedical.com/insurance/qualify
Georgia,GA,CMN Inc. Global,Motif Medical,https://motifmedical.com/insurance/qualify
Georgia,GA,Coastal Care Services,Motif Medical,https://motifmedical.com/insurance/qualify
Georgia,GA,Cofinity Health Benefits,Motif Medical,https://motifmedical.com/insurance/qualify
Georgia,GA,Common Ground Health Care,Motif Medical,https://motifmedical.com/insurance/qualify
Georgia,GA,Commonwealth Care Alliance,Motif Medical,https://motifmedical.com/insurance/qualify
Georgia,GA,Community Care,Motif Medical,https://motifmedical.com/insurance/qualify
Georgia,GA,Community Health Options,Motif Medical,https://motifmedical.com/insurance/qualify
Georgia,GA,Compass Rose Health Plan,Motif Medical,https://motifmedical.com/insurance/qualify
Georgia,GA,CompDME,Motif Medical,https://motifmedical.com/insurance/qualify
Georgia,GA,Connecticare,Motif Medical,https://motifmedical.com/insurance/qualify
Georgia,GA,CONSOCIATE CARE,Motif Medical,https://motifmedical.com/insurance/qualify
Georgia,GA,Continental Benefits,Motif Medical,https://motifmedical.com/insurance/qualify
Georgia,GA,Cook County Health Plan,Motif Medical,https://motifmedical.com/insurance/qualify
Georgia,GA,CoreSource,Motif Medical,https://motifmedical.com/insurance/qualify
Georgia,GA,Coventry Health Care,Motif Medical,https://motifmedical.com/insurance/qualify
Georgia,GA,CuraeChoice,Motif Medical,https://motifmedical.com/insurance/qualify
Georgia,GA,Delta Health Systems,Motif Medical,https://motifmedical.com/insurance/qualify
Georgia,GA,Deseret Mutual Benefit Administrators,Motif Medical,https://motifmedical.com/insurance/qualify
Georgia,GA,Eagle Health Plan,Motif Medical,https://motifmedical.com/insurance/qualify
Georgia,GA,EBMS,Motif Medical,https://motifmedical.com/insurance/qualify
Georgia,GA,EBPA,Motif Medical,https://motifmedical.com/insurance/qualify
Georgia,GA,Elderplan Claims,Motif Medical,https://motifmedical.com/insurance/qualify
Georgia,GA,Emblem Health,Motif Medical,https://motifmedical.com/insurance/qualify
Georgia,GA,Employer's Choice Network (ECN),Motif Medical,https://motifmedical.com/insurance/qualify
Georgia,GA,Employers Health Network,Motif Medical,https://motifmedical.com/insurance/qualify
Georgia,GA,Eon Health Plan,Motif Medical,https://motifmedical.com/insurance/qualify
Georgia,GA,Essence Healthcare,Motif Medical,https://motifmedical.com/insurance/qualify
Georgia,GA,Exceedent,Motif Medical,https://motifmedical.com/insurance/qualify
Georgia,GA,Fidelis Care,Motif Medical,https://motifmedical.com/insurance/qualify
Georgia,GA,First Choice Health,Motif Medical,https://motifmedical.com/insurance/qualify
Georgia,GA,Friday Health Plan,Motif Medical,https://motifmedical.com/insurance/qualify
Georgia,GA,Galaxy Health Network,Motif Medical,https://motifmedical.com/insurance/qualify
Georgia,GA,Gateway Health,Motif Medical,https://motifmedical.com/insurance/qualify
Georgia,GA,GEHA,Motif Medical,https://motifmedical.com/insurance/qualify
Georgia,GA,Geisinger,Motif Medical,https://motifmedical.com/insurance/qualify
Georgia,GA,Georgia Health Advantage,Motif Medical,https://motifmedical.com/insurance/qualify
Georgia,GA,Gilsbar,Motif Medical,https://motifmedical.com/insurance/qualify
Georgia,GA,global excel management,Motif Medical,https://motifmedical.com/insurance/qualify
Georgia,GA,group health benefits,Motif Medical,https://motifmedical.com/insurance/qualify
Georgia,GA,Group Health Eau Claire,Motif Medical,https://motifmedical.com/insurance/qualify
Georgia,GA,Harbor Health Plan,Motif Medical,https://motifmedical.com/insurance/qualify
Georgia,GA,Harvard Pilgrim,Motif Medical,https://motifmedical.com/insurance/qualify
Georgia,GA,Health Care Partners,Motif Medical,https://motifmedical.com/insurance/qualify
Georgia,GA,health eos,Motif Medical,https://motifmedical.com/insurance/qualify
Georgia,GA,Health EZ,Motif Medical,https://motifmedical.com/insurance/qualify
Georgia,GA,Health New England,Motif Medical,https://motifmedical.com/insurance/qualify
Georgia,GA,Health One Alliance,Motif Medical,https://motifmedical.com/insurance/qualify
Georgia,GA,Health Options,Motif Medical,https://motifmedical.com/insurance/qualify
Georgia,GA,Health Partners,Motif Medical,https://motifmedical.com/insurance/qualify
Georgia,GA,Health Payment Systems,Motif Medical,https://motifmedical.com/insurance/qualify
Georgia,GA,Health Plan Services,Motif Medical,https://motifmedical.com/insurance/qualify
Georgia,GA,Health Plans Inc,Motif Medical,https://motifmedical.com/insurance/qualify
Georgia,GA,Health Scope,Motif Medical,https://motifmedical.com/insurance/qualify
Georgia,GA,Health Smart,Motif Medical,https://motifmedical.com/insurance/qualify
Georgia,GA,HealthComp,Motif Medical,https://motifmedical.com/insurance/qualify
Georgia,GA,Healthcomp TPA,Motif Medical,https://motifmedical.com/insurance/qualify
Georgia,GA,Healthgram,Motif Medical,https://motifmedical.com/insurance/qualify
Georgia,GA,HealthLink,Motif Medical,https://motifmedical.com/insurance/qualify
Georgia,GA,HealthOne,Motif Medical,https://motifmedical.com/insurance/qualify
Georgia,GA,HealthSmart,Motif Medical,https://motifmedical.com/insurance/qualify
Georgia,GA,"HealthSmart Preferred Care II, LP",Motif Medical,https://motifmedical.com/insurance/qualify
Georgia,GA,HFN,Motif Medical,https://motifmedical.com/insurance/qualify
Georgia,GA,highlands,Motif Medical,https://motifmedical.com/insurance/qualify
Georgia,GA,Homefirst MLTC c/o Elderplan,Motif Medical,https://motifmedical.com/insurance/qualify
Georgia,GA,Homelink,Motif Medical,https://motifmedical.com/insurance/qualify
Georgia,GA,Hudson Health Plan,Motif Medical,https://motifmedical.com/insurance/qualify
Georgia,GA,Humana,Motif Medical,https://motifmedical.com/insurance/qualify
Georgia,GA,Imagine 369,Motif Medical,https://motifmedical.com/insurance/qualify
Georgia,GA,"immergrun, inc.",Motif Medical,https://motifmedical.com/insurance/qualify
Georgia,GA,Independence BCBS,Motif Medical,https://motifmedical.com/insurance/qualify
Georgia,GA,Independent Health,Motif Medical,https://motifmedical.com/insurance/qualify
Georgia,GA,Independent Medical Systems,Motif Medical,https://motifmedical.com/insurance/qualify
Georgia,GA,indequest,Motif Medical,https://motifmedical.com/insurance/qualify
Georgia,GA,Industry Buying Group,Motif Medical,https://motifmedical.com/insurance/qualify
Georgia,GA,Insurance Management Services,Motif Medical,https://motifmedical.com/insurance/qualify
Georgia,GA,Integra,Motif Medical,https://motifmedical.com/insurance/qualify
Georgia,GA,INTotal Health,Motif Medical,https://motifmedical.com/insurance/qualify
Georgia,GA,InVentiv Health,Motif Medical,https://motifmedical.com/insurance/qualify
Georgia,GA,IPMG,Motif Medical,https://motifmedical.com/insurance/qualify
Georgia,GA,J.P. Farley Corporation,Motif Medical,https://motifmedical.com/insurance/qualify
Georgia,GA,Kaiser,Motif Medical,https://motifmedical.com/insurance/qualify
Georgia,GA,Kaiser Foundation Health Plan,Motif Medical,https://motifmedical.com/insurance/qualify
Georgia,GA,Key Benefit Administrators,Motif Medical,https://motifmedical.com/insurance/qualify
Georgia,GA,Keystone First,Motif Medical,https://motifmedical.com/insurance/qualify
Georgia,GA,lakes area community healthplan,Motif Medical,https://motifmedical.com/insurance/qualify
Georgia,GA,Lasso Healthcare,Motif Medical,https://motifmedical.com/insurance/qualify
Georgia,GA,Lucent Health,Motif Medical,https://motifmedical.com/insurance/qualify
Georgia,GA,Luminare,Motif Medical,https://motifmedical.com/insurance/qualify
Georgia,GA,MAC Risk Management (Workers Comp),Motif Medical,https://motifmedical.com/insurance/qualify
Georgia,GA,Magellan,Motif Medical,https://motifmedical.com/insurance/qualify
Georgia,GA,Magnacare,Motif Medical,https://motifmedical.com/insurance/qualify
Georgia,GA,Mail Handlers,Motif Medical,https://motifmedical.com/insurance/qualify
Georgia,GA,"Managed Care, Inc dba Galaxy Health Network",Motif Medical,https://motifmedical.com/insurance/qualify
Georgia,GA,Martin's Point,Motif Medical,https://motifmedical.com/insurance/qualify
Georgia,GA,maxor provider network,Motif Medical,https://motifmedical.com/insurance/qualify
Georgia,GA,mcm maxcare ppo,Motif Medical,https://motifmedical.com/insurance/qualify
Georgia,GA,Medcorp Southwest Inc,Motif Medical,https://motifmedical.com/insurance/qualify
Georgia,GA,MedCost,Motif Medical,https://motifmedical.com/insurance/qualify
Georgia,GA,Medi-Share,Motif Medical,https://motifmedical.com/insurance/qualify
Georgia,GA,Medica,Motif Medical,https://motifmedical.com/insurance/qualify
Georgia,GA,Medicaid,Motif Medical,https://motifmedical.com/insurance/qualify
Georgia,GA,"Medical Cost Containment Professionals, LLC (MCCP)",Motif Medical,https://motifmedical.com/insurance/qualify
Georgia,GA,medical resource,Motif Medical,https://motifmedical.com/insurance/qualify
Georgia,GA,Medicare,Motif Medical,https://motifmedical.com/insurance/qualify
Georgia,GA,Memorial Health Partners,Motif Medical,https://motifmedical.com/insurance/qualify
Georgia,GA,Meridian Health Plan,Motif Medical,https://motifmedical.com/insurance/qualify
Georgia,GA,Meritain Health,Motif Medical,https://motifmedical.com/insurance/qualify
Georgia,GA,Methodist First Choice,Motif Medical,https://motifmedical.com/insurance/qualify
Georgia,GA,MetroPlus,Motif Medical,https://motifmedical.com/insurance/qualify
Georgia,GA,Midlands Choice,Motif Medical,https://motifmedical.com/insurance/qualify
Georgia,GA,Midwest Health,Motif Medical,https://motifmedical.com/insurance/qualify
Georgia,GA,MissionPoint,Motif Medical,https://motifmedical.com/insurance/qualify
Georgia,GA,Moda Health,Motif Medical,https://motifmedical.com/insurance/qualify
Georgia,GA,Molina,Motif Medical,https://motifmedical.com/insurance/qualify
Georgia,GA,Mountain Health CO-OP,Motif Medical,https://motifmedical.com/insurance/qualify
Georgia,GA,Multiplan-PHCS,Motif Medical,https://motifmedical.com/insurance/qualify
Georgia,GA,Mutual Assurance Administrators,Motif Medical,https://motifmedical.com/insurance/qualify
Georgia,GA,National Association of Letter Carriers,Motif Medical,https://motifmedical.com/insurance/qualify
Georgia,GA,National Elevator Industry Health Benefits,Motif Medical,https://motifmedical.com/insurance/qualify
Georgia,GA,Nippon Life Benefits,Motif Medical,https://motifmedical.com/insurance/qualify
Georgia,GA,Northeast Georgia Health Partners,Motif Medical,https://motifmedical.com/insurance/qualify
Georgia,GA,Nova Healthcare,Motif Medical,https://motifmedical.com/insurance/qualify
Georgia,GA,NYSHIP,Motif Medical,https://motifmedical.com/insurance/qualify
Georgia,GA,One Homecare Solutions,Motif Medical,https://motifmedical.com/insurance/qualify
Georgia,GA,Onecall,Motif Medical,https://motifmedical.com/insurance/qualify
Georgia,GA,Optum,Motif Medical,https://motifmedical.com/insurance/qualify
Georgia,GA,Oscar GA-Commercial,Motif Medical,https://motifmedical.com/insurance/qualify
Georgia,GA,Other,Motif Medical,https://motifmedical.com/insurance/qualify
Georgia,GA,OWCA,Motif Medical,https://motifmedical.com/insurance/qualify
Georgia,GA,Oxford Health Plans,Motif Medical,https://motifmedical.com/insurance/qualify
Georgia,GA,Pacific Source Health Plans,Motif Medical,https://motifmedical.com/insurance/qualify
Georgia,GA,Paradigm,Motif Medical,https://motifmedical.com/insurance/qualify
Georgia,GA,Peach State Health Plan,Motif Medical,https://motifmedical.com/insurance/qualify
Georgia,GA,Peach State Heath Plan,Motif Medical,https://motifmedical.com/insurance/qualify
Georgia,GA,PeachState,Motif Medical,https://motifmedical.com/insurance/qualify
Georgia,GA,Peachstate Health Plan,Motif Medical,https://motifmedical.com/insurance/qualify
Georgia,GA,Performance Health,Motif Medical,https://motifmedical.com/insurance/qualify
Georgia,GA,Piedmont Health Plan,Motif Medical,https://motifmedical.com/insurance/qualify
Georgia,GA,Piedmont Healthcare,Motif Medical,https://motifmedical.com/insurance/qualify
Georgia,GA,Pinnacle Assurance,Motif Medical,https://motifmedical.com/insurance/qualify
Georgia,GA,PlanCare America,Motif Medical,https://motifmedical.com/insurance/qualify
Georgia,GA,Porter County Government Employee Benefits,Motif Medical,https://motifmedical.com/insurance/qualify
Georgia,GA,PPO Plus,Motif Medical,https://motifmedical.com/insurance/qualify
Georgia,GA,Prairie States,Motif Medical,https://motifmedical.com/insurance/qualify
Georgia,GA,Preferred Health Professionals,Motif Medical,https://motifmedical.com/insurance/qualify
Georgia,GA,Preferred Medical Network,Motif Medical,https://motifmedical.com/insurance/qualify
Georgia,GA,Preferred One,Motif Medical,https://motifmedical.com/insurance/qualify
Georgia,GA,Premier Benefit Health Plan,Motif Medical,https://motifmedical.com/insurance/qualify
Georgia,GA,Presbyterian Health Plan,Motif Medical,https://motifmedical.com/insurance/qualify
Georgia,GA,Priority Health,Motif Medical,https://motifmedical.com/insurance/qualify
Georgia,GA,ProCare Rx,Motif Medical,https://motifmedical.com/insurance/qualify
Georgia,GA,ProCare Rx RMS,Motif Medical,https://motifmedical.com/insurance/qualify
Georgia,GA,PROVIDENCE HEALTH,Motif Medical,https://motifmedical.com/insurance/qualify
Georgia,GA,Provider Network of America,Motif Medical,https://motifmedical.com/insurance/qualify
Georgia,GA,Pruitt Health Premier,Motif Medical,https://motifmedical.com/insurance/qualify
Georgia,GA,"PruittHealth Premier, Inc. & PruittHealth Premier of North Carolina, LLC",Motif Medical,https://motifmedical.com/insurance/qualify
Georgia,GA,QualChoice,Motif Medical,https://motifmedical.com/insurance/qualify
Georgia,GA,Quartz,Motif Medical,https://motifmedical.com/insurance/qualify
Georgia,GA,Railroad Medicare,Motif Medical,https://motifmedical.com/insurance/qualify
Georgia,GA,Reserve National Insurance Company,Motif Medical,https://motifmedical.com/insurance/qualify
Georgia,GA,ResourceOne Administrators,Motif Medical,https://motifmedical.com/insurance/qualify
Georgia,GA,S & S Health,Motif Medical,https://motifmedical.com/insurance/qualify
Georgia,GA,Samaritan,Motif Medical,https://motifmedical.com/insurance/qualify
Georgia,GA,Sana Benefits,Motif Medical,https://motifmedical.com/insurance/qualify
Georgia,GA,Sanford Health Plan,Motif Medical,https://motifmedical.com/insurance/qualify
Georgia,GA,Scott & White Health Plan,Motif Medical,https://motifmedical.com/insurance/qualify
Georgia,GA,Secure Health,Motif Medical,https://motifmedical.com/insurance/qualify
Georgia,GA,Sedgwick,Motif Medical,https://motifmedical.com/insurance/qualify
Georgia,GA,Select Administrative Services,Motif Medical,https://motifmedical.com/insurance/qualify
Georgia,GA,Self Insured Services Company,Motif Medical,https://motifmedical.com/insurance/qualify
Georgia,GA,Sentara Health Plans,Motif Medical,https://motifmedical.com/insurance/qualify
Georgia,GA,Sentry Insurance,Motif Medical,https://motifmedical.com/insurance/qualify
Georgia,GA,SIHO,Motif Medical,https://motifmedical.com/insurance/qualify
Georgia,GA,SIX DEGREES HEALTH,Motif Medical,https://motifmedical.com/insurance/qualify
Georgia,GA,SmartHealth,Motif Medical,https://motifmedical.com/insurance/qualify
Georgia,GA,SMS National,Motif Medical,https://motifmedical.com/insurance/qualify
Georgia,GA,Sound Health and Wellness,Motif Medical,https://motifmedical.com/insurance/qualify
Georgia,GA,South Central Preferred,Motif Medical,https://motifmedical.com/insurance/qualify
Georgia,GA,Starmark,Motif Medical,https://motifmedical.com/insurance/qualify
Georgia,GA,State Medical Insurance Company,Motif Medical,https://motifmedical.com/insurance/qualify
Georgia,GA,Taylor Benefit Resource,Motif Medical,https://motifmedical.com/insurance/qualify
Georgia,GA,TCN- The Care Network,Motif Medical,https://motifmedical.com/insurance/qualify
Georgia,GA,The American Worker,Motif Medical,https://motifmedical.com/insurance/qualify
Georgia,GA,The American Worker (f.k.a Century Healthcare),Motif Medical,https://motifmedical.com/insurance/qualify
Georgia,GA,The Empire Plan,Motif Medical,https://motifmedical.com/insurance/qualify
Georgia,GA,The Health Plan,Motif Medical,https://motifmedical.com/insurance/qualify
Georgia,GA,Tricare,Motif Medical,https://motifmedical.com/insurance/qualify
Georgia,GA,TriCare – East Region,Motif Medical,https://motifmedical.com/insurance/qualify
Georgia,GA,Tricare East,Motif Medical,https://motifmedical.com/insurance/qualify
Georgia,GA,Tricare Overseas,Motif Medical,https://motifmedical.com/insurance/qualify
Georgia,GA,Trilogy,Motif Medical,https://motifmedical.com/insurance/qualify
Georgia,GA,TRPN,Motif Medical,https://motifmedical.com/insurance/qualify
Georgia,GA,Trustmark,Motif Medical,https://motifmedical.com/insurance/qualify
Georgia,GA,Tufts Health Plan,Motif Medical,https://motifmedical.com/insurance/qualify
Georgia,GA,Ucare,Motif Medical,https://motifmedical.com/insurance/qualify
Georgia,GA,UHC ALL SAVERS,Motif Medical,https://motifmedical.com/insurance/qualify
Georgia,GA,UHC Sharded Services,Motif Medical,https://motifmedical.com/insurance/qualify
Georgia,GA,UHC SHARED SERVICES,Motif Medical,https://motifmedical.com/insurance/qualify
Georgia,GA,UHC STUDENT RESOURCES,Motif Medical,https://motifmedical.com/insurance/qualify
Georgia,GA,UHC SUREST,Motif Medical,https://motifmedical.com/insurance/qualify
Georgia,GA,UHIS,Motif Medical,https://motifmedical.com/insurance/qualify
Georgia,GA,UMR,Motif Medical,https://motifmedical.com/insurance/qualify
Georgia,GA,UMWA Health & Retirement Funds,Motif Medical,https://motifmedical.com/insurance/qualify
Georgia,GA,Unicare,Motif Medical,https://motifmedical.com/insurance/qualify
Georgia,GA,United,Motif Medical,https://motifmedical.com/insurance/qualify
Georgia,GA,United Healthcare,Motif Medical,https://motifmedical.com/insurance/qualify
Georgia,GA,United Healthcare  Commercial and Medicare,Motif Medical,https://motifmedical.com/insurance/qualify
Georgia,GA,United Healthcare All Savers,Motif Medical,https://motifmedical.com/insurance/qualify
Georgia,GA,United Healthcare Medicaid,Motif Medical,https://motifmedical.com/insurance/qualify
Georgia,GA,United Healthcare Shared Services,Motif Medical,https://motifmedical.com/insurance/qualify
Georgia,GA,United Healthcare Student Rescources,Motif Medical,https://motifmedical.com/insurance/qualify
Georgia,GA,United Healthcare StudentResources,Motif Medical,https://motifmedical.com/insurance/qualify
Georgia,GA,United Student Resources,Motif Medical,https://motifmedical.com/insurance/qualify
Georgia,GA,UPMC,Motif Medical,https://motifmedical.com/insurance/qualify
Georgia,GA,US Family Health Plan,Motif Medical,https://motifmedical.com/insurance/qualify
Georgia,GA,USA MANAGED CARE ORGANIZATIONS,Motif Medical,https://motifmedical.com/insurance/qualify
Georgia,GA,Valenz,Motif Medical,https://motifmedical.com/insurance/qualify
Georgia,GA,Valenz f.k.a United Claim Solutions (PPO Network),Motif Medical,https://motifmedical.com/insurance/qualify
Georgia,GA,WebTPA,Motif Medical,https://motifmedical.com/insurance/qualify
Georgia,GA,Wellcare,Motif Medical,https://motifmedical.com/insurance/qualify
Georgia,GA,WellFirst Health,Motif Medical,https://motifmedical.com/insurance/qualify
Georgia,GA,WellMed,Motif Medical,https://motifmedical.com/insurance/qualify
Georgia,GA,Wellpoint,Motif Medical,https://motifmedical.com/insurance/qualify
Georgia,GA,World Trade Center,Motif Medical,https://motifmedical.com/insurance/qualify
Georgia,GA,Zelis,Motif Medical,https://motifmedical.com/insurance/qualify
Georgia,GA,Zellis,Motif Medical,https://motifmedical.com/insurance/qualify
Georgia,GA,ZENITH ADMIN,Motif Medical,https://motifmedical.com/insurance/qualify
Illinois,IL,Aetna Better Health,Motif Medical,https://motifmedical.com/insurance/qualify
Illinois,IL,A&S Financial,Motif Medical,https://motifmedical.com/insurance/qualify
Illinois,IL,Access Health Services - TPA,Motif Medical,https://motifmedical.com/insurance/qualify
Illinois,IL,Advocate Health Centers,Motif Medical,https://motifmedical.com/insurance/qualify
Illinois,IL,Aetna,Motif Medical,https://motifmedical.com/insurance/qualify
Illinois,IL,Aetna Atlantic Health,Motif Medical,https://motifmedical.com/insurance/qualify
Illinois,IL,Aetna National,Motif Medical,https://motifmedical.com/insurance/qualify
Illinois,IL,Affiliated Physicians Medical Group,Motif Medical,https://motifmedical.com/insurance/qualify
Illinois,IL,Affinity,Motif Medical,https://motifmedical.com/insurance/qualify
Illinois,IL,All Savers Health Plans,Motif Medical,https://motifmedical.com/insurance/qualify
Illinois,IL,Allegiance,Motif Medical,https://motifmedical.com/insurance/qualify
Illinois,IL,Alliant Health,Motif Medical,https://motifmedical.com/insurance/qualify
Illinois,IL,Allied Health Benefits,Motif Medical,https://motifmedical.com/insurance/qualify
Illinois,IL,AllWays Health Partners,Motif Medical,https://motifmedical.com/insurance/qualify
Illinois,IL,Alternative Insurance Resources,Motif Medical,https://motifmedical.com/insurance/qualify
Illinois,IL,Ambetter,Motif Medical,https://motifmedical.com/insurance/qualify
Illinois,IL,AmBetter Commercial,Motif Medical,https://motifmedical.com/insurance/qualify
Illinois,IL,AmeriBen,Motif Medical,https://motifmedical.com/insurance/qualify
Illinois,IL,America's Choice Provider Network,Motif Medical,https://motifmedical.com/insurance/qualify
Illinois,IL,American Healthcare Alliance,Motif Medical,https://motifmedical.com/insurance/qualify
Illinois,IL,American PPO,Motif Medical,https://motifmedical.com/insurance/qualify
Illinois,IL,AmeriHealth,Motif Medical,https://motifmedical.com/insurance/qualify
Illinois,IL,Ametros,Motif Medical,https://motifmedical.com/insurance/qualify
Illinois,IL,Ancillary Care Services,Motif Medical,https://motifmedical.com/insurance/qualify
Illinois,IL,Anthem BCBCS,Motif Medical,https://motifmedical.com/insurance/qualify
Illinois,IL,Anthem BCBS,Motif Medical,https://motifmedical.com/insurance/qualify
Illinois,IL,Anthem Blue Cross Blue Shield,Motif Medical,https://motifmedical.com/insurance/qualify
Illinois,IL,Anthem Medicaid,Motif Medical,https://motifmedical.com/insurance/qualify
Illinois,IL,Arcbest Corporation,Motif Medical,https://motifmedical.com/insurance/qualify
Illinois,IL,ASURIS,Motif Medical,https://motifmedical.com/insurance/qualify
Illinois,IL,Atrio Health Plans,Motif Medical,https://motifmedical.com/insurance/qualify
Illinois,IL,Badger Care,Motif Medical,https://motifmedical.com/insurance/qualify
Illinois,IL,BCE Emergis,Motif Medical,https://motifmedical.com/insurance/qualify
Illinois,IL,Beacon Health,Motif Medical,https://motifmedical.com/insurance/qualify
Illinois,IL,Beech Street,Motif Medical,https://motifmedical.com/insurance/qualify
Illinois,IL,Benefit Assistance Corp,Motif Medical,https://motifmedical.com/insurance/qualify
Illinois,IL,Benefits Management Services,Motif Medical,https://motifmedical.com/insurance/qualify
Illinois,IL,Blue Benefit Administrators,Motif Medical,https://motifmedical.com/insurance/qualify
Illinois,IL,Blue Cross and Blue Shield of Illinois,Motif Medical,https://motifmedical.com/insurance/qualify
Illinois,IL,Blue Cross Blue Shield,Motif Medical,https://motifmedical.com/insurance/qualify
Illinois,IL,Bluegrass Family Health,Motif Medical,https://motifmedical.com/insurance/qualify
Illinois,IL,BMI Benefits LLC,Motif Medical,https://motifmedical.com/insurance/qualify
Illinois,IL,Boulder Admin,Motif Medical,https://motifmedical.com/insurance/qualify
Illinois,IL,Brand New Day,Motif Medical,https://motifmedical.com/insurance/qualify
Illinois,IL,Bright Health,Motif Medical,https://motifmedical.com/insurance/qualify
Illinois,IL,Buckeye Community Health Plan,Motif Medical,https://motifmedical.com/insurance/qualify
Illinois,IL,Campuscare,Motif Medical,https://motifmedical.com/insurance/qualify
Illinois,IL,CareFirst BCBS,Motif Medical,https://motifmedical.com/insurance/qualify
Illinois,IL,Careington International,Motif Medical,https://motifmedical.com/insurance/qualify
Illinois,IL,Caresource,Motif Medical,https://motifmedical.com/insurance/qualify
Illinois,IL,CAREVALENT GILSBAR,Motif Medical,https://motifmedical.com/insurance/qualify
Illinois,IL,Cedar Valley Community Healthcare,Motif Medical,https://motifmedical.com/insurance/qualify
Illinois,IL,Cedar Valley Hospice - Transportation,Motif Medical,https://motifmedical.com/insurance/qualify
Illinois,IL,Centene,Motif Medical,https://motifmedical.com/insurance/qualify
Illinois,IL,Century Health Solutions,Motif Medical,https://motifmedical.com/insurance/qualify
Illinois,IL,Cerner Health Plan,Motif Medical,https://motifmedical.com/insurance/qualify
Illinois,IL,CHAMP VA,Motif Medical,https://motifmedical.com/insurance/qualify
Illinois,IL,CHN Solutions,Motif Medical,https://motifmedical.com/insurance/qualify
Illinois,IL,Choice Care Network,Motif Medical,https://motifmedical.com/insurance/qualify
Illinois,IL,Cigna,Motif Medical,https://motifmedical.com/insurance/qualify
Illinois,IL,Clear Spring Health,Motif Medical,https://motifmedical.com/insurance/qualify
Illinois,IL,ClearPrice Networks,Motif Medical,https://motifmedical.com/insurance/qualify
Illinois,IL,CMN Inc. Global,Motif Medical,https://motifmedical.com/insurance/qualify
Illinois,IL,Coastal Care Services,Motif Medical,https://motifmedical.com/insurance/qualify
Illinois,IL,Cofinity Health Benefits,Motif Medical,https://motifmedical.com/insurance/qualify
Illinois,IL,Common Ground Health Care,Motif Medical,https://motifmedical.com/insurance/qualify
Illinois,IL,Commonwealth Care Alliance,Motif Medical,https://motifmedical.com/insurance/qualify
Illinois,IL,Community Care,Motif Medical,https://motifmedical.com/insurance/qualify
Illinois,IL,Community Health Options,Motif Medical,https://motifmedical.com/insurance/qualify
Illinois,IL,Community Partners Health Plan,Motif Medical,https://motifmedical.com/insurance/qualify
Illinois,IL,Compass Rose Health Plan,Motif Medical,https://motifmedical.com/insurance/qualify
Illinois,IL,CompDME,Motif Medical,https://motifmedical.com/insurance/qualify
Illinois,IL,Connecticare,Motif Medical,https://motifmedical.com/insurance/qualify
Illinois,IL,CONSOCIATE CARE,Motif Medical,https://motifmedical.com/insurance/qualify
Illinois,IL,Consociate Health,Motif Medical,https://motifmedical.com/insurance/qualify
Illinois,IL,Continental Benefits,Motif Medical,https://motifmedical.com/insurance/qualify
Illinois,IL,Cook County Health Plan,Motif Medical,https://motifmedical.com/insurance/qualify
Illinois,IL,CoreSource,Motif Medical,https://motifmedical.com/insurance/qualify
Illinois,IL,CountyCare Health Plan,Motif Medical,https://motifmedical.com/insurance/qualify
Illinois,IL,Coventry Health Care,Motif Medical,https://motifmedical.com/insurance/qualify
Illinois,IL,CuraeChoice,Motif Medical,https://motifmedical.com/insurance/qualify
Illinois,IL,Delta Health Systems,Motif Medical,https://motifmedical.com/insurance/qualify
Illinois,IL,Deseret Mutual Benefit Administrators,Motif Medical,https://motifmedical.com/insurance/qualify
Illinois,IL,"Dreyer Clinic, Inc.",Motif Medical,https://motifmedical.com/insurance/qualify
Illinois,IL,Eagle Health Plan,Motif Medical,https://motifmedical.com/insurance/qualify
Illinois,IL,EBMS,Motif Medical,https://motifmedical.com/insurance/qualify
Illinois,IL,EBPA,Motif Medical,https://motifmedical.com/insurance/qualify
Illinois,IL,Emblem Health,Motif Medical,https://motifmedical.com/insurance/qualify
Illinois,IL,Empire BCBS,Motif Medical,https://motifmedical.com/insurance/qualify
Illinois,IL,Employers Health Network,Motif Medical,https://motifmedical.com/insurance/qualify
Illinois,IL,Essence Healthcare,Motif Medical,https://motifmedical.com/insurance/qualify
Illinois,IL,Exceedent,Motif Medical,https://motifmedical.com/insurance/qualify
Illinois,IL,Family Health Network,Motif Medical,https://motifmedical.com/insurance/qualify
Illinois,IL,Fidelis Care,Motif Medical,https://motifmedical.com/insurance/qualify
Illinois,IL,First Choice Health,Motif Medical,https://motifmedical.com/insurance/qualify
Illinois,IL,Friday Health Plan,Motif Medical,https://motifmedical.com/insurance/qualify
Illinois,IL,Galaxy Health Network,Motif Medical,https://motifmedical.com/insurance/qualify
Illinois,IL,Gallagher Benefit Administrators,Motif Medical,https://motifmedical.com/insurance/qualify
Illinois,IL,Gateway Health,Motif Medical,https://motifmedical.com/insurance/qualify
Illinois,IL,GEHA,Motif Medical,https://motifmedical.com/insurance/qualify
Illinois,IL,Geisinger,Motif Medical,https://motifmedical.com/insurance/qualify
Illinois,IL,Gilsbar,Motif Medical,https://motifmedical.com/insurance/qualify
Illinois,IL,global excel management,Motif Medical,https://motifmedical.com/insurance/qualify
Illinois,IL,Great Rivers Network,Motif Medical,https://motifmedical.com/insurance/qualify
Illinois,IL,group health benefits,Motif Medical,https://motifmedical.com/insurance/qualify
Illinois,IL,Group Health Eau Claire,Motif Medical,https://motifmedical.com/insurance/qualify
Illinois,IL,Harbor Health Plan,Motif Medical,https://motifmedical.com/insurance/qualify
Illinois,IL,Harmony Health Plan,Motif Medical,https://motifmedical.com/insurance/qualify
Illinois,IL,Harvard Pilgrim,Motif Medical,https://motifmedical.com/insurance/qualify
Illinois,IL,Health Alliance,Motif Medical,https://motifmedical.com/insurance/qualify
Illinois,IL,Health Alliance Medical Plans,Motif Medical,https://motifmedical.com/insurance/qualify
Illinois,IL,Health Alliance Plan,Motif Medical,https://motifmedical.com/insurance/qualify
Illinois,IL,Health Care Partners,Motif Medical,https://motifmedical.com/insurance/qualify
Illinois,IL,health eos,Motif Medical,https://motifmedical.com/insurance/qualify
Illinois,IL,Health EZ,Motif Medical,https://motifmedical.com/insurance/qualify
Illinois,IL,Health Marketing,Motif Medical,https://motifmedical.com/insurance/qualify
Illinois,IL,Health New England,Motif Medical,https://motifmedical.com/insurance/qualify
Illinois,IL,Health Options,Motif Medical,https://motifmedical.com/insurance/qualify
Illinois,IL,Health Partners,Motif Medical,https://motifmedical.com/insurance/qualify
Illinois,IL,Health Payment Systems,Motif Medical,https://motifmedical.com/insurance/qualify
Illinois,IL,Health Plan Services,Motif Medical,https://motifmedical.com/insurance/qualify
Illinois,IL,Health Plans Inc,Motif Medical,https://motifmedical.com/insurance/qualify
Illinois,IL,Health Scope,Motif Medical,https://motifmedical.com/insurance/qualify
Illinois,IL,Health Smart,Motif Medical,https://motifmedical.com/insurance/qualify
Illinois,IL,Healthcare Finest Network,Motif Medical,https://motifmedical.com/insurance/qualify
Illinois,IL,HealthComp,Motif Medical,https://motifmedical.com/insurance/qualify
Illinois,IL,Healthcomp TPA,Motif Medical,https://motifmedical.com/insurance/qualify
Illinois,IL,Healthgram,Motif Medical,https://motifmedical.com/insurance/qualify
Illinois,IL,HealthLink,Motif Medical,https://motifmedical.com/insurance/qualify
Illinois,IL,HealthSmart,Motif Medical,https://motifmedical.com/insurance/qualify
Illinois,IL,"HealthSmart Preferred Care II, LP",Motif Medical,https://motifmedical.com/insurance/qualify
Illinois,IL,HealthSpring,Motif Medical,https://motifmedical.com/insurance/qualify
Illinois,IL,HFN,Motif Medical,https://motifmedical.com/insurance/qualify
Illinois,IL,highlands,Motif Medical,https://motifmedical.com/insurance/qualify
Illinois,IL,Highmark BCBS,Motif Medical,https://motifmedical.com/insurance/qualify
Illinois,IL,Hines and Associates,Motif Medical,https://motifmedical.com/insurance/qualify
Illinois,IL,Homelink,Motif Medical,https://motifmedical.com/insurance/qualify
Illinois,IL,Hope Trust - Health Options for Public Entities,Motif Medical,https://motifmedical.com/insurance/qualify
Illinois,IL,Hudson Health Plan,Motif Medical,https://motifmedical.com/insurance/qualify
Illinois,IL,Humana,Motif Medical,https://motifmedical.com/insurance/qualify
Illinois,IL,Illini Care,Motif Medical,https://motifmedical.com/insurance/qualify
Illinois,IL,IlliniCare Health,Motif Medical,https://motifmedical.com/insurance/qualify
Illinois,IL,Illinois Blue Cross Blue Shield,Motif Medical,https://motifmedical.com/insurance/qualify
Illinois,IL,Illinois Health and Family Services,Motif Medical,https://motifmedical.com/insurance/qualify
Illinois,IL,Imagine 372,Motif Medical,https://motifmedical.com/insurance/qualify
Illinois,IL,"immergrun, inc.",Motif Medical,https://motifmedical.com/insurance/qualify
Illinois,IL,Independence BCBS,Motif Medical,https://motifmedical.com/insurance/qualify
Illinois,IL,Independent Health,Motif Medical,https://motifmedical.com/insurance/qualify
Illinois,IL,Independent Medical Systems,Motif Medical,https://motifmedical.com/insurance/qualify
Illinois,IL,indequest,Motif Medical,https://motifmedical.com/insurance/qualify
Illinois,IL,Insurance Management Services,Motif Medical,https://motifmedical.com/insurance/qualify
Illinois,IL,Insurance Systems,Motif Medical,https://motifmedical.com/insurance/qualify
Illinois,IL,Integra,Motif Medical,https://motifmedical.com/insurance/qualify
Illinois,IL,Interplan,Motif Medical,https://motifmedical.com/insurance/qualify
Illinois,IL,INTotal Health,Motif Medical,https://motifmedical.com/insurance/qualify
Illinois,IL,IPMG,Motif Medical,https://motifmedical.com/insurance/qualify
Illinois,IL,J.P. Farley Corporation,Motif Medical,https://motifmedical.com/insurance/qualify
Illinois,IL,Key Benefit Administrators,Motif Medical,https://motifmedical.com/insurance/qualify
Illinois,IL,Keystone First,Motif Medical,https://motifmedical.com/insurance/qualify
Illinois,IL,lakes area community healthplan,Motif Medical,https://motifmedical.com/insurance/qualify
Illinois,IL,Lasso Healthcare,Motif Medical,https://motifmedical.com/insurance/qualify
Illinois,IL,Lawndale,Motif Medical,https://motifmedical.com/insurance/qualify
Illinois,IL,Local 1546 Health and Welfare Fund,Motif Medical,https://motifmedical.com/insurance/qualify
Illinois,IL,Longevity Health Plan,Motif Medical,https://motifmedical.com/insurance/qualify
Illinois,IL,Lucent Health,Motif Medical,https://motifmedical.com/insurance/qualify
Illinois,IL,Magellan,Motif Medical,https://motifmedical.com/insurance/qualify
Illinois,IL,Magnacare,Motif Medical,https://motifmedical.com/insurance/qualify
Illinois,IL,Mail Handlers,Motif Medical,https://motifmedical.com/insurance/qualify
Illinois,IL,"Managed Care, Inc dba Galaxy Health Network",Motif Medical,https://motifmedical.com/insurance/qualify
Illinois,IL,Martin's Point,Motif Medical,https://motifmedical.com/insurance/qualify
Illinois,IL,maxor provider network,Motif Medical,https://motifmedical.com/insurance/qualify
Illinois,IL,mcm maxcare ppo,Motif Medical,https://motifmedical.com/insurance/qualify
Illinois,IL,Medcorp Southwest Inc,Motif Medical,https://motifmedical.com/insurance/qualify
Illinois,IL,MedCost,Motif Medical,https://motifmedical.com/insurance/qualify
Illinois,IL,Medi-Share,Motif Medical,https://motifmedical.com/insurance/qualify
Illinois,IL,Medica,Motif Medical,https://motifmedical.com/insurance/qualify
Illinois,IL,Medicaid,Motif Medical,https://motifmedical.com/insurance/qualify
Illinois,IL,Medicaid,Motif Medical,https://motifmedical.com/insurance/qualify
Illinois,IL,Medicaid of Illinois - HealthChoice Illinois,Motif Medical,https://motifmedical.com/insurance/qualify
Illinois,IL,"Medical Cost Containment Professionals, LLC (MCCP)",Motif Medical,https://motifmedical.com/insurance/qualify
Illinois,IL,Medical Mutual,Motif Medical,https://motifmedical.com/insurance/qualify
Illinois,IL,medical resource,Motif Medical,https://motifmedical.com/insurance/qualify
Illinois,IL,Medicare,Motif Medical,https://motifmedical.com/insurance/qualify
Illinois,IL,Meridian Health Plan,Motif Medical,https://motifmedical.com/insurance/qualify
Illinois,IL,Meritain Health,Motif Medical,https://motifmedical.com/insurance/qualify
Illinois,IL,Methodist First Choice,Motif Medical,https://motifmedical.com/insurance/qualify
Illinois,IL,MetroPlus,Motif Medical,https://motifmedical.com/insurance/qualify
Illinois,IL,Metropolitan Chicago Health Associates,Motif Medical,https://motifmedical.com/insurance/qualify
Illinois,IL,Midlands Choice,Motif Medical,https://motifmedical.com/insurance/qualify
Illinois,IL,Midwest Health,Motif Medical,https://motifmedical.com/insurance/qualify
Illinois,IL,MissionPoint,Motif Medical,https://motifmedical.com/insurance/qualify
Illinois,IL,Moda Health,Motif Medical,https://motifmedical.com/insurance/qualify
Illinois,IL,Molina,Motif Medical,https://motifmedical.com/insurance/qualify
Illinois,IL,Mountain Health CO-OP,Motif Medical,https://motifmedical.com/insurance/qualify
Illinois,IL,Multiplan-PHCS,Motif Medical,https://motifmedical.com/insurance/qualify
Illinois,IL,Mutual Assurance Administrators,Motif Medical,https://motifmedical.com/insurance/qualify
Illinois,IL,National Association of Letter Carriers,Motif Medical,https://motifmedical.com/insurance/qualify
Illinois,IL,National Elevator Industry Health Benefits,Motif Medical,https://motifmedical.com/insurance/qualify
Illinois,IL,Next Level Health,Motif Medical,https://motifmedical.com/insurance/qualify
Illinois,IL,Nippon Life Benefits,Motif Medical,https://motifmedical.com/insurance/qualify
Illinois,IL,Northern Illinois Health Plan,Motif Medical,https://motifmedical.com/insurance/qualify
Illinois,IL,NYSHIP,Motif Medical,https://motifmedical.com/insurance/qualify
Illinois,IL,One Homecare Solutions,Motif Medical,https://motifmedical.com/insurance/qualify
Illinois,IL,Onecall,Motif Medical,https://motifmedical.com/insurance/qualify
Illinois,IL,Optum,Motif Medical,https://motifmedical.com/insurance/qualify
Illinois,IL,Optum Rx f.k.a. Catamaran,Motif Medical,https://motifmedical.com/insurance/qualify
Illinois,IL,Other,Motif Medical,https://motifmedical.com/insurance/qualify
Illinois,IL,OWCA,Motif Medical,https://motifmedical.com/insurance/qualify
Illinois,IL,Oxford Health Plans,Motif Medical,https://motifmedical.com/insurance/qualify
Illinois,IL,Pacific Source Health Plans,Motif Medical,https://motifmedical.com/insurance/qualify
Illinois,IL,Paradigm,Motif Medical,https://motifmedical.com/insurance/qualify
Illinois,IL,Partners in Health,Motif Medical,https://motifmedical.com/insurance/qualify
Illinois,IL,PEF Clinic,Motif Medical,https://motifmedical.com/insurance/qualify
Illinois,IL,Pekin Life Insurance Company,Motif Medical,https://motifmedical.com/insurance/qualify
Illinois,IL,Performance Health,Motif Medical,https://motifmedical.com/insurance/qualify
Illinois,IL,Piedmont Healthcare,Motif Medical,https://motifmedical.com/insurance/qualify
Illinois,IL,Pinnacle Assurance,Motif Medical,https://motifmedical.com/insurance/qualify
Illinois,IL,Porter County Government Employee Benefits,Motif Medical,https://motifmedical.com/insurance/qualify
Illinois,IL,PPO Plus,Motif Medical,https://motifmedical.com/insurance/qualify
Illinois,IL,Prairie States,Motif Medical,https://motifmedical.com/insurance/qualify
Illinois,IL,Preferred Health Professionals,Motif Medical,https://motifmedical.com/insurance/qualify
Illinois,IL,Preferred Medical Network,Motif Medical,https://motifmedical.com/insurance/qualify
Illinois,IL,Preferred Network Access,Motif Medical,https://motifmedical.com/insurance/qualify
Illinois,IL,Preferred One,Motif Medical,https://motifmedical.com/insurance/qualify
Illinois,IL,Presbyterian Health Plan,Motif Medical,https://motifmedical.com/insurance/qualify
Illinois,IL,Priority Care Solutions as T/P/A for National Liability & Fire Insurance Company,Motif Medical,https://motifmedical.com/insurance/qualify
Illinois,IL,Priority Health,Motif Medical,https://motifmedical.com/insurance/qualify
Illinois,IL,PROVIDENCE HEALTH,Motif Medical,https://motifmedical.com/insurance/qualify
Illinois,IL,Provider Network of America,Motif Medical,https://motifmedical.com/insurance/qualify
Illinois,IL,Quad City Community,Motif Medical,https://motifmedical.com/insurance/qualify
Illinois,IL,QualChoice,Motif Medical,https://motifmedical.com/insurance/qualify
Illinois,IL,Quartz,Motif Medical,https://motifmedical.com/insurance/qualify
Illinois,IL,Qubic,Motif Medical,https://motifmedical.com/insurance/qualify
Illinois,IL,Regence BC/BS,Motif Medical,https://motifmedical.com/insurance/qualify
Illinois,IL,Reserve National Insurance Company,Motif Medical,https://motifmedical.com/insurance/qualify
Illinois,IL,ResourceOne Administrators,Motif Medical,https://motifmedical.com/insurance/qualify
Illinois,IL,Resurrection Health Care Preferred,Motif Medical,https://motifmedical.com/insurance/qualify
Illinois,IL,S & S Health,Motif Medical,https://motifmedical.com/insurance/qualify
Illinois,IL,Samaritan,Motif Medical,https://motifmedical.com/insurance/qualify
Illinois,IL,Sana Benefits,Motif Medical,https://motifmedical.com/insurance/qualify
Illinois,IL,Sanford Health Plan,Motif Medical,https://motifmedical.com/insurance/qualify
Illinois,IL,Scott & White Health Plan,Motif Medical,https://motifmedical.com/insurance/qualify
Illinois,IL,Sedgwick,Motif Medical,https://motifmedical.com/insurance/qualify
Illinois,IL,Select Administrative Services,Motif Medical,https://motifmedical.com/insurance/qualify
Illinois,IL,Self Insured Services Company,Motif Medical,https://motifmedical.com/insurance/qualify
Illinois,IL,Sentara Health Plans,Motif Medical,https://motifmedical.com/insurance/qualify
Illinois,IL,Sentry Insurance,Motif Medical,https://motifmedical.com/insurance/qualify
Illinois,IL,SIHO,Motif Medical,https://motifmedical.com/insurance/qualify
Illinois,IL,SIX DEGREES HEALTH,Motif Medical,https://motifmedical.com/insurance/qualify
Illinois,IL,SmartHealth,Motif Medical,https://motifmedical.com/insurance/qualify
Illinois,IL,SMS National,Motif Medical,https://motifmedical.com/insurance/qualify
Illinois,IL,Sound Health and Wellness,Motif Medical,https://motifmedical.com/insurance/qualify
Illinois,IL,South Central Preferred,Motif Medical,https://motifmedical.com/insurance/qualify
Illinois,IL,Southern Illinois Healthcare (SIH) Employee Benefits,Motif Medical,https://motifmedical.com/insurance/qualify
Illinois,IL,St. James PHO,Motif Medical,https://motifmedical.com/insurance/qualify
Illinois,IL,Starmark,Motif Medical,https://motifmedical.com/insurance/qualify
Illinois,IL,Swedish Covenant Managed Care Alliance,Motif Medical,https://motifmedical.com/insurance/qualify
Illinois,IL,The American Worker,Motif Medical,https://motifmedical.com/insurance/qualify
Illinois,IL,The American Worker (f.k.a Century Healthcare),Motif Medical,https://motifmedical.com/insurance/qualify
Illinois,IL,The Empire Plan,Motif Medical,https://motifmedical.com/insurance/qualify
Illinois,IL,The Health Plan,Motif Medical,https://motifmedical.com/insurance/qualify
Illinois,IL,THE TPA,Motif Medical,https://motifmedical.com/insurance/qualify
Illinois,IL,Tricare,Motif Medical,https://motifmedical.com/insurance/qualify
Illinois,IL,Tricare East,Motif Medical,https://motifmedical.com/insurance/qualify
Illinois,IL,Tricare Overseas,Motif Medical,https://motifmedical.com/insurance/qualify
Illinois,IL,Trilogy,Motif Medical,https://motifmedical.com/insurance/qualify
Illinois,IL,TRPN,Motif Medical,https://motifmedical.com/insurance/qualify
Illinois,IL,Trustmark,Motif Medical,https://motifmedical.com/insurance/qualify
Illinois,IL,Tufts Health Plan,Motif Medical,https://motifmedical.com/insurance/qualify
Illinois,IL,Ucare,Motif Medical,https://motifmedical.com/insurance/qualify
Illinois,IL,UHC ALL SAVERS,Motif Medical,https://motifmedical.com/insurance/qualify
Illinois,IL,UHC SHARED SERVICES,Motif Medical,https://motifmedical.com/insurance/qualify
Illinois,IL,UHC STUDENT RESOURCES,Motif Medical,https://motifmedical.com/insurance/qualify
Illinois,IL,UHC SUREST,Motif Medical,https://motifmedical.com/insurance/qualify
Illinois,IL,UHIS,Motif Medical,https://motifmedical.com/insurance/qualify
Illinois,IL,UMR,Motif Medical,https://motifmedical.com/insurance/qualify
Illinois,IL,UMWA Health & Retirement Funds,Motif Medical,https://motifmedical.com/insurance/qualify
Illinois,IL,Unicare,Motif Medical,https://motifmedical.com/insurance/qualify
Illinois,IL,Union Health Service,Motif Medical,https://motifmedical.com/insurance/qualify
Illinois,IL,United,Motif Medical,https://motifmedical.com/insurance/qualify
Illinois,IL,United Healthcare,Motif Medical,https://motifmedical.com/insurance/qualify
Illinois,IL,United Healthcare  Commercial and Medicare,Motif Medical,https://motifmedical.com/insurance/qualify
Illinois,IL,United Healthcare All Savers,Motif Medical,https://motifmedical.com/insurance/qualify
Illinois,IL,United Healthcare Medicaid,Motif Medical,https://motifmedical.com/insurance/qualify
Illinois,IL,United Healthcare Shared Services,Motif Medical,https://motifmedical.com/insurance/qualify
Illinois,IL,United Healthcare StudentResources,Motif Medical,https://motifmedical.com/insurance/qualify
Illinois,IL,United Student Resources,Motif Medical,https://motifmedical.com/insurance/qualify
Illinois,IL,Universal Care,Motif Medical,https://motifmedical.com/insurance/qualify
Illinois,IL,UPMC,Motif Medical,https://motifmedical.com/insurance/qualify
Illinois,IL,US Family Health Plan,Motif Medical,https://motifmedical.com/insurance/qualify
Illinois,IL,USA MANAGED CARE ORGANIZATIONS,Motif Medical,https://motifmedical.com/insurance/qualify
Illinois,IL,Valenz,Motif Medical,https://motifmedical.com/insurance/qualify
Illinois,IL,Valenz f.k.a United Claim Solutions (PPO Network),Motif Medical,https://motifmedical.com/insurance/qualify
Illinois,IL,WebTPA,Motif Medical,https://motifmedical.com/insurance/qualify
Illinois,IL,Wellcare,Motif Medical,https://motifmedical.com/insurance/qualify
Illinois,IL,WellFirst Health,Motif Medical,https://motifmedical.com/insurance/qualify
Illinois,IL,Wellmark BCBS,Motif Medical,https://motifmedical.com/insurance/qualify
Illinois,IL,WellMed,Motif Medical,https://motifmedical.com/insurance/qualify
Illinois,IL,World Trade Center,Motif Medical,https://motifmedical.com/insurance/qualify
Illinois,IL,YouthCare HealthChoice Illinois (f.k.a. Foster Care),Motif Medical,https://motifmedical.com/insurance/qualify
Illinois,IL,Zelis,Motif Medical,https://motifmedical.com/insurance/qualify
Illinois,IL,ZENITH ADMIN,Motif Medical,https://motifmedical.com/insurance/qualify
Illinois,IL,Zing Health,Motif Medical,https://motifmedical.com/insurance/qualify
Louisiana,LA,Aetna Better Health,Motif Medical,https://motifmedical.com/insurance/qualify
Louisiana,LA,A&S Financial,Motif Medical,https://motifmedical.com/insurance/qualify
Louisiana,LA,Access Health Services - TPA,Motif Medical,https://motifmedical.com/insurance/qualify
Louisiana,LA,Aetna,Motif Medical,https://motifmedical.com/insurance/qualify
Louisiana,LA,Aetna Atlantic Health,Motif Medical,https://motifmedical.com/insurance/qualify
Louisiana,LA,Aetna National,Motif Medical,https://motifmedical.com/insurance/qualify
Louisiana,LA,Affinity,Motif Medical,https://motifmedical.com/insurance/qualify
Louisiana,LA,All Savers Health Plans,Motif Medical,https://motifmedical.com/insurance/qualify
Louisiana,LA,Allegiance,Motif Medical,https://motifmedical.com/insurance/qualify
Louisiana,LA,Alliant Health,Motif Medical,https://motifmedical.com/insurance/qualify
Louisiana,LA,Allied Health Benefits,Motif Medical,https://motifmedical.com/insurance/qualify
Louisiana,LA,AllWays Health Partners,Motif Medical,https://motifmedical.com/insurance/qualify
Louisiana,LA,Alternative Insurance Resources,Motif Medical,https://motifmedical.com/insurance/qualify
Louisiana,LA,Ambetter,Motif Medical,https://motifmedical.com/insurance/qualify
Louisiana,LA,AmBetter Commercial,Motif Medical,https://motifmedical.com/insurance/qualify
Louisiana,LA,AmeriBen,Motif Medical,https://motifmedical.com/insurance/qualify
Louisiana,LA,America's Choice Provider Network,Motif Medical,https://motifmedical.com/insurance/qualify
Louisiana,LA,American Health Advantage of Louisiana,Motif Medical,https://motifmedical.com/insurance/qualify
Louisiana,LA,American Health Plans,Motif Medical,https://motifmedical.com/insurance/qualify
Louisiana,LA,American Healthcare Alliance,Motif Medical,https://motifmedical.com/insurance/qualify
Louisiana,LA,American PPO,Motif Medical,https://motifmedical.com/insurance/qualify
Louisiana,LA,AmeriHealth,Motif Medical,https://motifmedical.com/insurance/qualify
Louisiana,LA,Ametros,Motif Medical,https://motifmedical.com/insurance/qualify
Louisiana,LA,Ancillary Care Services,Motif Medical,https://motifmedical.com/insurance/qualify
Louisiana,LA,Anthem BCBCS,Motif Medical,https://motifmedical.com/insurance/qualify
Louisiana,LA,Anthem BCBS,Motif Medical,https://motifmedical.com/insurance/qualify
Louisiana,LA,Anthem Blue Cross Blue Shield,Motif Medical,https://motifmedical.com/insurance/qualify
Louisiana,LA,Anthem Medicaid,Motif Medical,https://motifmedical.com/insurance/qualify
Louisiana,LA,Arcbest Corporation,Motif Medical,https://motifmedical.com/insurance/qualify
Louisiana,LA,ASURIS,Motif Medical,https://motifmedical.com/insurance/qualify
Louisiana,LA,Atrio Health Plans,Motif Medical,https://motifmedical.com/insurance/qualify
Louisiana,LA,Badger Care,Motif Medical,https://motifmedical.com/insurance/qualify
Louisiana,LA,BCE Emergis,Motif Medical,https://motifmedical.com/insurance/qualify
Louisiana,LA,Beacon Health,Motif Medical,https://motifmedical.com/insurance/qualify
Louisiana,LA,Beech Street,Motif Medical,https://motifmedical.com/insurance/qualify
Louisiana,LA,Benefit Assistance Corp,Motif Medical,https://motifmedical.com/insurance/qualify
Louisiana,LA,BestCare Network,Motif Medical,https://motifmedical.com/insurance/qualify
Louisiana,LA,Blue Benefit Administrators,Motif Medical,https://motifmedical.com/insurance/qualify
Louisiana,LA,Blue Cross Blue Shield,Motif Medical,https://motifmedical.com/insurance/qualify
Louisiana,LA,Bluegrass Family Health,Motif Medical,https://motifmedical.com/insurance/qualify
Louisiana,LA,BMI Benefits LLC,Motif Medical,https://motifmedical.com/insurance/qualify
Louisiana,LA,Boulder Admin,Motif Medical,https://motifmedical.com/insurance/qualify
Louisiana,LA,Buckeye Community Health Plan,Motif Medical,https://motifmedical.com/insurance/qualify
Louisiana,LA,CareFirst BCBS,Motif Medical,https://motifmedical.com/insurance/qualify
Louisiana,LA,Careington International,Motif Medical,https://motifmedical.com/insurance/qualify
Louisiana,LA,Caresource,Motif Medical,https://motifmedical.com/insurance/qualify
Louisiana,LA,CAREVALENT GILSBAR,Motif Medical,https://motifmedical.com/insurance/qualify
Louisiana,LA,Cedar Valley Community Healthcare,Motif Medical,https://motifmedical.com/insurance/qualify
Louisiana,LA,Cedar Valley Hospice - Transportation,Motif Medical,https://motifmedical.com/insurance/qualify
Louisiana,LA,Centene,Motif Medical,https://motifmedical.com/insurance/qualify
Louisiana,LA,Century Health Solutions,Motif Medical,https://motifmedical.com/insurance/qualify
Louisiana,LA,Cerner Health Plan,Motif Medical,https://motifmedical.com/insurance/qualify
Louisiana,LA,CHAMP VA,Motif Medical,https://motifmedical.com/insurance/qualify
Louisiana,LA,CHN Solutions,Motif Medical,https://motifmedical.com/insurance/qualify
Louisiana,LA,Choice Care Network,Motif Medical,https://motifmedical.com/insurance/qualify
Louisiana,LA,Christus Health Plan,Motif Medical,https://motifmedical.com/insurance/qualify
Louisiana,LA,Cigna,Motif Medical,https://motifmedical.com/insurance/qualify
Louisiana,LA,ClearPrice Networks,Motif Medical,https://motifmedical.com/insurance/qualify
Louisiana,LA,CMN Inc. Global,Motif Medical,https://motifmedical.com/insurance/qualify
Louisiana,LA,Coastal Care Services,Motif Medical,https://motifmedical.com/insurance/qualify
Louisiana,LA,Cofinity Health Benefits,Motif Medical,https://motifmedical.com/insurance/qualify
Louisiana,LA,Common Ground Health Care,Motif Medical,https://motifmedical.com/insurance/qualify
Louisiana,LA,Commonwealth Care Alliance,Motif Medical,https://motifmedical.com/insurance/qualify
Louisiana,LA,Community Care,Motif Medical,https://motifmedical.com/insurance/qualify
Louisiana,LA,Community Health Options,Motif Medical,https://motifmedical.com/insurance/qualify
Louisiana,LA,Compass Rose Health Plan,Motif Medical,https://motifmedical.com/insurance/qualify
Louisiana,LA,CompDME,Motif Medical,https://motifmedical.com/insurance/qualify
Louisiana,LA,Connecticare,Motif Medical,https://motifmedical.com/insurance/qualify
Louisiana,LA,CONSOCIATE CARE,Motif Medical,https://motifmedical.com/insurance/qualify
Louisiana,LA,Continental Benefits,Motif Medical,https://motifmedical.com/insurance/qualify
Louisiana,LA,Cook County Health Plan,Motif Medical,https://motifmedical.com/insurance/qualify
Louisiana,LA,CoreSource,Motif Medical,https://motifmedical.com/insurance/qualify
Louisiana,LA,Coventry Health Care,Motif Medical,https://motifmedical.com/insurance/qualify
Louisiana,LA,CuraeChoice,Motif Medical,https://motifmedical.com/insurance/qualify
Louisiana,LA,Delta Health Systems,Motif Medical,https://motifmedical.com/insurance/qualify
Louisiana,LA,Deseret Mutual Benefit Administrators,Motif Medical,https://motifmedical.com/insurance/qualify
Louisiana,LA,Eagle Health Plan,Motif Medical,https://motifmedical.com/insurance/qualify
Louisiana,LA,EBMS,Motif Medical,https://motifmedical.com/insurance/qualify
Louisiana,LA,EBPA,Motif Medical,https://motifmedical.com/insurance/qualify
Louisiana,LA,Emblem Health,Motif Medical,https://motifmedical.com/insurance/qualify
Louisiana,LA,Employers Health Network,Motif Medical,https://motifmedical.com/insurance/qualify
Louisiana,LA,Exceedent,Motif Medical,https://motifmedical.com/insurance/qualify
Louisiana,LA,FARA,Motif Medical,https://motifmedical.com/insurance/qualify
Louisiana,LA,Fidelis Care,Motif Medical,https://motifmedical.com/insurance/qualify
Louisiana,LA,First Choice Health,Motif Medical,https://motifmedical.com/insurance/qualify
Louisiana,LA,Friday Health Plan,Motif Medical,https://motifmedical.com/insurance/qualify
Louisiana,LA,Galaxy Health Network,Motif Medical,https://motifmedical.com/insurance/qualify
Louisiana,LA,Gateway Health,Motif Medical,https://motifmedical.com/insurance/qualify
Louisiana,LA,GEHA,Motif Medical,https://motifmedical.com/insurance/qualify
Louisiana,LA,Geisinger,Motif Medical,https://motifmedical.com/insurance/qualify
Louisiana,LA,Gilsbar,Motif Medical,https://motifmedical.com/insurance/qualify
Louisiana,LA,global excel management,Motif Medical,https://motifmedical.com/insurance/qualify
Louisiana,LA,group health benefits,Motif Medical,https://motifmedical.com/insurance/qualify
Louisiana,LA,Group Health Eau Claire,Motif Medical,https://motifmedical.com/insurance/qualify
Louisiana,LA,Harbor Health Plan,Motif Medical,https://motifmedical.com/insurance/qualify
Louisiana,LA,Harvard Pilgrim,Motif Medical,https://motifmedical.com/insurance/qualify
Louisiana,LA,Health Care Partners,Motif Medical,https://motifmedical.com/insurance/qualify
Louisiana,LA,health eos,Motif Medical,https://motifmedical.com/insurance/qualify
Louisiana,LA,Health EZ,Motif Medical,https://motifmedical.com/insurance/qualify
Louisiana,LA,Health New England,Motif Medical,https://motifmedical.com/insurance/qualify
Louisiana,LA,Health Options,Motif Medical,https://motifmedical.com/insurance/qualify
Louisiana,LA,Health Partners,Motif Medical,https://motifmedical.com/insurance/qualify
Louisiana,LA,Health Payment Systems,Motif Medical,https://motifmedical.com/insurance/qualify
Louisiana,LA,Health Plan Services,Motif Medical,https://motifmedical.com/insurance/qualify
Louisiana,LA,Health Plans Inc,Motif Medical,https://motifmedical.com/insurance/qualify
Louisiana,LA,Health Scope,Motif Medical,https://motifmedical.com/insurance/qualify
Louisiana,LA,Health Smart,Motif Medical,https://motifmedical.com/insurance/qualify
Louisiana,LA,HealthComp,Motif Medical,https://motifmedical.com/insurance/qualify
Louisiana,LA,Healthcomp TPA,Motif Medical,https://motifmedical.com/insurance/qualify
Louisiana,LA,Healthgram,Motif Medical,https://motifmedical.com/insurance/qualify
Louisiana,LA,HealthLink,Motif Medical,https://motifmedical.com/insurance/qualify
Louisiana,LA,HealthSmart,Motif Medical,https://motifmedical.com/insurance/qualify
Louisiana,LA,"HealthSmart Preferred Care II, LP",Motif Medical,https://motifmedical.com/insurance/qualify
Louisiana,LA,Healthy Blue,Motif Medical,https://motifmedical.com/insurance/qualify
Louisiana,LA,Healthy Blue Louisiana Medicaid,Motif Medical,https://motifmedical.com/insurance/qualify
Louisiana,LA,HFN,Motif Medical,https://motifmedical.com/insurance/qualify
Louisiana,LA,highlands,Motif Medical,https://motifmedical.com/insurance/qualify
Louisiana,LA,Homelink,Motif Medical,https://motifmedical.com/insurance/qualify
Louisiana,LA,Hudson Health Plan,Motif Medical,https://motifmedical.com/insurance/qualify
Louisiana,LA,Humana,Motif Medical,https://motifmedical.com/insurance/qualify
Louisiana,LA,Humana Healthy Horizons in Louisiana,Motif Medical,https://motifmedical.com/insurance/qualify
Louisiana,LA,Imagine 377,Motif Medical,https://motifmedical.com/insurance/qualify
Louisiana,LA,"immergrun, inc.",Motif Medical,https://motifmedical.com/insurance/qualify
Louisiana,LA,Independence BCBS,Motif Medical,https://motifmedical.com/insurance/qualify
Louisiana,LA,Independent Health,Motif Medical,https://motifmedical.com/insurance/qualify
Louisiana,LA,Independent Medical Systems,Motif Medical,https://motifmedical.com/insurance/qualify
Louisiana,LA,indequest,Motif Medical,https://motifmedical.com/insurance/qualify
Louisiana,LA,Insurance Management Services,Motif Medical,https://motifmedical.com/insurance/qualify
Louisiana,LA,Integra,Motif Medical,https://motifmedical.com/insurance/qualify
Louisiana,LA,INTotal Health,Motif Medical,https://motifmedical.com/insurance/qualify
Louisiana,LA,IPMG,Motif Medical,https://motifmedical.com/insurance/qualify
Louisiana,LA,J.P. Farley Corporation,Motif Medical,https://motifmedical.com/insurance/qualify
Louisiana,LA,Key Benefit Administrators,Motif Medical,https://motifmedical.com/insurance/qualify
Louisiana,LA,Keystone First,Motif Medical,https://motifmedical.com/insurance/qualify
Louisiana,LA,lakes area community healthplan,Motif Medical,https://motifmedical.com/insurance/qualify
Louisiana,LA,Lasso Healthcare,Motif Medical,https://motifmedical.com/insurance/qualify
Louisiana,LA,Louisiana Blue Cross Blue Shield,Motif Medical,https://motifmedical.com/insurance/qualify
Louisiana,LA,Louisiana Healthcare Connections,Motif Medical,https://motifmedical.com/insurance/qualify
Louisiana,LA,LSU First,Motif Medical,https://motifmedical.com/insurance/qualify
Louisiana,LA,Lucent Health,Motif Medical,https://motifmedical.com/insurance/qualify
Louisiana,LA,Magellan,Motif Medical,https://motifmedical.com/insurance/qualify
Louisiana,LA,Magnacare,Motif Medical,https://motifmedical.com/insurance/qualify
Louisiana,LA,Mail Handlers,Motif Medical,https://motifmedical.com/insurance/qualify
Louisiana,LA,"Managed Care, Inc dba Galaxy Health Network",Motif Medical,https://motifmedical.com/insurance/qualify
Louisiana,LA,Martin's Point,Motif Medical,https://motifmedical.com/insurance/qualify
Louisiana,LA,maxor provider network,Motif Medical,https://motifmedical.com/insurance/qualify
Louisiana,LA,mcm maxcare ppo,Motif Medical,https://motifmedical.com/insurance/qualify
Louisiana,LA,Medcorp Southwest Inc,Motif Medical,https://motifmedical.com/insurance/qualify
Louisiana,LA,MedCost,Motif Medical,https://motifmedical.com/insurance/qualify
Louisiana,LA,Medi-Share,Motif Medical,https://motifmedical.com/insurance/qualify
Louisiana,LA,Medica,Motif Medical,https://motifmedical.com/insurance/qualify
Louisiana,LA,Medicaid,Motif Medical,https://motifmedical.com/insurance/qualify
Louisiana,LA,Medicaid of Louisiana,Motif Medical,https://motifmedical.com/insurance/qualify
Louisiana,LA,"Medical Cost Containment Professionals, LLC (MCCP)",Motif Medical,https://motifmedical.com/insurance/qualify
Louisiana,LA,medical resource,Motif Medical,https://motifmedical.com/insurance/qualify
Louisiana,LA,Medicare,Motif Medical,https://motifmedical.com/insurance/qualify
Louisiana,LA,Meridian Health Plan,Motif Medical,https://motifmedical.com/insurance/qualify
Louisiana,LA,Meritain Health,Motif Medical,https://motifmedical.com/insurance/qualify
Louisiana,LA,Methodist First Choice,Motif Medical,https://motifmedical.com/insurance/qualify
Louisiana,LA,MetroPlus,Motif Medical,https://motifmedical.com/insurance/qualify
Louisiana,LA,Midlands Choice,Motif Medical,https://motifmedical.com/insurance/qualify
Louisiana,LA,Midwest Health,Motif Medical,https://motifmedical.com/insurance/qualify
Louisiana,LA,MissionPoint,Motif Medical,https://motifmedical.com/insurance/qualify
Louisiana,LA,Moda Health,Motif Medical,https://motifmedical.com/insurance/qualify
Louisiana,LA,Molina,Motif Medical,https://motifmedical.com/insurance/qualify
Louisiana,LA,Mountain Health CO-OP,Motif Medical,https://motifmedical.com/insurance/qualify
Louisiana,LA,Multiplan-PHCS,Motif Medical,https://motifmedical.com/insurance/qualify
Louisiana,LA,Mutual Assurance Administrators,Motif Medical,https://motifmedical.com/insurance/qualify
Louisiana,LA,National Association of Letter Carriers,Motif Medical,https://motifmedical.com/insurance/qualify
Louisiana,LA,National Elevator Industry Health Benefits,Motif Medical,https://motifmedical.com/insurance/qualify
Louisiana,LA,NYSHIP,Motif Medical,https://motifmedical.com/insurance/qualify
Louisiana,LA,One Homecare Solutions,Motif Medical,https://motifmedical.com/insurance/qualify
Louisiana,LA,Onecall,Motif Medical,https://motifmedical.com/insurance/qualify
Louisiana,LA,Optum,Motif Medical,https://motifmedical.com/insurance/qualify
Louisiana,LA,Other,Motif Medical,https://motifmedical.com/insurance/qualify
Louisiana,LA,OWCA,Motif Medical,https://motifmedical.com/insurance/qualify
Louisiana,LA,Oxford Health Plans,Motif Medical,https://motifmedical.com/insurance/qualify
Louisiana,LA,Pacific Source Health Plans,Motif Medical,https://motifmedical.com/insurance/qualify
Louisiana,LA,Paradigm,Motif Medical,https://motifmedical.com/insurance/qualify
Louisiana,LA,Pendleton Memorial,Motif Medical,https://motifmedical.com/insurance/qualify
Louisiana,LA,Performance Health,Motif Medical,https://motifmedical.com/insurance/qualify
Louisiana,LA,Piedmont Healthcare,Motif Medical,https://motifmedical.com/insurance/qualify
Louisiana,LA,Pinnacle Assurance,Motif Medical,https://motifmedical.com/insurance/qualify
Louisiana,LA,Porter County Government Employee Benefits,Motif Medical,https://motifmedical.com/insurance/qualify
Louisiana,LA,PPO Plus,Motif Medical,https://motifmedical.com/insurance/qualify
Louisiana,LA,PPOplus,Motif Medical,https://motifmedical.com/insurance/qualify
Louisiana,LA,Prairie States,Motif Medical,https://motifmedical.com/insurance/qualify
Louisiana,LA,Preferred Health Professionals,Motif Medical,https://motifmedical.com/insurance/qualify
Louisiana,LA,Preferred Medical Network,Motif Medical,https://motifmedical.com/insurance/qualify
Louisiana,LA,Preferred One,Motif Medical,https://motifmedical.com/insurance/qualify
Louisiana,LA,Presbyterian Health Plan,Motif Medical,https://motifmedical.com/insurance/qualify
Louisiana,LA,Priority Health,Motif Medical,https://motifmedical.com/insurance/qualify
Louisiana,LA,PROVIDENCE HEALTH,Motif Medical,https://motifmedical.com/insurance/qualify
Louisiana,LA,Provider Network of America,Motif Medical,https://motifmedical.com/insurance/qualify
Louisiana,LA,QualChoice,Motif Medical,https://motifmedical.com/insurance/qualify
Louisiana,LA,Quartz,Motif Medical,https://motifmedical.com/insurance/qualify
Louisiana,LA,Reserve National Insurance Company,Motif Medical,https://motifmedical.com/insurance/qualify
Louisiana,LA,ResourceOne Administrators,Motif Medical,https://motifmedical.com/insurance/qualify
Louisiana,LA,S & S Health,Motif Medical,https://motifmedical.com/insurance/qualify
Louisiana,LA,Samaritan,Motif Medical,https://motifmedical.com/insurance/qualify
Louisiana,LA,Sana Benefits,Motif Medical,https://motifmedical.com/insurance/qualify
Louisiana,LA,Sanford Health Plan,Motif Medical,https://motifmedical.com/insurance/qualify
Louisiana,LA,Scott & White Health Plan,Motif Medical,https://motifmedical.com/insurance/qualify
Louisiana,LA,Sedgwick,Motif Medical,https://motifmedical.com/insurance/qualify
Louisiana,LA,Select Administrative Services,Motif Medical,https://motifmedical.com/insurance/qualify
Louisiana,LA,Self Insured Services Company,Motif Medical,https://motifmedical.com/insurance/qualify
Louisiana,LA,Sentara Health Plans,Motif Medical,https://motifmedical.com/insurance/qualify
Louisiana,LA,Sentry Insurance,Motif Medical,https://motifmedical.com/insurance/qualify
Louisiana,LA,SIHO,Motif Medical,https://motifmedical.com/insurance/qualify
Louisiana,LA,SIX DEGREES HEALTH,Motif Medical,https://motifmedical.com/insurance/qualify
Louisiana,LA,SmartHealth,Motif Medical,https://motifmedical.com/insurance/qualify
Louisiana,LA,SMS National,Motif Medical,https://motifmedical.com/insurance/qualify
Louisiana,LA,Sound Health and Wellness,Motif Medical,https://motifmedical.com/insurance/qualify
Louisiana,LA,South Central Preferred,Motif Medical,https://motifmedical.com/insurance/qualify
Louisiana,LA,Starmark,Motif Medical,https://motifmedical.com/insurance/qualify
Louisiana,LA,The American Worker,Motif Medical,https://motifmedical.com/insurance/qualify
Louisiana,LA,The American Worker (f.k.a Century Healthcare),Motif Medical,https://motifmedical.com/insurance/qualify
Louisiana,LA,The Empire Plan,Motif Medical,https://motifmedical.com/insurance/qualify
Louisiana,LA,The Health Plan,Motif Medical,https://motifmedical.com/insurance/qualify
Louisiana,LA,Tricare,Motif Medical,https://motifmedical.com/insurance/qualify
Louisiana,LA,Tricare East,Motif Medical,https://motifmedical.com/insurance/qualify
Louisiana,LA,Tricare Overseas,Motif Medical,https://motifmedical.com/insurance/qualify
Louisiana,LA,Trilogy,Motif Medical,https://motifmedical.com/insurance/qualify
Louisiana,LA,TRPN,Motif Medical,https://motifmedical.com/insurance/qualify
Louisiana,LA,Trustmark,Motif Medical,https://motifmedical.com/insurance/qualify
Louisiana,LA,Tufts Health Plan,Motif Medical,https://motifmedical.com/insurance/qualify
Louisiana,LA,Ucare,Motif Medical,https://motifmedical.com/insurance/qualify
Louisiana,LA,UHC ALL SAVERS,Motif Medical,https://motifmedical.com/insurance/qualify
Louisiana,LA,UHC SHARED SERVICES,Motif Medical,https://motifmedical.com/insurance/qualify
Louisiana,LA,UHC STUDENT RESOURCES,Motif Medical,https://motifmedical.com/insurance/qualify
Louisiana,LA,UHC SUREST,Motif Medical,https://motifmedical.com/insurance/qualify
Louisiana,LA,UHIS,Motif Medical,https://motifmedical.com/insurance/qualify
Louisiana,LA,UMR,Motif Medical,https://motifmedical.com/insurance/qualify
Louisiana,LA,UMWA Health & Retirement Funds,Motif Medical,https://motifmedical.com/insurance/qualify
Louisiana,LA,Unicare,Motif Medical,https://motifmedical.com/insurance/qualify
Louisiana,LA,United,Motif Medical,https://motifmedical.com/insurance/qualify
Louisiana,LA,United Healthcare,Motif Medical,https://motifmedical.com/insurance/qualify
Louisiana,LA,United Healthcare  Commercial and Medicare,Motif Medical,https://motifmedical.com/insurance/qualify
Louisiana,LA,United Healthcare All Savers,Motif Medical,https://motifmedical.com/insurance/qualify
Louisiana,LA,United Healthcare Medicaid,Motif Medical,https://motifmedical.com/insurance/qualify
Louisiana,LA,United Healthcare Shared Services,Motif Medical,https://motifmedical.com/insurance/qualify
Louisiana,LA,United Healthcare StudentResources,Motif Medical,https://motifmedical.com/insurance/qualify
Louisiana,LA,United Student Resources,Motif Medical,https://motifmedical.com/insurance/qualify
Louisiana,LA,UPMC,Motif Medical,https://motifmedical.com/insurance/qualify
Louisiana,LA,US Family Health Plan,Motif Medical,https://motifmedical.com/insurance/qualify
Louisiana,LA,USA MANAGED CARE ORGANIZATIONS,Motif Medical,https://motifmedical.com/insurance/qualify
Louisiana,LA,USFHP,Motif Medical,https://motifmedical.com/insurance/qualify
Louisiana,LA,Valenz,Motif Medical,https://motifmedical.com/insurance/qualify
Louisiana,LA,Valenz f.k.a United Claim Solutions (PPO Network),Motif Medical,https://motifmedical.com/insurance/qualify
Louisiana,LA,Vantage Health Plan,Motif Medical,https://motifmedical.com/insurance/qualify
Louisiana,LA,Verity Health,Motif Medical,https://motifmedical.com/insurance/qualify
Louisiana,LA,WebTPA,Motif Medical,https://motifmedical.com/insurance/qualify
Louisiana,LA,Wellcare,Motif Medical,https://motifmedical.com/insurance/qualify
Louisiana,LA,WellFirst Health,Motif Medical,https://motifmedical.com/insurance/qualify
Louisiana,LA,WellMed,Motif Medical,https://motifmedical.com/insurance/qualify
Louisiana,LA,World Trade Center,Motif Medical,https://motifmedical.com/insurance/qualify
Louisiana,LA,Zelis,Motif Medical,https://motifmedical.com/insurance/qualify
Louisiana,LA,ZENITH ADMIN,Motif Medical,https://motifmedical.com/insurance/qualify
Maryland,MD,Aetna Better Health,Motif Medical,https://motifmedical.com/insurance/qualify
Maryland,MD,A&S Financial,Motif Medical,https://motifmedical.com/insurance/qualify
Maryland,MD,Access Health Services - TPA,Motif Medical,https://motifmedical.com/insurance/qualify
Maryland,MD,Aetna,Motif Medical,https://motifmedical.com/insurance/qualify
Maryland,MD,Aetna Atlantic Health,Motif Medical,https://motifmedical.com/insurance/qualify
Maryland,MD,Aetna National,Motif Medical,https://motifmedical.com/insurance/qualify
Maryland,MD,Affinity,Motif Medical,https://motifmedical.com/insurance/qualify
Maryland,MD,All Savers Health Plans,Motif Medical,https://motifmedical.com/insurance/qualify
Maryland,MD,Allegeant,Motif Medical,https://motifmedical.com/insurance/qualify
Maryland,MD,Allegiance,Motif Medical,https://motifmedical.com/insurance/qualify
Maryland,MD,Alliant Health,Motif Medical,https://motifmedical.com/insurance/qualify
Maryland,MD,Allied Health Benefits,Motif Medical,https://motifmedical.com/insurance/qualify
Maryland,MD,AllWays Health Partners,Motif Medical,https://motifmedical.com/insurance/qualify
Maryland,MD,Alternative Insurance Resources,Motif Medical,https://motifmedical.com/insurance/qualify
Maryland,MD,Ambetter,Motif Medical,https://motifmedical.com/insurance/qualify
Maryland,MD,AmeriBen,Motif Medical,https://motifmedical.com/insurance/qualify
Maryland,MD,America's Choice Provider Network,Motif Medical,https://motifmedical.com/insurance/qualify
Maryland,MD,American Healthcare Alliance,Motif Medical,https://motifmedical.com/insurance/qualify
Maryland,MD,American PPO,Motif Medical,https://motifmedical.com/insurance/qualify
Maryland,MD,AmeriGroup,Motif Medical,https://motifmedical.com/insurance/qualify
Maryland,MD,Amerigroup- Wellpoint,Motif Medical,https://motifmedical.com/insurance/qualify
Maryland,MD,AmeriHealth,Motif Medical,https://motifmedical.com/insurance/qualify
Maryland,MD,Ametros,Motif Medical,https://motifmedical.com/insurance/qualify
Maryland,MD,Ancillary Care Services,Motif Medical,https://motifmedical.com/insurance/qualify
Maryland,MD,Anthem BCBCS,Motif Medical,https://motifmedical.com/insurance/qualify
Maryland,MD,Anthem BCBS,Motif Medical,https://motifmedical.com/insurance/qualify
Maryland,MD,Anthem Blue Cross Blue Shield,Motif Medical,https://motifmedical.com/insurance/qualify
Maryland,MD,Anthem Medicaid,Motif Medical,https://motifmedical.com/insurance/qualify
Maryland,MD,Arcbest Corporation,Motif Medical,https://motifmedical.com/insurance/qualify
Maryland,MD,ASURIS,Motif Medical,https://motifmedical.com/insurance/qualify
Maryland,MD,Atrio Health Plans,Motif Medical,https://motifmedical.com/insurance/qualify
Maryland,MD,Badger Care,Motif Medical,https://motifmedical.com/insurance/qualify
Maryland,MD,BCE Emergis,Motif Medical,https://motifmedical.com/insurance/qualify
Maryland,MD,Beacon Health,Motif Medical,https://motifmedical.com/insurance/qualify
Maryland,MD,Beech Street,Motif Medical,https://motifmedical.com/insurance/qualify
Maryland,MD,Benefit Assistance Corp,Motif Medical,https://motifmedical.com/insurance/qualify
Maryland,MD,Blue Benefit Administrators,Motif Medical,https://motifmedical.com/insurance/qualify
Maryland,MD,Blue Cross Blue Shield,Motif Medical,https://motifmedical.com/insurance/qualify
Maryland,MD,Blue Cross Blue Shield of Maryland & Virginia - CareFirst,Motif Medical,https://motifmedical.com/insurance/qualify
Maryland,MD,Bluegrass Family Health,Motif Medical,https://motifmedical.com/insurance/qualify
Maryland,MD,BMI Benefits LLC,Motif Medical,https://motifmedical.com/insurance/qualify
Maryland,MD,Boston Medical Center Healthnet,Motif Medical,https://motifmedical.com/insurance/qualify
Maryland,MD,Boulder Admin,Motif Medical,https://motifmedical.com/insurance/qualify
Maryland,MD,Buckeye Community Health Plan,Motif Medical,https://motifmedical.com/insurance/qualify
Maryland,MD,CareFirst Administrators,Motif Medical,https://motifmedical.com/insurance/qualify
Maryland,MD,CareFirst BCBS,Motif Medical,https://motifmedical.com/insurance/qualify
Maryland,MD,CareFirst BlueChoice,Motif Medical,https://motifmedical.com/insurance/qualify
Maryland,MD,CareFirst BlueCross BlueShield,Motif Medical,https://motifmedical.com/insurance/qualify
Maryland,MD,CareFirst Community Health Plan,Motif Medical,https://motifmedical.com/insurance/qualify
Maryland,MD,Careington International,Motif Medical,https://motifmedical.com/insurance/qualify
Maryland,MD,Caresource,Motif Medical,https://motifmedical.com/insurance/qualify
Maryland,MD,CAREVALENT GILSBAR,Motif Medical,https://motifmedical.com/insurance/qualify
Maryland,MD,"CatalystRx c/o HealthExtras, Inc.",Motif Medical,https://motifmedical.com/insurance/qualify
Maryland,MD,Cedar Valley Community Healthcare,Motif Medical,https://motifmedical.com/insurance/qualify
Maryland,MD,Cedar Valley Hospice - Transportation,Motif Medical,https://motifmedical.com/insurance/qualify
Maryland,MD,Century Health Solutions,Motif Medical,https://motifmedical.com/insurance/qualify
Maryland,MD,Cerner Health Plan,Motif Medical,https://motifmedical.com/insurance/qualify
Maryland,MD,CHAMP VA,Motif Medical,https://motifmedical.com/insurance/qualify
Maryland,MD,CHN Solutions,Motif Medical,https://motifmedical.com/insurance/qualify
Maryland,MD,Choice Care Network,Motif Medical,https://motifmedical.com/insurance/qualify
Maryland,MD,Cigna,Motif Medical,https://motifmedical.com/insurance/qualify
Maryland,MD,Cigna Medicare of MD (Mid Atlantic Region) - Medicare Plans Only,Motif Medical,https://motifmedical.com/insurance/qualify
Maryland,MD,ClearPrice Networks,Motif Medical,https://motifmedical.com/insurance/qualify
Maryland,MD,CMN Inc. Global,Motif Medical,https://motifmedical.com/insurance/qualify
Maryland,MD,Coastal Care Services,Motif Medical,https://motifmedical.com/insurance/qualify
Maryland,MD,Cofinity Health Benefits,Motif Medical,https://motifmedical.com/insurance/qualify
Maryland,MD,Common Ground Health Care,Motif Medical,https://motifmedical.com/insurance/qualify
Maryland,MD,Commonwealth Care Alliance,Motif Medical,https://motifmedical.com/insurance/qualify
Maryland,MD,"CommuniCare Advantage IN, MD, OH",Motif Medical,https://motifmedical.com/insurance/qualify
Maryland,MD,CommuniCare Advantage MD,Motif Medical,https://motifmedical.com/insurance/qualify
Maryland,MD,Community Care,Motif Medical,https://motifmedical.com/insurance/qualify
Maryland,MD,Community Health Options,Motif Medical,https://motifmedical.com/insurance/qualify
Maryland,MD,Compass Rose Health Plan,Motif Medical,https://motifmedical.com/insurance/qualify
Maryland,MD,CompDME,Motif Medical,https://motifmedical.com/insurance/qualify
Maryland,MD,Conifer Health Solutions,Motif Medical,https://motifmedical.com/insurance/qualify
Maryland,MD,Connecticare,Motif Medical,https://motifmedical.com/insurance/qualify
Maryland,MD,CONSOCIATE CARE,Motif Medical,https://motifmedical.com/insurance/qualify
Maryland,MD,Continental Benefits,Motif Medical,https://motifmedical.com/insurance/qualify
Maryland,MD,Cook County Health Plan,Motif Medical,https://motifmedical.com/insurance/qualify
Maryland,MD,CoreSource,Motif Medical,https://motifmedical.com/insurance/qualify
Maryland,MD,Coventry Health Care,Motif Medical,https://motifmedical.com/insurance/qualify
Maryland,MD,CuraeChoice,Motif Medical,https://motifmedical.com/insurance/qualify
Maryland,MD,Delta Health Systems,Motif Medical,https://motifmedical.com/insurance/qualify
Maryland,MD,Deseret Mutual Benefit Administrators,Motif Medical,https://motifmedical.com/insurance/qualify
Maryland,MD,Eagle Health Plan,Motif Medical,https://motifmedical.com/insurance/qualify
Maryland,MD,EBMS,Motif Medical,https://motifmedical.com/insurance/qualify
Maryland,MD,EBPA,Motif Medical,https://motifmedical.com/insurance/qualify
Maryland,MD,Emblem Health,Motif Medical,https://motifmedical.com/insurance/qualify
Maryland,MD,Employer's Choice Network (ECN),Motif Medical,https://motifmedical.com/insurance/qualify
Maryland,MD,Employers Health Network,Motif Medical,https://motifmedical.com/insurance/qualify
Maryland,MD,Envolve Pharmacy Solutions/Centene,Motif Medical,https://motifmedical.com/insurance/qualify
Maryland,MD,Exceedent,Motif Medical,https://motifmedical.com/insurance/qualify
Maryland,MD,Fidelis Care,Motif Medical,https://motifmedical.com/insurance/qualify
Maryland,MD,First Choice Health,Motif Medical,https://motifmedical.com/insurance/qualify
Maryland,MD,Flume Health,Motif Medical,https://motifmedical.com/insurance/qualify
Maryland,MD,Friday Health Plan,Motif Medical,https://motifmedical.com/insurance/qualify
Maryland,MD,Galaxy Health Network,Motif Medical,https://motifmedical.com/insurance/qualify
Maryland,MD,Gateway Health,Motif Medical,https://motifmedical.com/insurance/qualify
Maryland,MD,GEHA,Motif Medical,https://motifmedical.com/insurance/qualify
Maryland,MD,Geisinger,Motif Medical,https://motifmedical.com/insurance/qualify
Maryland,MD,Gilsbar,Motif Medical,https://motifmedical.com/insurance/qualify
Maryland,MD,global excel management,Motif Medical,https://motifmedical.com/insurance/qualify
Maryland,MD,group health benefits,Motif Medical,https://motifmedical.com/insurance/qualify
Maryland,MD,Group Health Eau Claire,Motif Medical,https://motifmedical.com/insurance/qualify
Maryland,MD,H.H.C. Group Health Insurance Consultants,Motif Medical,https://motifmedical.com/insurance/qualify
Maryland,MD,Harbor Health Plan,Motif Medical,https://motifmedical.com/insurance/qualify
Maryland,MD,Harvard Pilgrim,Motif Medical,https://motifmedical.com/insurance/qualify
Maryland,MD,Health Care Partners,Motif Medical,https://motifmedical.com/insurance/qualify
Maryland,MD,health eos,Motif Medical,https://motifmedical.com/insurance/qualify
Maryland,MD,Health EZ,Motif Medical,https://motifmedical.com/insurance/qualify
Maryland,MD,Health New England,Motif Medical,https://motifmedical.com/insurance/qualify
Maryland,MD,Health Options,Motif Medical,https://motifmedical.com/insurance/qualify
Maryland,MD,Health Partners,Motif Medical,https://motifmedical.com/insurance/qualify
Maryland,MD,Health Payment Systems,Motif Medical,https://motifmedical.com/insurance/qualify
Maryland,MD,Health Plan Services,Motif Medical,https://motifmedical.com/insurance/qualify
Maryland,MD,Health Plans Inc,Motif Medical,https://motifmedical.com/insurance/qualify
Maryland,MD,Health Scope,Motif Medical,https://motifmedical.com/insurance/qualify
Maryland,MD,Health Smart,Motif Medical,https://motifmedical.com/insurance/qualify
Maryland,MD,HealthComp,Motif Medical,https://motifmedical.com/insurance/qualify
Maryland,MD,Healthcomp TPA,Motif Medical,https://motifmedical.com/insurance/qualify
Maryland,MD,Healthgram,Motif Medical,https://motifmedical.com/insurance/qualify
Maryland,MD,HealthLink,Motif Medical,https://motifmedical.com/insurance/qualify
Maryland,MD,HealthSmart,Motif Medical,https://motifmedical.com/insurance/qualify
Maryland,MD,"HealthSmart Preferred Care II, LP",Motif Medical,https://motifmedical.com/insurance/qualify
Maryland,MD,HFN,Motif Medical,https://motifmedical.com/insurance/qualify
Maryland,MD,highlands,Motif Medical,https://motifmedical.com/insurance/qualify
Maryland,MD,Home Care Alliance of Virginia (HCAV),Motif Medical,https://motifmedical.com/insurance/qualify
Maryland,MD,Homelink,Motif Medical,https://motifmedical.com/insurance/qualify
Maryland,MD,Horizon BCBS,Motif Medical,https://motifmedical.com/insurance/qualify
Maryland,MD,Hudson Health Plan,Motif Medical,https://motifmedical.com/insurance/qualify
Maryland,MD,Humana,Motif Medical,https://motifmedical.com/insurance/qualify
Maryland,MD,Imagine 379,Motif Medical,https://motifmedical.com/insurance/qualify
Maryland,MD,"immergrun, inc.",Motif Medical,https://motifmedical.com/insurance/qualify
Maryland,MD,Independence BCBS,Motif Medical,https://motifmedical.com/insurance/qualify
Maryland,MD,Independent Health,Motif Medical,https://motifmedical.com/insurance/qualify
Maryland,MD,Independent Medical Systems,Motif Medical,https://motifmedical.com/insurance/qualify
Maryland,MD,indequest,Motif Medical,https://motifmedical.com/insurance/qualify
Maryland,MD,Innovative Healthcare,Motif Medical,https://motifmedical.com/insurance/qualify
Maryland,MD,Insurance Management Services,Motif Medical,https://motifmedical.com/insurance/qualify
Maryland,MD,Integra,Motif Medical,https://motifmedical.com/insurance/qualify
Maryland,MD,INTotal Health,Motif Medical,https://motifmedical.com/insurance/qualify
Maryland,MD,IPMG,Motif Medical,https://motifmedical.com/insurance/qualify
Maryland,MD,J.P. Farley Corporation,Motif Medical,https://motifmedical.com/insurance/qualify
Maryland,MD,Jai Medical Center,Motif Medical,https://motifmedical.com/insurance/qualify
Maryland,MD,Johns Hopkins HealthCare,Motif Medical,https://motifmedical.com/insurance/qualify
Maryland,MD,Kaiser,Motif Medical,https://motifmedical.com/insurance/qualify
Maryland,MD,Kaiser Foundation Health Plan,Motif Medical,https://motifmedical.com/insurance/qualify
Maryland,MD,Key Benefit Administrators,Motif Medical,https://motifmedical.com/insurance/qualify
Maryland,MD,Keystone First,Motif Medical,https://motifmedical.com/insurance/qualify
Maryland,MD,lakes area community healthplan,Motif Medical,https://motifmedical.com/insurance/qualify
Maryland,MD,Lasso Healthcare,Motif Medical,https://motifmedical.com/insurance/qualify
Maryland,MD,Local 24 CareFirst BCBS,Motif Medical,https://motifmedical.com/insurance/qualify
Maryland,MD,Lucent Health,Motif Medical,https://motifmedical.com/insurance/qualify
Maryland,MD,Luminare,Motif Medical,https://motifmedical.com/insurance/qualify
Maryland,MD,Magellan,Motif Medical,https://motifmedical.com/insurance/qualify
Maryland,MD,Magnacare,Motif Medical,https://motifmedical.com/insurance/qualify
Maryland,MD,Mail Handlers,Motif Medical,https://motifmedical.com/insurance/qualify
Maryland,MD,"Managed Care, Inc dba Galaxy Health Network",Motif Medical,https://motifmedical.com/insurance/qualify
Maryland,MD,Martin's Point,Motif Medical,https://motifmedical.com/insurance/qualify
Maryland,MD,Maryland Blue Cross Blue Shield - Carefirst,Motif Medical,https://motifmedical.com/insurance/qualify
Maryland,MD,Maryland Care,Motif Medical,https://motifmedical.com/insurance/qualify
Maryland,MD,Maryland Community Health System,Motif Medical,https://motifmedical.com/insurance/qualify
Maryland,MD,Maryland DHMH Center for Cancer Prevention & Control (CCPC),Motif Medical,https://motifmedical.com/insurance/qualify
Maryland,MD,Maryland Electrical Health Fund,Motif Medical,https://motifmedical.com/insurance/qualify
Maryland,MD,Maryland Physicians Care,Motif Medical,https://motifmedical.com/insurance/qualify
Maryland,MD,maxor provider network,Motif Medical,https://motifmedical.com/insurance/qualify
Maryland,MD,mcm maxcare ppo,Motif Medical,https://motifmedical.com/insurance/qualify
Maryland,MD,Medcorp Southwest Inc,Motif Medical,https://motifmedical.com/insurance/qualify
Maryland,MD,MedCost,Motif Medical,https://motifmedical.com/insurance/qualify
Maryland,MD,Medi-Share,Motif Medical,https://motifmedical.com/insurance/qualify
Maryland,MD,Medica,Motif Medical,https://motifmedical.com/insurance/qualify
Maryland,MD,Medicaid,Motif Medical,https://motifmedical.com/insurance/qualify
Maryland,MD,Medicaid of Maryland,Motif Medical,https://motifmedical.com/insurance/qualify
Maryland,MD,"Medical Cost Containment Professionals, LLC (MCCP)",Motif Medical,https://motifmedical.com/insurance/qualify
Maryland,MD,medical resource,Motif Medical,https://motifmedical.com/insurance/qualify
Maryland,MD,Medicare,Motif Medical,https://motifmedical.com/insurance/qualify
Maryland,MD,MedStar Family Choice,Motif Medical,https://motifmedical.com/insurance/qualify
Maryland,MD,Medstar Select,Motif Medical,https://motifmedical.com/insurance/qualify
Maryland,MD,Meridian Health Plan,Motif Medical,https://motifmedical.com/insurance/qualify
Maryland,MD,Meritain Health,Motif Medical,https://motifmedical.com/insurance/qualify
Maryland,MD,Methodist First Choice,Motif Medical,https://motifmedical.com/insurance/qualify
Maryland,MD,MetroPlus,Motif Medical,https://motifmedical.com/insurance/qualify
Maryland,MD,Midlands Choice,Motif Medical,https://motifmedical.com/insurance/qualify
Maryland,MD,Midwest Health,Motif Medical,https://motifmedical.com/insurance/qualify
Maryland,MD,MissionPoint,Motif Medical,https://motifmedical.com/insurance/qualify
Maryland,MD,Moda Health,Motif Medical,https://motifmedical.com/insurance/qualify
Maryland,MD,Molina,Motif Medical,https://motifmedical.com/insurance/qualify
Maryland,MD,Mountain Health CO-OP,Motif Medical,https://motifmedical.com/insurance/qualify
Maryland,MD,Multiplan-PHCS,Motif Medical,https://motifmedical.com/insurance/qualify
Maryland,MD,Mutual Assurance Administrators,Motif Medical,https://motifmedical.com/insurance/qualify
Maryland,MD,National Association of Letter Carriers,Motif Medical,https://motifmedical.com/insurance/qualify
Maryland,MD,National Automatic Sprinkler Industry (NASI),Motif Medical,https://motifmedical.com/insurance/qualify
Maryland,MD,National Elevator Industry Health Benefits,Motif Medical,https://motifmedical.com/insurance/qualify
Maryland,MD,NYSHIP,Motif Medical,https://motifmedical.com/insurance/qualify
Maryland,MD,One Homecare Solutions,Motif Medical,https://motifmedical.com/insurance/qualify
Maryland,MD,Onecall,Motif Medical,https://motifmedical.com/insurance/qualify
Maryland,MD,Optum,Motif Medical,https://motifmedical.com/insurance/qualify
Maryland,MD,Other,Motif Medical,https://motifmedical.com/insurance/qualify
Maryland,MD,OWCA,Motif Medical,https://motifmedical.com/insurance/qualify
Maryland,MD,Oxford Health Plans,Motif Medical,https://motifmedical.com/insurance/qualify
Maryland,MD,Pacific Source Health Plans,Motif Medical,https://motifmedical.com/insurance/qualify
Maryland,MD,Paradigm,Motif Medical,https://motifmedical.com/insurance/qualify
Maryland,MD,Patuxent Medical Group,Motif Medical,https://motifmedical.com/insurance/qualify
Maryland,MD,Performance Health,Motif Medical,https://motifmedical.com/insurance/qualify
Maryland,MD,Piedmont Healthcare,Motif Medical,https://motifmedical.com/insurance/qualify
Maryland,MD,Pinnacle Assurance,Motif Medical,https://motifmedical.com/insurance/qualify
Maryland,MD,Porter County Government Employee Benefits,Motif Medical,https://motifmedical.com/insurance/qualify
Maryland,MD,PPO Plus,Motif Medical,https://motifmedical.com/insurance/qualify
Maryland,MD,Prairie States,Motif Medical,https://motifmedical.com/insurance/qualify
Maryland,MD,Preferred Health Professionals,Motif Medical,https://motifmedical.com/insurance/qualify
Maryland,MD,Preferred Medical Network,Motif Medical,https://motifmedical.com/insurance/qualify
Maryland,MD,Preferred One,Motif Medical,https://motifmedical.com/insurance/qualify
Maryland,MD,Premera BC/BS,Motif Medical,https://motifmedical.com/insurance/qualify
Maryland,MD,Presbyterian Health Plan,Motif Medical,https://motifmedical.com/insurance/qualify
Maryland,MD,Priority Health,Motif Medical,https://motifmedical.com/insurance/qualify
Maryland,MD,Priority Partners,Motif Medical,https://motifmedical.com/insurance/qualify
Maryland,MD,PROVIDENCE HEALTH,Motif Medical,https://motifmedical.com/insurance/qualify
Maryland,MD,Provider Network of America,Motif Medical,https://motifmedical.com/insurance/qualify
Maryland,MD,QualChoice,Motif Medical,https://motifmedical.com/insurance/qualify
Maryland,MD,Quartz,Motif Medical,https://motifmedical.com/insurance/qualify
Maryland,MD,Regence BC/BS,Motif Medical,https://motifmedical.com/insurance/qualify
Maryland,MD,Reserve National Insurance Company,Motif Medical,https://motifmedical.com/insurance/qualify
Maryland,MD,ResourceOne Administrators,Motif Medical,https://motifmedical.com/insurance/qualify
Maryland,MD,"Riverside Health of Maryland, Inc., Medicaid",Motif Medical,https://motifmedical.com/insurance/qualify
Maryland,MD,"Riverside Health of Maryland, Inc., Medicare",Motif Medical,https://motifmedical.com/insurance/qualify
Maryland,MD,S & S Health,Motif Medical,https://motifmedical.com/insurance/qualify
Maryland,MD,Samaritan,Motif Medical,https://motifmedical.com/insurance/qualify
Maryland,MD,Sana Benefits,Motif Medical,https://motifmedical.com/insurance/qualify
Maryland,MD,Sanford Health Plan,Motif Medical,https://motifmedical.com/insurance/qualify
Maryland,MD,Scott & White Health Plan,Motif Medical,https://motifmedical.com/insurance/qualify
Maryland,MD,Sedgwick,Motif Medical,https://motifmedical.com/insurance/qualify
Maryland,MD,Select Administrative Services,Motif Medical,https://motifmedical.com/insurance/qualify
Maryland,MD,Self Insured Services Company,Motif Medical,https://motifmedical.com/insurance/qualify
Maryland,MD,Sentara Health Plans,Motif Medical,https://motifmedical.com/insurance/qualify
Maryland,MD,Sentry Insurance,Motif Medical,https://motifmedical.com/insurance/qualify
Maryland,MD,SIHO,Motif Medical,https://motifmedical.com/insurance/qualify
Maryland,MD,SIX DEGREES HEALTH,Motif Medical,https://motifmedical.com/insurance/qualify
Maryland,MD,SmartHealth,Motif Medical,https://motifmedical.com/insurance/qualify
Maryland,MD,SMS National,Motif Medical,https://motifmedical.com/insurance/qualify
Maryland,MD,Sound Health and Wellness,Motif Medical,https://motifmedical.com/insurance/qualify
Maryland,MD,South Central Preferred,Motif Medical,https://motifmedical.com/insurance/qualify
Maryland,MD,Starmark,Motif Medical,https://motifmedical.com/insurance/qualify
Maryland,MD,The American Worker,Motif Medical,https://motifmedical.com/insurance/qualify
Maryland,MD,The American Worker (f.k.a Century Healthcare),Motif Medical,https://motifmedical.com/insurance/qualify
Maryland,MD,The Empire Plan,Motif Medical,https://motifmedical.com/insurance/qualify
Maryland,MD,The Health Plan,Motif Medical,https://motifmedical.com/insurance/qualify
Maryland,MD,Tricare,Motif Medical,https://motifmedical.com/insurance/qualify
Maryland,MD,TriCare – East Region,Motif Medical,https://motifmedical.com/insurance/qualify
Maryland,MD,Tricare East,Motif Medical,https://motifmedical.com/insurance/qualify
Maryland,MD,Tricare Overseas,Motif Medical,https://motifmedical.com/insurance/qualify
Maryland,MD,Trilogy,Motif Medical,https://motifmedical.com/insurance/qualify
Maryland,MD,TRPN,Motif Medical,https://motifmedical.com/insurance/qualify
Maryland,MD,Trustmark,Motif Medical,https://motifmedical.com/insurance/qualify
Maryland,MD,Tufts Health Plan,Motif Medical,https://motifmedical.com/insurance/qualify
Maryland,MD,Ucare,Motif Medical,https://motifmedical.com/insurance/qualify
Maryland,MD,UHC ALL SAVERS,Motif Medical,https://motifmedical.com/insurance/qualify
Maryland,MD,UHC SHARED SERVICES,Motif Medical,https://motifmedical.com/insurance/qualify
Maryland,MD,UHC STUDENT RESOURCES,Motif Medical,https://motifmedical.com/insurance/qualify
Maryland,MD,UHC SUREST,Motif Medical,https://motifmedical.com/insurance/qualify
Maryland,MD,UHIS,Motif Medical,https://motifmedical.com/insurance/qualify
Maryland,MD,UMR,Motif Medical,https://motifmedical.com/insurance/qualify
Maryland,MD,UMWA Health & Retirement Funds,Motif Medical,https://motifmedical.com/insurance/qualify
Maryland,MD,Unicare,Motif Medical,https://motifmedical.com/insurance/qualify
Maryland,MD,United,Motif Medical,https://motifmedical.com/insurance/qualify
Maryland,MD,United Healthcare,Motif Medical,https://motifmedical.com/insurance/qualify
Maryland,MD,United Healthcare  Commercial and Medicare,Motif Medical,https://motifmedical.com/insurance/qualify
Maryland,MD,United Healthcare All Savers,Motif Medical,https://motifmedical.com/insurance/qualify
Maryland,MD,United Healthcare Medicaid,Motif Medical,https://motifmedical.com/insurance/qualify
Maryland,MD,United Healthcare Shared Services,Motif Medical,https://motifmedical.com/insurance/qualify
Maryland,MD,United Healthcare StudentResources,Motif Medical,https://motifmedical.com/insurance/qualify
Maryland,MD,United Student Resources,Motif Medical,https://motifmedical.com/insurance/qualify
Maryland,MD,UnitedHealthcare Community Plan,Motif Medical,https://motifmedical.com/insurance/qualify
Maryland,MD,University of Maryland,Motif Medical,https://motifmedical.com/insurance/qualify
Maryland,MD,UPMC,Motif Medical,https://motifmedical.com/insurance/qualify
Maryland,MD,US Family Health Plan,Motif Medical,https://motifmedical.com/insurance/qualify
Maryland,MD,USA MANAGED CARE ORGANIZATIONS,Motif Medical,https://motifmedical.com/insurance/qualify
Maryland,MD,USFHP,Motif Medical,https://motifmedical.com/insurance/qualify
Maryland,MD,Valenz,Motif Medical,https://motifmedical.com/insurance/qualify
Maryland,MD,Valenz f.k.a United Claim Solutions (PPO Network),Motif Medical,https://motifmedical.com/insurance/qualify
Maryland,MD,VGM Homelink,Motif Medical,https://motifmedical.com/insurance/qualify
Maryland,MD,WebTPA,Motif Medical,https://motifmedical.com/insurance/qualify
Maryland,MD,Wellcare,Motif Medical,https://motifmedical.com/insurance/qualify
Maryland,MD,WellFirst Health,Motif Medical,https://motifmedical.com/insurance/qualify
Maryland,MD,WellMed,Motif Medical,https://motifmedical.com/insurance/qualify
Maryland,MD,Wellpoint,Motif Medical,https://motifmedical.com/insurance/qualify
Maryland,MD,Wise Provider Network,Motif Medical,https://motifmedical.com/insurance/qualify
Maryland,MD,World Trade Center,Motif Medical,https://motifmedical.com/insurance/qualify
Maryland,MD,Zelis,Motif Medical,https://motifmedical.com/insurance/qualify
Maryland,MD,ZENITH ADMIN,Motif Medical,https://motifmedical.com/insurance/qualify
Massachusetts,MA,A&S Financial,Motif Medical,https://motifmedical.com/insurance/qualify
Massachusetts,MA,Access Health Services - TPA,Motif Medical,https://motifmedical.com/insurance/qualify
Massachusetts,MA,Aetna,Motif Medical,https://motifmedical.com/insurance/qualify
Massachusetts,MA,Aetna Atlantic Health,Motif Medical,https://motifmedical.com/insurance/qualify
Massachusetts,MA,Aetna National,Motif Medical,https://motifmedical.com/insurance/qualify
Massachusetts,MA,Affinity,Motif Medical,https://motifmedical.com/insurance/qualify
Massachusetts,MA,All Savers Health Plans,Motif Medical,https://motifmedical.com/insurance/qualify
Massachusetts,MA,Allegiance,Motif Medical,https://motifmedical.com/insurance/qualify
Massachusetts,MA,Alliant Health,Motif Medical,https://motifmedical.com/insurance/qualify
Massachusetts,MA,Allied Health Benefits,Motif Medical,https://motifmedical.com/insurance/qualify
Massachusetts,MA,AllWays Health Partners,Motif Medical,https://motifmedical.com/insurance/qualify
Massachusetts,MA,Alternative Insurance Resources,Motif Medical,https://motifmedical.com/insurance/qualify
Massachusetts,MA,Ambetter,Motif Medical,https://motifmedical.com/insurance/qualify
Massachusetts,MA,AmeriBen,Motif Medical,https://motifmedical.com/insurance/qualify
Massachusetts,MA,America's Choice Provider Network,Motif Medical,https://motifmedical.com/insurance/qualify
Massachusetts,MA,American Healthcare Alliance,Motif Medical,https://motifmedical.com/insurance/qualify
Massachusetts,MA,American PPO,Motif Medical,https://motifmedical.com/insurance/qualify
Massachusetts,MA,AmeriHealth,Motif Medical,https://motifmedical.com/insurance/qualify
Massachusetts,MA,Ametros,Motif Medical,https://motifmedical.com/insurance/qualify
Massachusetts,MA,Ancillary Care Services,Motif Medical,https://motifmedical.com/insurance/qualify
Massachusetts,MA,Anthem BCBCS,Motif Medical,https://motifmedical.com/insurance/qualify
Massachusetts,MA,Anthem BCBS,Motif Medical,https://motifmedical.com/insurance/qualify
Massachusetts,MA,Anthem Blue Cross Blue Shield,Motif Medical,https://motifmedical.com/insurance/qualify
Massachusetts,MA,Anthem Medicaid,Motif Medical,https://motifmedical.com/insurance/qualify
Massachusetts,MA,Arcbest Corporation,Motif Medical,https://motifmedical.com/insurance/qualify
Massachusetts,MA,ASURIS,Motif Medical,https://motifmedical.com/insurance/qualify
Massachusetts,MA,Atrio Health Plans,Motif Medical,https://motifmedical.com/insurance/qualify
Massachusetts,MA,Badger Care,Motif Medical,https://motifmedical.com/insurance/qualify
Massachusetts,MA,BCE Emergis,Motif Medical,https://motifmedical.com/insurance/qualify
Massachusetts,MA,Beacon Health,Motif Medical,https://motifmedical.com/insurance/qualify
Massachusetts,MA,Beech Street,Motif Medical,https://motifmedical.com/insurance/qualify
Massachusetts,MA,Benefit Assistance Corp,Motif Medical,https://motifmedical.com/insurance/qualify
Massachusetts,MA,Benemax,Motif Medical,https://motifmedical.com/insurance/qualify
Massachusetts,MA,Blue Benefit Administrators,Motif Medical,https://motifmedical.com/insurance/qualify
Massachusetts,MA,Blue Cross Blue Shield,Motif Medical,https://motifmedical.com/insurance/qualify
Massachusetts,MA,Blue Cross Blue Shield of Massachusetts,Motif Medical,https://motifmedical.com/insurance/qualify
Massachusetts,MA,Bluegrass Family Health,Motif Medical,https://motifmedical.com/insurance/qualify
Massachusetts,MA,BMI Benefits LLC,Motif Medical,https://motifmedical.com/insurance/qualify
Massachusetts,MA,Boston Medical Center Healthnet,Motif Medical,https://motifmedical.com/insurance/qualify
Massachusetts,MA,Boston Medical Center HealthNet Plan,Motif Medical,https://motifmedical.com/insurance/qualify
Massachusetts,MA,Boulder Admin,Motif Medical,https://motifmedical.com/insurance/qualify
Massachusetts,MA,Bright Health,Motif Medical,https://motifmedical.com/insurance/qualify
Massachusetts,MA,Buckeye Community Health Plan,Motif Medical,https://motifmedical.com/insurance/qualify
Massachusetts,MA,CareFirst Administrators,Motif Medical,https://motifmedical.com/insurance/qualify
Massachusetts,MA,CareFirst BCBS,Motif Medical,https://motifmedical.com/insurance/qualify
Massachusetts,MA,Careington International,Motif Medical,https://motifmedical.com/insurance/qualify
Massachusetts,MA,Caresource,Motif Medical,https://motifmedical.com/insurance/qualify
Massachusetts,MA,CAREVALENT GILSBAR,Motif Medical,https://motifmedical.com/insurance/qualify
Massachusetts,MA,Cedar Valley Community Healthcare,Motif Medical,https://motifmedical.com/insurance/qualify
Massachusetts,MA,Cedar Valley Hospice - Transportation,Motif Medical,https://motifmedical.com/insurance/qualify
Massachusetts,MA,Celticare Health Plan,Motif Medical,https://motifmedical.com/insurance/qualify
Massachusetts,MA,Centene,Motif Medical,https://motifmedical.com/insurance/qualify
Massachusetts,MA,Century Health Solutions,Motif Medical,https://motifmedical.com/insurance/qualify
Massachusetts,MA,Cerner Health Plan,Motif Medical,https://motifmedical.com/insurance/qualify
Massachusetts,MA,CHAMP VA,Motif Medical,https://motifmedical.com/insurance/qualify
Massachusetts,MA,CHN Solutions,Motif Medical,https://motifmedical.com/insurance/qualify
Massachusetts,MA,Choice Care Network,Motif Medical,https://motifmedical.com/insurance/qualify
Massachusetts,MA,Cigna,Motif Medical,https://motifmedical.com/insurance/qualify
Massachusetts,MA,ClearPrice Networks,Motif Medical,https://motifmedical.com/insurance/qualify
Massachusetts,MA,CMN Inc. Global,Motif Medical,https://motifmedical.com/insurance/qualify
Massachusetts,MA,Coastal Care Services,Motif Medical,https://motifmedical.com/insurance/qualify
Massachusetts,MA,Cofinity Health Benefits,Motif Medical,https://motifmedical.com/insurance/qualify
Massachusetts,MA,Common Ground Health Care,Motif Medical,https://motifmedical.com/insurance/qualify
Massachusetts,MA,Commonwealth Care Alliance,Motif Medical,https://motifmedical.com/insurance/qualify
Massachusetts,MA,Community Care,Motif Medical,https://motifmedical.com/insurance/qualify
Massachusetts,MA,Community Health Options,Motif Medical,https://motifmedical.com/insurance/qualify
Massachusetts,MA,Compass Rose Health Plan,Motif Medical,https://motifmedical.com/insurance/qualify
Massachusetts,MA,CompDME,Motif Medical,https://motifmedical.com/insurance/qualify
Massachusetts,MA,Connecticare,Motif Medical,https://motifmedical.com/insurance/qualify
Massachusetts,MA,CONSOCIATE CARE,Motif Medical,https://motifmedical.com/insurance/qualify
Massachusetts,MA,Continental Benefits,Motif Medical,https://motifmedical.com/insurance/qualify
Massachusetts,MA,Cook County Health Plan,Motif Medical,https://motifmedical.com/insurance/qualify
Massachusetts,MA,CoreSource,Motif Medical,https://motifmedical.com/insurance/qualify
Massachusetts,MA,Coventry Health Care,Motif Medical,https://motifmedical.com/insurance/qualify
Massachusetts,MA,CuraeChoice,Motif Medical,https://motifmedical.com/insurance/qualify
Massachusetts,MA,Delta Health Systems,Motif Medical,https://motifmedical.com/insurance/qualify
Massachusetts,MA,Deseret Mutual Benefit Administrators,Motif Medical,https://motifmedical.com/insurance/qualify
Massachusetts,MA,Eagle Health Plan,Motif Medical,https://motifmedical.com/insurance/qualify
Massachusetts,MA,EBMS,Motif Medical,https://motifmedical.com/insurance/qualify
Massachusetts,MA,EBPA,Motif Medical,https://motifmedical.com/insurance/qualify
Massachusetts,MA,Electric Insurance Company,Motif Medical,https://motifmedical.com/insurance/qualify
Massachusetts,MA,Emblem Health,Motif Medical,https://motifmedical.com/insurance/qualify
Massachusetts,MA,Employers Health Network,Motif Medical,https://motifmedical.com/insurance/qualify
Massachusetts,MA,Exceedent,Motif Medical,https://motifmedical.com/insurance/qualify
Massachusetts,MA,Fallon Health,Motif Medical,https://motifmedical.com/insurance/qualify
Massachusetts,MA,Fidelis Care,Motif Medical,https://motifmedical.com/insurance/qualify
Massachusetts,MA,First Choice Health,Motif Medical,https://motifmedical.com/insurance/qualify
Massachusetts,MA,Friday Health Plan,Motif Medical,https://motifmedical.com/insurance/qualify
Massachusetts,MA,Galaxy Health Network,Motif Medical,https://motifmedical.com/insurance/qualify
Massachusetts,MA,Gateway Health,Motif Medical,https://motifmedical.com/insurance/qualify
Massachusetts,MA,GEHA,Motif Medical,https://motifmedical.com/insurance/qualify
Massachusetts,MA,Geisinger,Motif Medical,https://motifmedical.com/insurance/qualify
Massachusetts,MA,Gilsbar,Motif Medical,https://motifmedical.com/insurance/qualify
Massachusetts,MA,global excel management,Motif Medical,https://motifmedical.com/insurance/qualify
Massachusetts,MA,group health benefits,Motif Medical,https://motifmedical.com/insurance/qualify
Massachusetts,MA,Group Health Eau Claire,Motif Medical,https://motifmedical.com/insurance/qualify
Massachusetts,MA,Harbor Health Plan,Motif Medical,https://motifmedical.com/insurance/qualify
Massachusetts,MA,Harvard Pilgrim,Motif Medical,https://motifmedical.com/insurance/qualify
Massachusetts,MA,Harvard Pilgrim Health Care,Motif Medical,https://motifmedical.com/insurance/qualify
Massachusetts,MA,Health Care Partners,Motif Medical,https://motifmedical.com/insurance/qualify
Massachusetts,MA,health eos,Motif Medical,https://motifmedical.com/insurance/qualify
Massachusetts,MA,Health EZ,Motif Medical,https://motifmedical.com/insurance/qualify
Massachusetts,MA,Health New England,Motif Medical,https://motifmedical.com/insurance/qualify
Massachusetts,MA,Health Options,Motif Medical,https://motifmedical.com/insurance/qualify
Massachusetts,MA,Health Partners,Motif Medical,https://motifmedical.com/insurance/qualify
Massachusetts,MA,Health Payment Systems,Motif Medical,https://motifmedical.com/insurance/qualify
Massachusetts,MA,Health Plan Services,Motif Medical,https://motifmedical.com/insurance/qualify
Massachusetts,MA,Health Plans Inc,Motif Medical,https://motifmedical.com/insurance/qualify
Massachusetts,MA,Health Scope,Motif Medical,https://motifmedical.com/insurance/qualify
Massachusetts,MA,Health Smart,Motif Medical,https://motifmedical.com/insurance/qualify
Massachusetts,MA,HealthComp,Motif Medical,https://motifmedical.com/insurance/qualify
Massachusetts,MA,Healthcomp TPA,Motif Medical,https://motifmedical.com/insurance/qualify
Massachusetts,MA,Healthgram,Motif Medical,https://motifmedical.com/insurance/qualify
Massachusetts,MA,HealthLink,Motif Medical,https://motifmedical.com/insurance/qualify
Massachusetts,MA,HealthSmart,Motif Medical,https://motifmedical.com/insurance/qualify
Massachusetts,MA,"HealthSmart Preferred Care II, LP",Motif Medical,https://motifmedical.com/insurance/qualify
Massachusetts,MA,HFN,Motif Medical,https://motifmedical.com/insurance/qualify
Massachusetts,MA,highlands,Motif Medical,https://motifmedical.com/insurance/qualify
Massachusetts,MA,Homelink,Motif Medical,https://motifmedical.com/insurance/qualify
Massachusetts,MA,Hudson Health Plan,Motif Medical,https://motifmedical.com/insurance/qualify
Massachusetts,MA,Humana,Motif Medical,https://motifmedical.com/insurance/qualify
Massachusetts,MA,Imagine 380,Motif Medical,https://motifmedical.com/insurance/qualify
Massachusetts,MA,"immergrun, inc.",Motif Medical,https://motifmedical.com/insurance/qualify
Massachusetts,MA,Independence BCBS,Motif Medical,https://motifmedical.com/insurance/qualify
Massachusetts,MA,Independent Health,Motif Medical,https://motifmedical.com/insurance/qualify
Massachusetts,MA,Independent Medical Systems,Motif Medical,https://motifmedical.com/insurance/qualify
Massachusetts,MA,indequest,Motif Medical,https://motifmedical.com/insurance/qualify
Massachusetts,MA,Insurance Management Services,Motif Medical,https://motifmedical.com/insurance/qualify
Massachusetts,MA,Integra,Motif Medical,https://motifmedical.com/insurance/qualify
Massachusetts,MA,INTotal Health,Motif Medical,https://motifmedical.com/insurance/qualify
Massachusetts,MA,IPMG,Motif Medical,https://motifmedical.com/insurance/qualify
Massachusetts,MA,J.P. Farley Corporation,Motif Medical,https://motifmedical.com/insurance/qualify
Massachusetts,MA,Key Benefit Administrators,Motif Medical,https://motifmedical.com/insurance/qualify
Massachusetts,MA,Keystone First,Motif Medical,https://motifmedical.com/insurance/qualify
Massachusetts,MA,lakes area community healthplan,Motif Medical,https://motifmedical.com/insurance/qualify
Massachusetts,MA,Lasso Healthcare,Motif Medical,https://motifmedical.com/insurance/qualify
Massachusetts,MA,Longevity Health Plan,Motif Medical,https://motifmedical.com/insurance/qualify
Massachusetts,MA,Lucent Health,Motif Medical,https://motifmedical.com/insurance/qualify
Massachusetts,MA,Magellan,Motif Medical,https://motifmedical.com/insurance/qualify
Massachusetts,MA,Magnacare,Motif Medical,https://motifmedical.com/insurance/qualify
Massachusetts,MA,Mail Handlers,Motif Medical,https://motifmedical.com/insurance/qualify
Massachusetts,MA,"Managed Care, Inc dba Galaxy Health Network",Motif Medical,https://motifmedical.com/insurance/qualify
Massachusetts,MA,Martin's Point,Motif Medical,https://motifmedical.com/insurance/qualify
Massachusetts,MA,Mass General Bringham Health Plan,Motif Medical,https://motifmedical.com/insurance/qualify
Massachusetts,MA,Mass General Bringham Health Plan (f.k.a) AllWays Health Partners,Motif Medical,https://motifmedical.com/insurance/qualify
Massachusetts,MA,maxor provider network,Motif Medical,https://motifmedical.com/insurance/qualify
Massachusetts,MA,mcm maxcare ppo,Motif Medical,https://motifmedical.com/insurance/qualify
Massachusetts,MA,Medcorp Southwest Inc,Motif Medical,https://motifmedical.com/insurance/qualify
Massachusetts,MA,MedCost,Motif Medical,https://motifmedical.com/insurance/qualify
Massachusetts,MA,Medi-Share,Motif Medical,https://motifmedical.com/insurance/qualify
Massachusetts,MA,Medica,Motif Medical,https://motifmedical.com/insurance/qualify
Massachusetts,MA,Medicaid,Motif Medical,https://motifmedical.com/insurance/qualify
Massachusetts,MA,"Medical Cost Containment Professionals, LLC (MCCP)",Motif Medical,https://motifmedical.com/insurance/qualify
Massachusetts,MA,medical resource,Motif Medical,https://motifmedical.com/insurance/qualify
Massachusetts,MA,Medicare,Motif Medical,https://motifmedical.com/insurance/qualify
Massachusetts,MA,Meridian Health Plan,Motif Medical,https://motifmedical.com/insurance/qualify
Massachusetts,MA,Meritain Health,Motif Medical,https://motifmedical.com/insurance/qualify
Massachusetts,MA,Methodist First Choice,Motif Medical,https://motifmedical.com/insurance/qualify
Massachusetts,MA,MetroPlus,Motif Medical,https://motifmedical.com/insurance/qualify
Massachusetts,MA,Midlands Choice,Motif Medical,https://motifmedical.com/insurance/qualify
Massachusetts,MA,Midwest Health,Motif Medical,https://motifmedical.com/insurance/qualify
Massachusetts,MA,MissionPoint,Motif Medical,https://motifmedical.com/insurance/qualify
Massachusetts,MA,Moda Health,Motif Medical,https://motifmedical.com/insurance/qualify
Massachusetts,MA,Molina,Motif Medical,https://motifmedical.com/insurance/qualify
Massachusetts,MA,Mountain Health CO-OP,Motif Medical,https://motifmedical.com/insurance/qualify
Massachusetts,MA,Multiplan-PHCS,Motif Medical,https://motifmedical.com/insurance/qualify
Massachusetts,MA,Mutual Assurance Administrators,Motif Medical,https://motifmedical.com/insurance/qualify
Massachusetts,MA,National Association of Letter Carriers,Motif Medical,https://motifmedical.com/insurance/qualify
Massachusetts,MA,National Elevator Industry Health Benefits,Motif Medical,https://motifmedical.com/insurance/qualify
Massachusetts,MA,Neighborhood Health Plan,Motif Medical,https://motifmedical.com/insurance/qualify
Massachusetts,MA,Northwood,Motif Medical,https://motifmedical.com/insurance/qualify
Massachusetts,MA,NYSHIP,Motif Medical,https://motifmedical.com/insurance/qualify
Massachusetts,MA,One Homecare Solutions,Motif Medical,https://motifmedical.com/insurance/qualify
Massachusetts,MA,Onecall,Motif Medical,https://motifmedical.com/insurance/qualify
Massachusetts,MA,Optum,Motif Medical,https://motifmedical.com/insurance/qualify
Massachusetts,MA,Other,Motif Medical,https://motifmedical.com/insurance/qualify
Massachusetts,MA,OWCA,Motif Medical,https://motifmedical.com/insurance/qualify
Massachusetts,MA,Oxford Health Plans,Motif Medical,https://motifmedical.com/insurance/qualify
Massachusetts,MA,Pacific Source Health Plans,Motif Medical,https://motifmedical.com/insurance/qualify
Massachusetts,MA,Paradigm,Motif Medical,https://motifmedical.com/insurance/qualify
Massachusetts,MA,Performance Health,Motif Medical,https://motifmedical.com/insurance/qualify
Massachusetts,MA,Piedmont Healthcare,Motif Medical,https://motifmedical.com/insurance/qualify
Massachusetts,MA,Pinnacle Assurance,Motif Medical,https://motifmedical.com/insurance/qualify
Massachusetts,MA,Pinnacle Health,Motif Medical,https://motifmedical.com/insurance/qualify
Massachusetts,MA,Point32Health,Motif Medical,https://motifmedical.com/insurance/qualify
Massachusetts,MA,Porter County Government Employee Benefits,Motif Medical,https://motifmedical.com/insurance/qualify
Massachusetts,MA,PPO Plus,Motif Medical,https://motifmedical.com/insurance/qualify
Massachusetts,MA,Prairie States,Motif Medical,https://motifmedical.com/insurance/qualify
Massachusetts,MA,Preferred Health Professionals,Motif Medical,https://motifmedical.com/insurance/qualify
Massachusetts,MA,Preferred Medical Network,Motif Medical,https://motifmedical.com/insurance/qualify
Massachusetts,MA,Preferred One,Motif Medical,https://motifmedical.com/insurance/qualify
Massachusetts,MA,Presbyterian Health Plan,Motif Medical,https://motifmedical.com/insurance/qualify
Massachusetts,MA,Priority Health,Motif Medical,https://motifmedical.com/insurance/qualify
Massachusetts,MA,Private Healthcare Systems,Motif Medical,https://motifmedical.com/insurance/qualify
Massachusetts,MA,PROVIDENCE HEALTH,Motif Medical,https://motifmedical.com/insurance/qualify
Massachusetts,MA,Provider Network of America,Motif Medical,https://motifmedical.com/insurance/qualify
Massachusetts,MA,QualChoice,Motif Medical,https://motifmedical.com/insurance/qualify
Massachusetts,MA,Quartz,Motif Medical,https://motifmedical.com/insurance/qualify
Massachusetts,MA,Reserve National Insurance Company,Motif Medical,https://motifmedical.com/insurance/qualify
Massachusetts,MA,ResourceOne Administrators,Motif Medical,https://motifmedical.com/insurance/qualify
Massachusetts,MA,Rocket Medical,Motif Medical,https://motifmedical.com/insurance/qualify
Massachusetts,MA,"RxAdvance, Inc.",Motif Medical,https://motifmedical.com/insurance/qualify
Massachusetts,MA,S & S Health,Motif Medical,https://motifmedical.com/insurance/qualify
Massachusetts,MA,Samaritan,Motif Medical,https://motifmedical.com/insurance/qualify
Massachusetts,MA,Sana Benefits,Motif Medical,https://motifmedical.com/insurance/qualify
Massachusetts,MA,Sanford Health Plan,Motif Medical,https://motifmedical.com/insurance/qualify
Massachusetts,MA,Scott & White Health Plan,Motif Medical,https://motifmedical.com/insurance/qualify
Massachusetts,MA,Sedgwick,Motif Medical,https://motifmedical.com/insurance/qualify
Massachusetts,MA,Select Administrative Services,Motif Medical,https://motifmedical.com/insurance/qualify
Massachusetts,MA,Self Insured Services Company,Motif Medical,https://motifmedical.com/insurance/qualify
Massachusetts,MA,Sentara Health Plans,Motif Medical,https://motifmedical.com/insurance/qualify
Massachusetts,MA,Sentry Insurance,Motif Medical,https://motifmedical.com/insurance/qualify
Massachusetts,MA,SIHO,Motif Medical,https://motifmedical.com/insurance/qualify
Massachusetts,MA,SIX DEGREES HEALTH,Motif Medical,https://motifmedical.com/insurance/qualify
Massachusetts,MA,SmartHealth,Motif Medical,https://motifmedical.com/insurance/qualify
Massachusetts,MA,SMS National,Motif Medical,https://motifmedical.com/insurance/qualify
Massachusetts,MA,Sound Health and Wellness,Motif Medical,https://motifmedical.com/insurance/qualify
Massachusetts,MA,South Central Preferred,Motif Medical,https://motifmedical.com/insurance/qualify
Massachusetts,MA,Starmark,Motif Medical,https://motifmedical.com/insurance/qualify
Massachusetts,MA,The American Worker,Motif Medical,https://motifmedical.com/insurance/qualify
Massachusetts,MA,The American Worker (f.k.a Century Healthcare),Motif Medical,https://motifmedical.com/insurance/qualify
Massachusetts,MA,The Empire Plan,Motif Medical,https://motifmedical.com/insurance/qualify
Massachusetts,MA,The Health Plan,Motif Medical,https://motifmedical.com/insurance/qualify
Massachusetts,MA,Tricare,Motif Medical,https://motifmedical.com/insurance/qualify
Massachusetts,MA,TriCare – East Region,Motif Medical,https://motifmedical.com/insurance/qualify
Massachusetts,MA,Tricare East,Motif Medical,https://motifmedical.com/insurance/qualify
Massachusetts,MA,Tricare Overseas,Motif Medical,https://motifmedical.com/insurance/qualify
Massachusetts,MA,Trilogy,Motif Medical,https://motifmedical.com/insurance/qualify
Massachusetts,MA,TRPN,Motif Medical,https://motifmedical.com/insurance/qualify
Massachusetts,MA,Trustmark,Motif Medical,https://motifmedical.com/insurance/qualify
Massachusetts,MA,Tufts Health Plan,Motif Medical,https://motifmedical.com/insurance/qualify
Massachusetts,MA,Tufts Health Plan MA - Commercial,Motif Medical,https://motifmedical.com/insurance/qualify
Massachusetts,MA,Ucare,Motif Medical,https://motifmedical.com/insurance/qualify
Massachusetts,MA,UHC ALL SAVERS,Motif Medical,https://motifmedical.com/insurance/qualify
Massachusetts,MA,UHC SHARED SERVICES,Motif Medical,https://motifmedical.com/insurance/qualify
Massachusetts,MA,UHC STUDENT RESOURCES,Motif Medical,https://motifmedical.com/insurance/qualify
Massachusetts,MA,UHC SUREST,Motif Medical,https://motifmedical.com/insurance/qualify
Massachusetts,MA,UHIS,Motif Medical,https://motifmedical.com/insurance/qualify
Massachusetts,MA,UMR,Motif Medical,https://motifmedical.com/insurance/qualify
Massachusetts,MA,UMWA Health & Retirement Funds,Motif Medical,https://motifmedical.com/insurance/qualify
Massachusetts,MA,Unicare,Motif Medical,https://motifmedical.com/insurance/qualify
Massachusetts,MA,United,Motif Medical,https://motifmedical.com/insurance/qualify
Massachusetts,MA,United Healthcare,Motif Medical,https://motifmedical.com/insurance/qualify
Massachusetts,MA,United Healthcare  Commercial and Medicare,Motif Medical,https://motifmedical.com/insurance/qualify
Massachusetts,MA,United Healthcare All Savers,Motif Medical,https://motifmedical.com/insurance/qualify
Massachusetts,MA,United Healthcare Medicaid,Motif Medical,https://motifmedical.com/insurance/qualify
Massachusetts,MA,United Healthcare Shared Services,Motif Medical,https://motifmedical.com/insurance/qualify
Massachusetts,MA,United Student Resources,Motif Medical,https://motifmedical.com/insurance/qualify
Massachusetts,MA,UnitedHealthcare Community Plan,Motif Medical,https://motifmedical.com/insurance/qualify
Massachusetts,MA,UPMC,Motif Medical,https://motifmedical.com/insurance/qualify
Massachusetts,MA,US Family Health Plan,Motif Medical,https://motifmedical.com/insurance/qualify
Massachusetts,MA,USA MANAGED CARE ORGANIZATIONS,Motif Medical,https://motifmedical.com/insurance/qualify
Massachusetts,MA,Valenz,Motif Medical,https://motifmedical.com/insurance/qualify
Massachusetts,MA,Valenz f.k.a United Claim Solutions (PPO Network),Motif Medical,https://motifmedical.com/insurance/qualify
Massachusetts,MA,WebTPA,Motif Medical,https://motifmedical.com/insurance/qualify
Massachusetts,MA,Wellcare,Motif Medical,https://motifmedical.com/insurance/qualify
Massachusetts,MA,WellFirst Health,Motif Medical,https://motifmedical.com/insurance/qualify
Massachusetts,MA,WellMed,Motif Medical,https://motifmedical.com/insurance/qualify
Massachusetts,MA,World Trade Center,Motif Medical,https://motifmedical.com/insurance/qualify
Massachusetts,MA,Zelis,Motif Medical,https://motifmedical.com/insurance/qualify
Massachusetts,MA,ZENITH ADMIN,Motif Medical,https://motifmedical.com/insurance/qualify
Missouri,MO,A&S Financial,Motif Medical,https://motifmedical.com/insurance/qualify
Missouri,MO,Aetna,Motif Medical,https://motifmedical.com/insurance/qualify
Missouri,MO,Aetna Atlantic Health,Motif Medical,https://motifmedical.com/insurance/qualify
Missouri,MO,Aetna National,Motif Medical,https://motifmedical.com/insurance/qualify
Missouri,MO,Affinity,Motif Medical,https://motifmedical.com/insurance/qualify
Missouri,MO,All Savers Health Plans,Motif Medical,https://motifmedical.com/insurance/qualify
Missouri,MO,Allegiance,Motif Medical,https://motifmedical.com/insurance/qualify
Missouri,MO,Alliant Health,Motif Medical,https://motifmedical.com/insurance/qualify
Missouri,MO,Allied Health Benefits,Motif Medical,https://motifmedical.com/insurance/qualify
Missouri,MO,AllWays Health Partners,Motif Medical,https://motifmedical.com/insurance/qualify
Missouri,MO,Allwell Home State Health Plan,Motif Medical,https://motifmedical.com/insurance/qualify
Missouri,MO,Alternative Insurance Resources,Motif Medical,https://motifmedical.com/insurance/qualify
Missouri,MO,Ambetter,Motif Medical,https://motifmedical.com/insurance/qualify
Missouri,MO,AmeriBen,Motif Medical,https://motifmedical.com/insurance/qualify
Missouri,MO,America's Choice Provider Network,Motif Medical,https://motifmedical.com/insurance/qualify
Missouri,MO,American Health Advantage of Missouri,Motif Medical,https://motifmedical.com/insurance/qualify
Missouri,MO,American Healthcare Alliance,Motif Medical,https://motifmedical.com/insurance/qualify
Missouri,MO,American PPO,Motif Medical,https://motifmedical.com/insurance/qualify
Missouri,MO,"Americo, Medicare Supplement",Motif Medical,https://motifmedical.com/insurance/qualify
Missouri,MO,AmeriGroup,Motif Medical,https://motifmedical.com/insurance/qualify
Missouri,MO,AmeriHealth,Motif Medical,https://motifmedical.com/insurance/qualify
Missouri,MO,Ametros,Motif Medical,https://motifmedical.com/insurance/qualify
Missouri,MO,Anthem BCBCS,Motif Medical,https://motifmedical.com/insurance/qualify
Missouri,MO,Anthem BCBS,Motif Medical,https://motifmedical.com/insurance/qualify
Missouri,MO,Anthem BCBS MO,Motif Medical,https://motifmedical.com/insurance/qualify
Missouri,MO,Anthem Blue Cross Blue Shield,Motif Medical,https://motifmedical.com/insurance/qualify
Missouri,MO,Anthem Medicaid,Motif Medical,https://motifmedical.com/insurance/qualify
Missouri,MO,Arcbest Corporation,Motif Medical,https://motifmedical.com/insurance/qualify
Missouri,MO,ASURIS,Motif Medical,https://motifmedical.com/insurance/qualify
Missouri,MO,Atrio Health Plans,Motif Medical,https://motifmedical.com/insurance/qualify
Missouri,MO,Badger Care,Motif Medical,https://motifmedical.com/insurance/qualify
Missouri,MO,BCBS Kansas City,Motif Medical,https://motifmedical.com/insurance/qualify
Missouri,MO,BCE Emergis,Motif Medical,https://motifmedical.com/insurance/qualify
Missouri,MO,Beacon Health,Motif Medical,https://motifmedical.com/insurance/qualify
Missouri,MO,Beech Street,Motif Medical,https://motifmedical.com/insurance/qualify
Missouri,MO,Benefit Assistance Corp,Motif Medical,https://motifmedical.com/insurance/qualify
Missouri,MO,Benefits Management Services,Motif Medical,https://motifmedical.com/insurance/qualify
Missouri,MO,Blue Benefit Administrators,Motif Medical,https://motifmedical.com/insurance/qualify
Missouri,MO,Blue Cross and Blue Shield of Kansas City,Motif Medical,https://motifmedical.com/insurance/qualify
Missouri,MO,Blue Cross Blue Shield,Motif Medical,https://motifmedical.com/insurance/qualify
Missouri,MO,Blue Cross Blue Shield of Missouri - Anthem Blue Cross Blue Shield,Motif Medical,https://motifmedical.com/insurance/qualify
Missouri,MO,Bluegrass Family Health,Motif Medical,https://motifmedical.com/insurance/qualify
Missouri,MO,BMI Benefits LLC,Motif Medical,https://motifmedical.com/insurance/qualify
Missouri,MO,Boulder Admin,Motif Medical,https://motifmedical.com/insurance/qualify
Missouri,MO,Buckeye Community Health Plan,Motif Medical,https://motifmedical.com/insurance/qualify
Missouri,MO,CareFirst BCBS,Motif Medical,https://motifmedical.com/insurance/qualify
Missouri,MO,Careington International,Motif Medical,https://motifmedical.com/insurance/qualify
Missouri,MO,Caresource,Motif Medical,https://motifmedical.com/insurance/qualify
Missouri,MO,CAREVALENT GILSBAR,Motif Medical,https://motifmedical.com/insurance/qualify
Missouri,MO,Carolina Complete Health Network,Motif Medical,https://motifmedical.com/insurance/qualify
Missouri,MO,Cedar Valley Community Healthcare,Motif Medical,https://motifmedical.com/insurance/qualify
Missouri,MO,Cedar Valley Hospice - Transportation,Motif Medical,https://motifmedical.com/insurance/qualify
Missouri,MO,Centene,Motif Medical,https://motifmedical.com/insurance/qualify
Missouri,MO,Century Health Solutions,Motif Medical,https://motifmedical.com/insurance/qualify
Missouri,MO,Cerner Health Plan,Motif Medical,https://motifmedical.com/insurance/qualify
Missouri,MO,Cerner HealthPlan,Motif Medical,https://motifmedical.com/insurance/qualify
Missouri,MO,CHAMP VA,Motif Medical,https://motifmedical.com/insurance/qualify
Missouri,MO,CHN Solutions,Motif Medical,https://motifmedical.com/insurance/qualify
Missouri,MO,Choice Care Network,Motif Medical,https://motifmedical.com/insurance/qualify
Missouri,MO,Cigna,Motif Medical,https://motifmedical.com/insurance/qualify
Missouri,MO,ClearPrice Networks,Motif Medical,https://motifmedical.com/insurance/qualify
Missouri,MO,CMN Inc. Global,Motif Medical,https://motifmedical.com/insurance/qualify
Missouri,MO,Coastal Care Services,Motif Medical,https://motifmedical.com/insurance/qualify
Missouri,MO,Cofinity Health Benefits,Motif Medical,https://motifmedical.com/insurance/qualify
Missouri,MO,Common Ground Health Care,Motif Medical,https://motifmedical.com/insurance/qualify
Missouri,MO,Commonwealth Care Alliance,Motif Medical,https://motifmedical.com/insurance/qualify
Missouri,MO,Community Care,Motif Medical,https://motifmedical.com/insurance/qualify
Missouri,MO,Community Health Options,Motif Medical,https://motifmedical.com/insurance/qualify
Missouri,MO,Compass Rose Health Plan,Motif Medical,https://motifmedical.com/insurance/qualify
Missouri,MO,CompDME,Motif Medical,https://motifmedical.com/insurance/qualify
Missouri,MO,Connecticare,Motif Medical,https://motifmedical.com/insurance/qualify
Missouri,MO,CONSOCIATE CARE,Motif Medical,https://motifmedical.com/insurance/qualify
Missouri,MO,Consociate Health,Motif Medical,https://motifmedical.com/insurance/qualify
Missouri,MO,Continental Benefits,Motif Medical,https://motifmedical.com/insurance/qualify
Missouri,MO,Cook County Health Plan,Motif Medical,https://motifmedical.com/insurance/qualify
Missouri,MO,CoreSource,Motif Medical,https://motifmedical.com/insurance/qualify
Missouri,MO,Coventry Health Care,Motif Medical,https://motifmedical.com/insurance/qualify
Missouri,MO,CuraeChoice,Motif Medical,https://motifmedical.com/insurance/qualify
Missouri,MO,DBL Services,Motif Medical,https://motifmedical.com/insurance/qualify
Missouri,MO,Delta Health Systems,Motif Medical,https://motifmedical.com/insurance/qualify
Missouri,MO,Deseret Mutual Benefit Administrators,Motif Medical,https://motifmedical.com/insurance/qualify
Missouri,MO,Eagle Health Plan,Motif Medical,https://motifmedical.com/insurance/qualify
Missouri,MO,EBMS,Motif Medical,https://motifmedical.com/insurance/qualify
Missouri,MO,EBPA,Motif Medical,https://motifmedical.com/insurance/qualify
Missouri,MO,Emblem Health,Motif Medical,https://motifmedical.com/insurance/qualify
Missouri,MO,Employers Health Network,Motif Medical,https://motifmedical.com/insurance/qualify
Missouri,MO,Essence Healthcare,Motif Medical,https://motifmedical.com/insurance/qualify
Missouri,MO,Exceedent,Motif Medical,https://motifmedical.com/insurance/qualify
Missouri,MO,Exclusive Choice/SSM Managed Care,Motif Medical,https://motifmedical.com/insurance/qualify
Missouri,MO,"Express Scripts, Inc.",Motif Medical,https://motifmedical.com/insurance/qualify
Missouri,MO,Fidelis Care,Motif Medical,https://motifmedical.com/insurance/qualify
Missouri,MO,First Choice Health,Motif Medical,https://motifmedical.com/insurance/qualify
Missouri,MO,Freedom Network,Motif Medical,https://motifmedical.com/insurance/qualify
Missouri,MO,Friday Health Plan,Motif Medical,https://motifmedical.com/insurance/qualify
Missouri,MO,Galaxy Health Network,Motif Medical,https://motifmedical.com/insurance/qualify
Missouri,MO,Gateway Health,Motif Medical,https://motifmedical.com/insurance/qualify
Missouri,MO,GEHA,Motif Medical,https://motifmedical.com/insurance/qualify
Missouri,MO,Geisinger,Motif Medical,https://motifmedical.com/insurance/qualify
Missouri,MO,Gilsbar,Motif Medical,https://motifmedical.com/insurance/qualify
Missouri,MO,global excel management,Motif Medical,https://motifmedical.com/insurance/qualify
Missouri,MO,group health benefits,Motif Medical,https://motifmedical.com/insurance/qualify
Missouri,MO,Group Health Eau Claire,Motif Medical,https://motifmedical.com/insurance/qualify
Missouri,MO,Harbor Health Plan,Motif Medical,https://motifmedical.com/insurance/qualify
Missouri,MO,Harvard Pilgrim,Motif Medical,https://motifmedical.com/insurance/qualify
Missouri,MO,Health Care Partners,Motif Medical,https://motifmedical.com/insurance/qualify
Missouri,MO,health eos,Motif Medical,https://motifmedical.com/insurance/qualify
Missouri,MO,Health EZ,Motif Medical,https://motifmedical.com/insurance/qualify
Missouri,MO,Health Net,Motif Medical,https://motifmedical.com/insurance/qualify
Missouri,MO,Health New England,Motif Medical,https://motifmedical.com/insurance/qualify
Missouri,MO,Health Options,Motif Medical,https://motifmedical.com/insurance/qualify
Missouri,MO,Health Partners,Motif Medical,https://motifmedical.com/insurance/qualify
Missouri,MO,Health Payment Systems,Motif Medical,https://motifmedical.com/insurance/qualify
Missouri,MO,Health Plan Services,Motif Medical,https://motifmedical.com/insurance/qualify
Missouri,MO,Health Plans Inc,Motif Medical,https://motifmedical.com/insurance/qualify
Missouri,MO,Health Scope,Motif Medical,https://motifmedical.com/insurance/qualify
Missouri,MO,Health Smart,Motif Medical,https://motifmedical.com/insurance/qualify
Missouri,MO,HealthComp,Motif Medical,https://motifmedical.com/insurance/qualify
Missouri,MO,Healthcomp TPA,Motif Medical,https://motifmedical.com/insurance/qualify
Missouri,MO,Healthgram,Motif Medical,https://motifmedical.com/insurance/qualify
Missouri,MO,HealthLink,Motif Medical,https://motifmedical.com/insurance/qualify
Missouri,MO,HealthSmart,Motif Medical,https://motifmedical.com/insurance/qualify
Missouri,MO,"HealthSmart Preferred Care II, LP",Motif Medical,https://motifmedical.com/insurance/qualify
Missouri,MO,HealthSpring,Motif Medical,https://motifmedical.com/insurance/qualify
Missouri,MO,Healthy Blue,Motif Medical,https://motifmedical.com/insurance/qualify
Missouri,MO,HFN,Motif Medical,https://motifmedical.com/insurance/qualify
Missouri,MO,highlands,Motif Medical,https://motifmedical.com/insurance/qualify
Missouri,MO,HMCC,Motif Medical,https://motifmedical.com/insurance/qualify
Missouri,MO,Home State Health,Motif Medical,https://motifmedical.com/insurance/qualify
Missouri,MO,Home State Health Plan (Centene),Motif Medical,https://motifmedical.com/insurance/qualify
Missouri,MO,"Home State Health Plan, Inc.",Motif Medical,https://motifmedical.com/insurance/qualify
Missouri,MO,Homelink,Motif Medical,https://motifmedical.com/insurance/qualify
Missouri,MO,Hudson Health Plan,Motif Medical,https://motifmedical.com/insurance/qualify
Missouri,MO,Humana,Motif Medical,https://motifmedical.com/insurance/qualify
Missouri,MO,Imagine 384,Motif Medical,https://motifmedical.com/insurance/qualify
Missouri,MO,"immergrun, inc.",Motif Medical,https://motifmedical.com/insurance/qualify
Missouri,MO,Independence BCBS,Motif Medical,https://motifmedical.com/insurance/qualify
Missouri,MO,Independent Health,Motif Medical,https://motifmedical.com/insurance/qualify
Missouri,MO,Independent Medical Systems,Motif Medical,https://motifmedical.com/insurance/qualify
Missouri,MO,indequest,Motif Medical,https://motifmedical.com/insurance/qualify
Missouri,MO,Insurance Management Services,Motif Medical,https://motifmedical.com/insurance/qualify
Missouri,MO,Integra,Motif Medical,https://motifmedical.com/insurance/qualify
Missouri,MO,INTotal Health,Motif Medical,https://motifmedical.com/insurance/qualify
Missouri,MO,Iowa Total Care,Motif Medical,https://motifmedical.com/insurance/qualify
Missouri,MO,IPMG,Motif Medical,https://motifmedical.com/insurance/qualify
Missouri,MO,J.P. Farley Corporation,Motif Medical,https://motifmedical.com/insurance/qualify
Missouri,MO,Kansas State Plan,Motif Medical,https://motifmedical.com/insurance/qualify
Missouri,MO,KEENAN & ASSOC,Motif Medical,https://motifmedical.com/insurance/qualify
Missouri,MO,Key Benefit Administrators,Motif Medical,https://motifmedical.com/insurance/qualify
Missouri,MO,Keystone First,Motif Medical,https://motifmedical.com/insurance/qualify
Missouri,MO,lakes area community healthplan,Motif Medical,https://motifmedical.com/insurance/qualify
Missouri,MO,Lucent Health,Motif Medical,https://motifmedical.com/insurance/qualify
Missouri,MO,Luminare,Motif Medical,https://motifmedical.com/insurance/qualify
Missouri,MO,Magellan,Motif Medical,https://motifmedical.com/insurance/qualify
Missouri,MO,Magnacare,Motif Medical,https://motifmedical.com/insurance/qualify
Missouri,MO,Mail Handlers,Motif Medical,https://motifmedical.com/insurance/qualify
Missouri,MO,"Managed Care, Inc dba Galaxy Health Network",Motif Medical,https://motifmedical.com/insurance/qualify
Missouri,MO,Martin's Point,Motif Medical,https://motifmedical.com/insurance/qualify
Missouri,MO,maxor provider network,Motif Medical,https://motifmedical.com/insurance/qualify
Missouri,MO,mcm maxcare ppo,Motif Medical,https://motifmedical.com/insurance/qualify
Missouri,MO,Medcorp Southwest Inc,Motif Medical,https://motifmedical.com/insurance/qualify
Missouri,MO,MedCost,Motif Medical,https://motifmedical.com/insurance/qualify
Missouri,MO,Medi-Share,Motif Medical,https://motifmedical.com/insurance/qualify
Missouri,MO,Medica,Motif Medical,https://motifmedical.com/insurance/qualify
Missouri,MO,Medicaid,Motif Medical,https://motifmedical.com/insurance/qualify
Missouri,MO,"Medical Cost Containment Professionals, LLC (MCCP)",Motif Medical,https://motifmedical.com/insurance/qualify
Missouri,MO,medical resource,Motif Medical,https://motifmedical.com/insurance/qualify
Missouri,MO,Medical Services Management,Motif Medical,https://motifmedical.com/insurance/qualify
Missouri,MO,Medicare,Motif Medical,https://motifmedical.com/insurance/qualify
Missouri,MO,Mercy Health Plan,Motif Medical,https://motifmedical.com/insurance/qualify
Missouri,MO,Meridian Health Plan,Motif Medical,https://motifmedical.com/insurance/qualify
Missouri,MO,Meritain Health,Motif Medical,https://motifmedical.com/insurance/qualify
Missouri,MO,Methodist First Choice,Motif Medical,https://motifmedical.com/insurance/qualify
Missouri,MO,MetroPlus,Motif Medical,https://motifmedical.com/insurance/qualify
Missouri,MO,Midlands Choice,Motif Medical,https://motifmedical.com/insurance/qualify
Missouri,MO,Midwest Health,Motif Medical,https://motifmedical.com/insurance/qualify
Missouri,MO,MissionPoint,Motif Medical,https://motifmedical.com/insurance/qualify
Missouri,MO,Missouri Blue,Motif Medical,https://motifmedical.com/insurance/qualify
Missouri,MO,Moda Health,Motif Medical,https://motifmedical.com/insurance/qualify
Missouri,MO,Molina,Motif Medical,https://motifmedical.com/insurance/qualify
Missouri,MO,Mountain Health CO-OP,Motif Medical,https://motifmedical.com/insurance/qualify
Missouri,MO,Multiplan-PHCS,Motif Medical,https://motifmedical.com/insurance/qualify
Missouri,MO,Mutual Assurance Administrators,Motif Medical,https://motifmedical.com/insurance/qualify
Missouri,MO,National Association of Letter Carriers,Motif Medical,https://motifmedical.com/insurance/qualify
Missouri,MO,National Elevator Industry Health Benefits,Motif Medical,https://motifmedical.com/insurance/qualify
Missouri,MO,NYSHIP,Motif Medical,https://motifmedical.com/insurance/qualify
Missouri,MO,One Homecare Solutions,Motif Medical,https://motifmedical.com/insurance/qualify
Missouri,MO,Onecall,Motif Medical,https://motifmedical.com/insurance/qualify
Missouri,MO,Optum,Motif Medical,https://motifmedical.com/insurance/qualify
Missouri,MO,Oscar,Motif Medical,https://motifmedical.com/insurance/qualify
Missouri,MO,Other,Motif Medical,https://motifmedical.com/insurance/qualify
Missouri,MO,OWCA,Motif Medical,https://motifmedical.com/insurance/qualify
Missouri,MO,Oxford Health Plans,Motif Medical,https://motifmedical.com/insurance/qualify
Missouri,MO,Pacific Source Health Plans,Motif Medical,https://motifmedical.com/insurance/qualify
Missouri,MO,Paradigm,Motif Medical,https://motifmedical.com/insurance/qualify
Missouri,MO,Performance Health,Motif Medical,https://motifmedical.com/insurance/qualify
Missouri,MO,Piedmont Healthcare,Motif Medical,https://motifmedical.com/insurance/qualify
Missouri,MO,Pinnacle Assurance,Motif Medical,https://motifmedical.com/insurance/qualify
Missouri,MO,Porter County Government Employee Benefits,Motif Medical,https://motifmedical.com/insurance/qualify
Missouri,MO,PPO Plus,Motif Medical,https://motifmedical.com/insurance/qualify
Missouri,MO,Prairie States,Motif Medical,https://motifmedical.com/insurance/qualify
Missouri,MO,Preferred Health Plan,Motif Medical,https://motifmedical.com/insurance/qualify
Missouri,MO,Preferred Health Professionals,Motif Medical,https://motifmedical.com/insurance/qualify
Missouri,MO,Preferred Medical Network,Motif Medical,https://motifmedical.com/insurance/qualify
Missouri,MO,Preferred One,Motif Medical,https://motifmedical.com/insurance/qualify
Missouri,MO,Presbyterian Health Plan,Motif Medical,https://motifmedical.com/insurance/qualify
Missouri,MO,Priority Health,Motif Medical,https://motifmedical.com/insurance/qualify
Missouri,MO,PROVIDENCE HEALTH,Motif Medical,https://motifmedical.com/insurance/qualify
Missouri,MO,Provider Network of America,Motif Medical,https://motifmedical.com/insurance/qualify
Missouri,MO,QualChoice,Motif Medical,https://motifmedical.com/insurance/qualify
Missouri,MO,Quartz,Motif Medical,https://motifmedical.com/insurance/qualify
Missouri,MO,Reserve National Insurance Company,Motif Medical,https://motifmedical.com/insurance/qualify
Missouri,MO,ResourceOne Administrators,Motif Medical,https://motifmedical.com/insurance/qualify
Missouri,MO,S & S Health,Motif Medical,https://motifmedical.com/insurance/qualify
Missouri,MO,Samaritan,Motif Medical,https://motifmedical.com/insurance/qualify
Missouri,MO,Sana Benefits,Motif Medical,https://motifmedical.com/insurance/qualify
Missouri,MO,Sanford Health Plan,Motif Medical,https://motifmedical.com/insurance/qualify
Missouri,MO,Scott & White Health Plan,Motif Medical,https://motifmedical.com/insurance/qualify
Missouri,MO,Sedgwick,Motif Medical,https://motifmedical.com/insurance/qualify
Missouri,MO,Select Administrative Services,Motif Medical,https://motifmedical.com/insurance/qualify
Missouri,MO,Self Insured Services Company,Motif Medical,https://motifmedical.com/insurance/qualify
Missouri,MO,Sentara Health Plans,Motif Medical,https://motifmedical.com/insurance/qualify
Missouri,MO,Sentry Insurance,Motif Medical,https://motifmedical.com/insurance/qualify
Missouri,MO,SIHO,Motif Medical,https://motifmedical.com/insurance/qualify
Missouri,MO,SIX DEGREES HEALTH,Motif Medical,https://motifmedical.com/insurance/qualify
Missouri,MO,SmartHealth,Motif Medical,https://motifmedical.com/insurance/qualify
Missouri,MO,SMS National,Motif Medical,https://motifmedical.com/insurance/qualify
Missouri,MO,Sound Health and Wellness,Motif Medical,https://motifmedical.com/insurance/qualify
Missouri,MO,South Central Preferred,Motif Medical,https://motifmedical.com/insurance/qualify
Missouri,MO,Starmark,Motif Medical,https://motifmedical.com/insurance/qualify
Missouri,MO,The American Worker (f.k.a Century Healthcare),Motif Medical,https://motifmedical.com/insurance/qualify
Missouri,MO,The Empire Plan,Motif Medical,https://motifmedical.com/insurance/qualify
Missouri,MO,The Health Plan,Motif Medical,https://motifmedical.com/insurance/qualify
Missouri,MO,Tricare,Motif Medical,https://motifmedical.com/insurance/qualify
Missouri,MO,TriCare – East Region,Motif Medical,https://motifmedical.com/insurance/qualify
Missouri,MO,Tricare East,Motif Medical,https://motifmedical.com/insurance/qualify
Missouri,MO,Tricare Overseas,Motif Medical,https://motifmedical.com/insurance/qualify
Missouri,MO,Tricare West,Motif Medical,https://motifmedical.com/insurance/qualify
Missouri,MO,Trilogy,Motif Medical,https://motifmedical.com/insurance/qualify
Missouri,MO,TRPN,Motif Medical,https://motifmedical.com/insurance/qualify
Missouri,MO,Trustmark,Motif Medical,https://motifmedical.com/insurance/qualify
Missouri,MO,Tufts Health Plan,Motif Medical,https://motifmedical.com/insurance/qualify
Missouri,MO,Ucare,Motif Medical,https://motifmedical.com/insurance/qualify
Missouri,MO,UHC ALL SAVERS,Motif Medical,https://motifmedical.com/insurance/qualify
Missouri,MO,UHC SHARED SERVICES,Motif Medical,https://motifmedical.com/insurance/qualify
Missouri,MO,UHC STUDENT RESOURCES,Motif Medical,https://motifmedical.com/insurance/qualify
Missouri,MO,UHC SUREST,Motif Medical,https://motifmedical.com/insurance/qualify
Missouri,MO,UHIS,Motif Medical,https://motifmedical.com/insurance/qualify
Missouri,MO,UMR,Motif Medical,https://motifmedical.com/insurance/qualify
Missouri,MO,UMWA Health & Retirement Funds,Motif Medical,https://motifmedical.com/insurance/qualify
Missouri,MO,Unicare,Motif Medical,https://motifmedical.com/insurance/qualify
Missouri,MO,United,Motif Medical,https://motifmedical.com/insurance/qualify
Missouri,MO,United Healthcare,Motif Medical,https://motifmedical.com/insurance/qualify
Missouri,MO,United Healthcare  Commercial and Medicare,Motif Medical,https://motifmedical.com/insurance/qualify
Missouri,MO,United Healthcare All Savers,Motif Medical,https://motifmedical.com/insurance/qualify
Missouri,MO,United Healthcare Medicaid,Motif Medical,https://motifmedical.com/insurance/qualify
Missouri,MO,United Healthcare Shared Services,Motif Medical,https://motifmedical.com/insurance/qualify
Missouri,MO,United Healthcare StudentResources,Motif Medical,https://motifmedical.com/insurance/qualify
Missouri,MO,United Student Resources,Motif Medical,https://motifmedical.com/insurance/qualify
Missouri,MO,UnitedHealthcare Community Plan,Motif Medical,https://motifmedical.com/insurance/qualify
Missouri,MO,UPMC,Motif Medical,https://motifmedical.com/insurance/qualify
Missouri,MO,US Family Health Plan,Motif Medical,https://motifmedical.com/insurance/qualify
Missouri,MO,USA MANAGED CARE ORGANIZATIONS,Motif Medical,https://motifmedical.com/insurance/qualify
Missouri,MO,Valenz f.k.a United Claim Solutions (PPO Network),Motif Medical,https://motifmedical.com/insurance/qualify
Missouri,MO,WebTPA,Motif Medical,https://motifmedical.com/insurance/qualify
Missouri,MO,Wellcare,Motif Medical,https://motifmedical.com/insurance/qualify
Missouri,MO,WellFirst Health,Motif Medical,https://motifmedical.com/insurance/qualify
Missouri,MO,WellMed,Motif Medical,https://motifmedical.com/insurance/qualify
Missouri,MO,World Trade Center,Motif Medical,https://motifmedical.com/insurance/qualify
Missouri,MO,Zelis,Motif Medical,https://motifmedical.com/insurance/qualify
Missouri,MO,ZENITH ADMIN,Motif Medical,https://motifmedical.com/insurance/qualify
New Jersey,NJ,A&S Financial,Motif Medical,https://motifmedical.com/insurance/qualify
New Jersey,NJ,Access Health Services - TPA,Motif Medical,https://motifmedical.com/insurance/qualify
New Jersey,NJ,Aetna,Motif Medical,https://motifmedical.com/insurance/qualify
New Jersey,NJ,Aetna Atlantic Health,Motif Medical,https://motifmedical.com/insurance/qualify
New Jersey,NJ,Aetna Better Health of New Jersey,Motif Medical,https://motifmedical.com/insurance/qualify
New Jersey,NJ,Aetna National,Motif Medical,https://motifmedical.com/insurance/qualify
New Jersey,NJ,Affinity,Motif Medical,https://motifmedical.com/insurance/qualify
New Jersey,NJ,All Savers Health Plans,Motif Medical,https://motifmedical.com/insurance/qualify
New Jersey,NJ,Allegiance,Motif Medical,https://motifmedical.com/insurance/qualify
New Jersey,NJ,Alliant Health,Motif Medical,https://motifmedical.com/insurance/qualify
New Jersey,NJ,Allied Health Benefits,Motif Medical,https://motifmedical.com/insurance/qualify
New Jersey,NJ,AllWays Health Partners,Motif Medical,https://motifmedical.com/insurance/qualify
New Jersey,NJ,Alternative Insurance Resources,Motif Medical,https://motifmedical.com/insurance/qualify
New Jersey,NJ,Ambetter,Motif Medical,https://motifmedical.com/insurance/qualify
New Jersey,NJ,AmBetter Commercial,Motif Medical,https://motifmedical.com/insurance/qualify
New Jersey,NJ,AmeriBen,Motif Medical,https://motifmedical.com/insurance/qualify
New Jersey,NJ,America's Choice Provider Network,Motif Medical,https://motifmedical.com/insurance/qualify
New Jersey,NJ,American Healthcare Alliance,Motif Medical,https://motifmedical.com/insurance/qualify
New Jersey,NJ,American PPO,Motif Medical,https://motifmedical.com/insurance/qualify
New Jersey,NJ,AmeriChoice,Motif Medical,https://motifmedical.com/insurance/qualify
New Jersey,NJ,AmeriGroup,Motif Medical,https://motifmedical.com/insurance/qualify
New Jersey,NJ,Amerigroup- Wellpoint,Motif Medical,https://motifmedical.com/insurance/qualify
New Jersey,NJ,AmeriHealth,Motif Medical,https://motifmedical.com/insurance/qualify
New Jersey,NJ,Ametros,Motif Medical,https://motifmedical.com/insurance/qualify
New Jersey,NJ,Ancillary Care Services,Motif Medical,https://motifmedical.com/insurance/qualify
New Jersey,NJ,Anthem BCBCS,Motif Medical,https://motifmedical.com/insurance/qualify
New Jersey,NJ,Anthem BCBS,Motif Medical,https://motifmedical.com/insurance/qualify
New Jersey,NJ,Anthem Blue Cross Blue Shield,Motif Medical,https://motifmedical.com/insurance/qualify
New Jersey,NJ,Anthem Medicaid,Motif Medical,https://motifmedical.com/insurance/qualify
New Jersey,NJ,Arcbest Corporation,Motif Medical,https://motifmedical.com/insurance/qualify
New Jersey,NJ,ASURIS,Motif Medical,https://motifmedical.com/insurance/qualify
New Jersey,NJ,Atrio Health Plans,Motif Medical,https://motifmedical.com/insurance/qualify
New Jersey,NJ,Badger Care,Motif Medical,https://motifmedical.com/insurance/qualify
New Jersey,NJ,BCE Emergis,Motif Medical,https://motifmedical.com/insurance/qualify
New Jersey,NJ,Beacon Health,Motif Medical,https://motifmedical.com/insurance/qualify
New Jersey,NJ,Beech Street,Motif Medical,https://motifmedical.com/insurance/qualify
New Jersey,NJ,Benecard PBF,Motif Medical,https://motifmedical.com/insurance/qualify
New Jersey,NJ,Benefit Assistance Corp,Motif Medical,https://motifmedical.com/insurance/qualify
New Jersey,NJ,Blue Benefit Administrators,Motif Medical,https://motifmedical.com/insurance/qualify
New Jersey,NJ,Blue Cross Blue Shield,Motif Medical,https://motifmedical.com/insurance/qualify
New Jersey,NJ,Blue Cross Blue Shield of New Jersey (CareCentrix),Motif Medical,https://motifmedical.com/insurance/qualify
New Jersey,NJ,Bluegrass Family Health,Motif Medical,https://motifmedical.com/insurance/qualify
New Jersey,NJ,BMI Benefits LLC,Motif Medical,https://motifmedical.com/insurance/qualify
New Jersey,NJ,Boulder Admin,Motif Medical,https://motifmedical.com/insurance/qualify
New Jersey,NJ,Buckeye Community Health Plan,Motif Medical,https://motifmedical.com/insurance/qualify
New Jersey,NJ,Care Improvement Plus,Motif Medical,https://motifmedical.com/insurance/qualify
New Jersey,NJ,CareFirst BCBS,Motif Medical,https://motifmedical.com/insurance/qualify
New Jersey,NJ,Careington International,Motif Medical,https://motifmedical.com/insurance/qualify
New Jersey,NJ,Caresource,Motif Medical,https://motifmedical.com/insurance/qualify
New Jersey,NJ,CAREVALENT GILSBAR,Motif Medical,https://motifmedical.com/insurance/qualify
New Jersey,NJ,Cedar Valley Community Healthcare,Motif Medical,https://motifmedical.com/insurance/qualify
New Jersey,NJ,Cedar Valley Hospice - Transportation,Motif Medical,https://motifmedical.com/insurance/qualify
New Jersey,NJ,Century Health Solutions,Motif Medical,https://motifmedical.com/insurance/qualify
New Jersey,NJ,Cerner Health Plan,Motif Medical,https://motifmedical.com/insurance/qualify
New Jersey,NJ,CHAMP VA,Motif Medical,https://motifmedical.com/insurance/qualify
New Jersey,NJ,CHN Solutions,Motif Medical,https://motifmedical.com/insurance/qualify
New Jersey,NJ,Choice Care Network,Motif Medical,https://motifmedical.com/insurance/qualify
New Jersey,NJ,Cigna,Motif Medical,https://motifmedical.com/insurance/qualify
New Jersey,NJ,Cigna Medicare of NJ (Mid Atlantic Region) - Medicare Plans Only,Motif Medical,https://motifmedical.com/insurance/qualify
New Jersey,NJ,ClearPrice Networks,Motif Medical,https://motifmedical.com/insurance/qualify
New Jersey,NJ,Clover Health,Motif Medical,https://motifmedical.com/insurance/qualify
New Jersey,NJ,CMN Inc. Global,Motif Medical,https://motifmedical.com/insurance/qualify
New Jersey,NJ,Coastal Care Services,Motif Medical,https://motifmedical.com/insurance/qualify
New Jersey,NJ,Cofinity Health Benefits,Motif Medical,https://motifmedical.com/insurance/qualify
New Jersey,NJ,Common Ground Health Care,Motif Medical,https://motifmedical.com/insurance/qualify
New Jersey,NJ,Commonwealth Care Alliance,Motif Medical,https://motifmedical.com/insurance/qualify
New Jersey,NJ,Community Care,Motif Medical,https://motifmedical.com/insurance/qualify
New Jersey,NJ,Community Health Options,Motif Medical,https://motifmedical.com/insurance/qualify
New Jersey,NJ,Compass Rose Health Plan,Motif Medical,https://motifmedical.com/insurance/qualify
New Jersey,NJ,CompDME,Motif Medical,https://motifmedical.com/insurance/qualify
New Jersey,NJ,Connecticare,Motif Medical,https://motifmedical.com/insurance/qualify
New Jersey,NJ,CONSOCIATE CARE,Motif Medical,https://motifmedical.com/insurance/qualify
New Jersey,NJ,Consumer Health Network,Motif Medical,https://motifmedical.com/insurance/qualify
New Jersey,NJ,Continental Benefits,Motif Medical,https://motifmedical.com/insurance/qualify
New Jersey,NJ,Cook County Health Plan,Motif Medical,https://motifmedical.com/insurance/qualify
New Jersey,NJ,CoreSource,Motif Medical,https://motifmedical.com/insurance/qualify
New Jersey,NJ,Coventry Health Care,Motif Medical,https://motifmedical.com/insurance/qualify
New Jersey,NJ,CuraeChoice,Motif Medical,https://motifmedical.com/insurance/qualify
New Jersey,NJ,Delta Health Systems,Motif Medical,https://motifmedical.com/insurance/qualify
New Jersey,NJ,Deseret Mutual Benefit Administrators,Motif Medical,https://motifmedical.com/insurance/qualify
New Jersey,NJ,Devon Health Services,Motif Medical,https://motifmedical.com/insurance/qualify
New Jersey,NJ,Eagle Health Plan,Motif Medical,https://motifmedical.com/insurance/qualify
New Jersey,NJ,EBMS,Motif Medical,https://motifmedical.com/insurance/qualify
New Jersey,NJ,EBPA,Motif Medical,https://motifmedical.com/insurance/qualify
New Jersey,NJ,Emblem Health,Motif Medical,https://motifmedical.com/insurance/qualify
New Jersey,NJ,Employers Health Network,Motif Medical,https://motifmedical.com/insurance/qualify
New Jersey,NJ,Exceedent,Motif Medical,https://motifmedical.com/insurance/qualify
New Jersey,NJ,Fidelis Care,Motif Medical,https://motifmedical.com/insurance/qualify
New Jersey,NJ,First Choice Health,Motif Medical,https://motifmedical.com/insurance/qualify
New Jersey,NJ,First MCO New Jersey,Motif Medical,https://motifmedical.com/insurance/qualify
New Jersey,NJ,Friday Health Plan,Motif Medical,https://motifmedical.com/insurance/qualify
New Jersey,NJ,Galaxy Health Network,Motif Medical,https://motifmedical.com/insurance/qualify
New Jersey,NJ,Gateway Health,Motif Medical,https://motifmedical.com/insurance/qualify
New Jersey,NJ,GEHA,Motif Medical,https://motifmedical.com/insurance/qualify
New Jersey,NJ,Geisinger,Motif Medical,https://motifmedical.com/insurance/qualify
New Jersey,NJ,Gilsbar,Motif Medical,https://motifmedical.com/insurance/qualify
New Jersey,NJ,global excel management,Motif Medical,https://motifmedical.com/insurance/qualify
New Jersey,NJ,group health benefits,Motif Medical,https://motifmedical.com/insurance/qualify
New Jersey,NJ,Group Health Eau Claire,Motif Medical,https://motifmedical.com/insurance/qualify
New Jersey,NJ,Harbor Health Plan,Motif Medical,https://motifmedical.com/insurance/qualify
New Jersey,NJ,Harvard Pilgrim,Motif Medical,https://motifmedical.com/insurance/qualify
New Jersey,NJ,Health Care Partners,Motif Medical,https://motifmedical.com/insurance/qualify
New Jersey,NJ,health eos,Motif Medical,https://motifmedical.com/insurance/qualify
New Jersey,NJ,Health EZ,Motif Medical,https://motifmedical.com/insurance/qualify
New Jersey,NJ,Health First,Motif Medical,https://motifmedical.com/insurance/qualify
New Jersey,NJ,Health Network America,Motif Medical,https://motifmedical.com/insurance/qualify
New Jersey,NJ,Health New England,Motif Medical,https://motifmedical.com/insurance/qualify
New Jersey,NJ,Health Options,Motif Medical,https://motifmedical.com/insurance/qualify
New Jersey,NJ,Health Partners,Motif Medical,https://motifmedical.com/insurance/qualify
New Jersey,NJ,Health Payment Systems,Motif Medical,https://motifmedical.com/insurance/qualify
New Jersey,NJ,Health Plan Services,Motif Medical,https://motifmedical.com/insurance/qualify
New Jersey,NJ,Health Plans Inc,Motif Medical,https://motifmedical.com/insurance/qualify
New Jersey,NJ,Health Scope,Motif Medical,https://motifmedical.com/insurance/qualify
New Jersey,NJ,Health Smart,Motif Medical,https://motifmedical.com/insurance/qualify
New Jersey,NJ,HealthComp,Motif Medical,https://motifmedical.com/insurance/qualify
New Jersey,NJ,Healthcomp TPA,Motif Medical,https://motifmedical.com/insurance/qualify
New Jersey,NJ,Healthfirst,Motif Medical,https://motifmedical.com/insurance/qualify
New Jersey,NJ,Healthgram,Motif Medical,https://motifmedical.com/insurance/qualify
New Jersey,NJ,HealthLink,Motif Medical,https://motifmedical.com/insurance/qualify
New Jersey,NJ,HealthSmart,Motif Medical,https://motifmedical.com/insurance/qualify
New Jersey,NJ,"HealthSmart Preferred Care II, LP",Motif Medical,https://motifmedical.com/insurance/qualify
New Jersey,NJ,HFN,Motif Medical,https://motifmedical.com/insurance/qualify
New Jersey,NJ,highlands,Motif Medical,https://motifmedical.com/insurance/qualify
New Jersey,NJ,Highmark BlueCross BlueShield,Motif Medical,https://motifmedical.com/insurance/qualify
New Jersey,NJ,Homelink,Motif Medical,https://motifmedical.com/insurance/qualify
New Jersey,NJ,Horizon BCBS,Motif Medical,https://motifmedical.com/insurance/qualify
New Jersey,NJ,Horizon Bluecross Blueshield,Motif Medical,https://motifmedical.com/insurance/qualify
New Jersey,NJ,Horizon NJ Health,Motif Medical,https://motifmedical.com/insurance/qualify
New Jersey,NJ,Hudson Health Plan,Motif Medical,https://motifmedical.com/insurance/qualify
New Jersey,NJ,Humana,Motif Medical,https://motifmedical.com/insurance/qualify
New Jersey,NJ,Imagine 389,Motif Medical,https://motifmedical.com/insurance/qualify
New Jersey,NJ,"immergrun, inc.",Motif Medical,https://motifmedical.com/insurance/qualify
New Jersey,NJ,Independence BCBS,Motif Medical,https://motifmedical.com/insurance/qualify
New Jersey,NJ,Independence Bluecross,Motif Medical,https://motifmedical.com/insurance/qualify
New Jersey,NJ,Independent Health,Motif Medical,https://motifmedical.com/insurance/qualify
New Jersey,NJ,Independent Medical Systems,Motif Medical,https://motifmedical.com/insurance/qualify
New Jersey,NJ,indequest,Motif Medical,https://motifmedical.com/insurance/qualify
New Jersey,NJ,INS ADMIN AMERC,Motif Medical,https://motifmedical.com/insurance/qualify
New Jersey,NJ,Insurance Administrators of America,Motif Medical,https://motifmedical.com/insurance/qualify
New Jersey,NJ,Insurance Management Services,Motif Medical,https://motifmedical.com/insurance/qualify
New Jersey,NJ,Integra,Motif Medical,https://motifmedical.com/insurance/qualify
New Jersey,NJ,INTotal Health,Motif Medical,https://motifmedical.com/insurance/qualify
New Jersey,NJ,IPMG,Motif Medical,https://motifmedical.com/insurance/qualify
New Jersey,NJ,J.P. Farley Corporation,Motif Medical,https://motifmedical.com/insurance/qualify
New Jersey,NJ,Key Benefit Administrators,Motif Medical,https://motifmedical.com/insurance/qualify
New Jersey,NJ,Keystone First,Motif Medical,https://motifmedical.com/insurance/qualify
New Jersey,NJ,lakes area community healthplan,Motif Medical,https://motifmedical.com/insurance/qualify
New Jersey,NJ,Lasso Healthcare,Motif Medical,https://motifmedical.com/insurance/qualify
New Jersey,NJ,Longevity Health Plan,Motif Medical,https://motifmedical.com/insurance/qualify
New Jersey,NJ,Lucent Health,Motif Medical,https://motifmedical.com/insurance/qualify
New Jersey,NJ,Magellan,Motif Medical,https://motifmedical.com/insurance/qualify
New Jersey,NJ,Magnacare,Motif Medical,https://motifmedical.com/insurance/qualify
New Jersey,NJ,Mail Handlers,Motif Medical,https://motifmedical.com/insurance/qualify
New Jersey,NJ,"Managed Benefit Plans, Inc.",Motif Medical,https://motifmedical.com/insurance/qualify
New Jersey,NJ,"Managed Care, Inc dba Galaxy Health Network",Motif Medical,https://motifmedical.com/insurance/qualify
New Jersey,NJ,Martin's Point,Motif Medical,https://motifmedical.com/insurance/qualify
New Jersey,NJ,maxor provider network,Motif Medical,https://motifmedical.com/insurance/qualify
New Jersey,NJ,mcm maxcare ppo,Motif Medical,https://motifmedical.com/insurance/qualify
New Jersey,NJ,Medcorp Southwest Inc,Motif Medical,https://motifmedical.com/insurance/qualify
New Jersey,NJ,MedCost,Motif Medical,https://motifmedical.com/insurance/qualify
New Jersey,NJ,Medi-Share,Motif Medical,https://motifmedical.com/insurance/qualify
New Jersey,NJ,Medica,Motif Medical,https://motifmedical.com/insurance/qualify
New Jersey,NJ,Medicaid,Motif Medical,https://motifmedical.com/insurance/qualify
New Jersey,NJ,Medicaid of New Jersey,Motif Medical,https://motifmedical.com/insurance/qualify
New Jersey,NJ,"Medical Cost Containment Professionals, LLC (MCCP)",Motif Medical,https://motifmedical.com/insurance/qualify
New Jersey,NJ,medical resource,Motif Medical,https://motifmedical.com/insurance/qualify
New Jersey,NJ,Medicare,Motif Medical,https://motifmedical.com/insurance/qualify
New Jersey,NJ,Meridian Health Plan,Motif Medical,https://motifmedical.com/insurance/qualify
New Jersey,NJ,Meritain Health,Motif Medical,https://motifmedical.com/insurance/qualify
New Jersey,NJ,Methodist First Choice,Motif Medical,https://motifmedical.com/insurance/qualify
New Jersey,NJ,MetroPlus,Motif Medical,https://motifmedical.com/insurance/qualify
New Jersey,NJ,Midlands Choice,Motif Medical,https://motifmedical.com/insurance/qualify
New Jersey,NJ,Midwest Health,Motif Medical,https://motifmedical.com/insurance/qualify
New Jersey,NJ,MissionPoint,Motif Medical,https://motifmedical.com/insurance/qualify
New Jersey,NJ,Moda Health,Motif Medical,https://motifmedical.com/insurance/qualify
New Jersey,NJ,Molina,Motif Medical,https://motifmedical.com/insurance/qualify
New Jersey,NJ,Mountain Health CO-OP,Motif Medical,https://motifmedical.com/insurance/qualify
New Jersey,NJ,MSH International,Motif Medical,https://motifmedical.com/insurance/qualify
New Jersey,NJ,Multiplan-PHCS,Motif Medical,https://motifmedical.com/insurance/qualify
New Jersey,NJ,Mutual Assurance Administrators,Motif Medical,https://motifmedical.com/insurance/qualify
New Jersey,NJ,National Association of Letter Carriers,Motif Medical,https://motifmedical.com/insurance/qualify
New Jersey,NJ,National Elevator Industry Health Benefits,Motif Medical,https://motifmedical.com/insurance/qualify
New Jersey,NJ,National Provider Network,Motif Medical,https://motifmedical.com/insurance/qualify
New Jersey,NJ,New Jersey Blue Cross Blue Shield - CareCentrix,Motif Medical,https://motifmedical.com/insurance/qualify
New Jersey,NJ,Newark Insurance,Motif Medical,https://motifmedical.com/insurance/qualify
New Jersey,NJ,Northwell Direct,Motif Medical,https://motifmedical.com/insurance/qualify
New Jersey,NJ,NYSHIP,Motif Medical,https://motifmedical.com/insurance/qualify
New Jersey,NJ,One Homecare Solutions,Motif Medical,https://motifmedical.com/insurance/qualify
New Jersey,NJ,Onecall,Motif Medical,https://motifmedical.com/insurance/qualify
New Jersey,NJ,Optum,Motif Medical,https://motifmedical.com/insurance/qualify
New Jersey,NJ,Other,Motif Medical,https://motifmedical.com/insurance/qualify
New Jersey,NJ,OWCA,Motif Medical,https://motifmedical.com/insurance/qualify
New Jersey,NJ,Oxford Health Plans,Motif Medical,https://motifmedical.com/insurance/qualify
New Jersey,NJ,Pacific Source Health Plans,Motif Medical,https://motifmedical.com/insurance/qualify
New Jersey,NJ,Paradigm,Motif Medical,https://motifmedical.com/insurance/qualify
New Jersey,NJ,Performance Health,Motif Medical,https://motifmedical.com/insurance/qualify
New Jersey,NJ,Piedmont Healthcare,Motif Medical,https://motifmedical.com/insurance/qualify
New Jersey,NJ,Pinnacle Assurance,Motif Medical,https://motifmedical.com/insurance/qualify
New Jersey,NJ,Plymouth Rock,Motif Medical,https://motifmedical.com/insurance/qualify
New Jersey,NJ,Porter County Government Employee Benefits,Motif Medical,https://motifmedical.com/insurance/qualify
New Jersey,NJ,PPO Plus,Motif Medical,https://motifmedical.com/insurance/qualify
New Jersey,NJ,Prairie States,Motif Medical,https://motifmedical.com/insurance/qualify
New Jersey,NJ,Preferred Health Professionals,Motif Medical,https://motifmedical.com/insurance/qualify
New Jersey,NJ,Preferred Medical Network,Motif Medical,https://motifmedical.com/insurance/qualify
New Jersey,NJ,Preferred One,Motif Medical,https://motifmedical.com/insurance/qualify
New Jersey,NJ,Presbyterian Health Plan,Motif Medical,https://motifmedical.com/insurance/qualify
New Jersey,NJ,Priority Health,Motif Medical,https://motifmedical.com/insurance/qualify
New Jersey,NJ,PROVIDENCE HEALTH,Motif Medical,https://motifmedical.com/insurance/qualify
New Jersey,NJ,Provider Network of America,Motif Medical,https://motifmedical.com/insurance/qualify
New Jersey,NJ,QualCare,Motif Medical,https://motifmedical.com/insurance/qualify
New Jersey,NJ,QualChoice,Motif Medical,https://motifmedical.com/insurance/qualify
New Jersey,NJ,Quartz,Motif Medical,https://motifmedical.com/insurance/qualify
New Jersey,NJ,Reserve National Insurance Company,Motif Medical,https://motifmedical.com/insurance/qualify
New Jersey,NJ,ResourceOne Administrators,Motif Medical,https://motifmedical.com/insurance/qualify
New Jersey,NJ,S & S Health,Motif Medical,https://motifmedical.com/insurance/qualify
New Jersey,NJ,Samaritan,Motif Medical,https://motifmedical.com/insurance/qualify
New Jersey,NJ,Sana Benefits,Motif Medical,https://motifmedical.com/insurance/qualify
New Jersey,NJ,Sanford Health Plan,Motif Medical,https://motifmedical.com/insurance/qualify
New Jersey,NJ,Scott & White Health Plan,Motif Medical,https://motifmedical.com/insurance/qualify
New Jersey,NJ,Sedgwick,Motif Medical,https://motifmedical.com/insurance/qualify
New Jersey,NJ,Select Administrative Services,Motif Medical,https://motifmedical.com/insurance/qualify
New Jersey,NJ,Self Insured Services Company,Motif Medical,https://motifmedical.com/insurance/qualify
New Jersey,NJ,Sentara Health Plans,Motif Medical,https://motifmedical.com/insurance/qualify
New Jersey,NJ,Sentry Insurance,Motif Medical,https://motifmedical.com/insurance/qualify
New Jersey,NJ,SIHO,Motif Medical,https://motifmedical.com/insurance/qualify
New Jersey,NJ,SIX DEGREES HEALTH,Motif Medical,https://motifmedical.com/insurance/qualify
New Jersey,NJ,SmartHealth,Motif Medical,https://motifmedical.com/insurance/qualify
New Jersey,NJ,SMS National,Motif Medical,https://motifmedical.com/insurance/qualify
New Jersey,NJ,Sound Health and Wellness,Motif Medical,https://motifmedical.com/insurance/qualify
New Jersey,NJ,South Central Preferred,Motif Medical,https://motifmedical.com/insurance/qualify
New Jersey,NJ,South Jersey PPO,Motif Medical,https://motifmedical.com/insurance/qualify
New Jersey,NJ,Starmark,Motif Medical,https://motifmedical.com/insurance/qualify
New Jersey,NJ,The American Worker,Motif Medical,https://motifmedical.com/insurance/qualify
New Jersey,NJ,The American Worker (f.k.a Century Healthcare),Motif Medical,https://motifmedical.com/insurance/qualify
New Jersey,NJ,The Empire Plan,Motif Medical,https://motifmedical.com/insurance/qualify
New Jersey,NJ,The Health Plan,Motif Medical,https://motifmedical.com/insurance/qualify
New Jersey,NJ,Tricare,Motif Medical,https://motifmedical.com/insurance/qualify
New Jersey,NJ,TriCare – East Region,Motif Medical,https://motifmedical.com/insurance/qualify
New Jersey,NJ,Tricare East,Motif Medical,https://motifmedical.com/insurance/qualify
New Jersey,NJ,Tricare Overseas,Motif Medical,https://motifmedical.com/insurance/qualify
New Jersey,NJ,Trilogy,Motif Medical,https://motifmedical.com/insurance/qualify
New Jersey,NJ,TRPN,Motif Medical,https://motifmedical.com/insurance/qualify
New Jersey,NJ,Trustmark,Motif Medical,https://motifmedical.com/insurance/qualify
New Jersey,NJ,Tufts Health Plan,Motif Medical,https://motifmedical.com/insurance/qualify
New Jersey,NJ,Ucare,Motif Medical,https://motifmedical.com/insurance/qualify
New Jersey,NJ,UHC ALL SAVERS,Motif Medical,https://motifmedical.com/insurance/qualify
New Jersey,NJ,UHC SHARED SERVICES,Motif Medical,https://motifmedical.com/insurance/qualify
New Jersey,NJ,UHC STUDENT RESOURCES,Motif Medical,https://motifmedical.com/insurance/qualify
New Jersey,NJ,UHC SUREST,Motif Medical,https://motifmedical.com/insurance/qualify
New Jersey,NJ,UHIS,Motif Medical,https://motifmedical.com/insurance/qualify
New Jersey,NJ,UMR,Motif Medical,https://motifmedical.com/insurance/qualify
New Jersey,NJ,UMWA Health & Retirement Funds,Motif Medical,https://motifmedical.com/insurance/qualify
New Jersey,NJ,Unicare,Motif Medical,https://motifmedical.com/insurance/qualify
New Jersey,NJ,United,Motif Medical,https://motifmedical.com/insurance/qualify
New Jersey,NJ,United Healthcare,Motif Medical,https://motifmedical.com/insurance/qualify
New Jersey,NJ,United Healthcare  Commercial and Medicare,Motif Medical,https://motifmedical.com/insurance/qualify
New Jersey,NJ,United Healthcare All Savers,Motif Medical,https://motifmedical.com/insurance/qualify
New Jersey,NJ,United Healthcare Medicaid,Motif Medical,https://motifmedical.com/insurance/qualify
New Jersey,NJ,United Healthcare Shared Services,Motif Medical,https://motifmedical.com/insurance/qualify
New Jersey,NJ,United Healthcare StudentResources,Motif Medical,https://motifmedical.com/insurance/qualify
New Jersey,NJ,United Student Resources,Motif Medical,https://motifmedical.com/insurance/qualify
New Jersey,NJ,UnitedHealthcare Community Plan,Motif Medical,https://motifmedical.com/insurance/qualify
New Jersey,NJ,UPMC,Motif Medical,https://motifmedical.com/insurance/qualify
New Jersey,NJ,USA MANAGED CARE ORGANIZATIONS,Motif Medical,https://motifmedical.com/insurance/qualify
New Jersey,NJ,Valenz,Motif Medical,https://motifmedical.com/insurance/qualify
New Jersey,NJ,Valenz f.k.a United Claim Solutions (PPO Network),Motif Medical,https://motifmedical.com/insurance/qualify
New Jersey,NJ,WebTPA,Motif Medical,https://motifmedical.com/insurance/qualify
New Jersey,NJ,Wellcare,Motif Medical,https://motifmedical.com/insurance/qualify
New Jersey,NJ,WellFirst Health,Motif Medical,https://motifmedical.com/insurance/qualify
New Jersey,NJ,WellMed,Motif Medical,https://motifmedical.com/insurance/qualify
New Jersey,NJ,Wellpoint,Motif Medical,https://motifmedical.com/insurance/qualify
New Jersey,NJ,World Trade Center,Motif Medical,https://motifmedical.com/insurance/qualify
New Jersey,NJ,Zelis,Motif Medical,https://motifmedical.com/insurance/qualify
New Jersey,NJ,ZENITH ADMIN,Motif Medical,https://motifmedical.com/insurance/qualify
New York,NY,1199 SEIU Benefit,Motif Medical,https://motifmedical.com/insurance/qualify
New York,NY,A&S Financial,Motif Medical,https://motifmedical.com/insurance/qualify
New York,NY,Access Health Services - TPA,Motif Medical,https://motifmedical.com/insurance/qualify
New York,NY,Aetna,Motif Medical,https://motifmedical.com/insurance/qualify
New York,NY,Aetna Atlantic Health,Motif Medical,https://motifmedical.com/insurance/qualify
New York,NY,Aetna National,Motif Medical,https://motifmedical.com/insurance/qualify
New York,NY,Affinity,Motif Medical,https://motifmedical.com/insurance/qualify
New York,NY,Agelity Pharmacy Services,Motif Medical,https://motifmedical.com/insurance/qualify
New York,NY,Agewell,Motif Medical,https://motifmedical.com/insurance/qualify
New York,NY,All Savers Health Plans,Motif Medical,https://motifmedical.com/insurance/qualify
New York,NY,Allegiance,Motif Medical,https://motifmedical.com/insurance/qualify
New York,NY,Alliant Health,Motif Medical,https://motifmedical.com/insurance/qualify
New York,NY,Allied Health Benefits,Motif Medical,https://motifmedical.com/insurance/qualify
New York,NY,AllWays Health Partners,Motif Medical,https://motifmedical.com/insurance/qualify
New York,NY,Alternative Insurance Resources,Motif Medical,https://motifmedical.com/insurance/qualify
New York,NY,Amalgamated Life and Health Alicare,Motif Medical,https://motifmedical.com/insurance/qualify
New York,NY,Ambetter,Motif Medical,https://motifmedical.com/insurance/qualify
New York,NY,AmeriBen,Motif Medical,https://motifmedical.com/insurance/qualify
New York,NY,America's Choice Provider Network,Motif Medical,https://motifmedical.com/insurance/qualify
New York,NY,American Cancer Society,Motif Medical,https://motifmedical.com/insurance/qualify
New York,NY,American Healthcare Alliance,Motif Medical,https://motifmedical.com/insurance/qualify
New York,NY,American PPO,Motif Medical,https://motifmedical.com/insurance/qualify
New York,NY,AmeriGroup,Motif Medical,https://motifmedical.com/insurance/qualify
New York,NY,AmeriHealth,Motif Medical,https://motifmedical.com/insurance/qualify
New York,NY,Ametros,Motif Medical,https://motifmedical.com/insurance/qualify
New York,NY,Amidacare,Motif Medical,https://motifmedical.com/insurance/qualify
New York,NY,Ancillary Care Services,Motif Medical,https://motifmedical.com/insurance/qualify
New York,NY,Anthem BCBCS,Motif Medical,https://motifmedical.com/insurance/qualify
New York,NY,Anthem BCBS,Motif Medical,https://motifmedical.com/insurance/qualify
New York,NY,Anthem BCBS of New York,Motif Medical,https://motifmedical.com/insurance/qualify
New York,NY,Anthem Blue Cross Blue Shield,Motif Medical,https://motifmedical.com/insurance/qualify
New York,NY,Anthem Empire BCBS,Motif Medical,https://motifmedical.com/insurance/qualify
New York,NY,Anthem Medicaid,Motif Medical,https://motifmedical.com/insurance/qualify
New York,NY,APA Partners,Motif Medical,https://motifmedical.com/insurance/qualify
New York,NY,Arcbest Corporation,Motif Medical,https://motifmedical.com/insurance/qualify
New York,NY,ArchCare,Motif Medical,https://motifmedical.com/insurance/qualify
New York,NY,ASURIS,Motif Medical,https://motifmedical.com/insurance/qualify
New York,NY,Atlantis Health Plan,Motif Medical,https://motifmedical.com/insurance/qualify
New York,NY,Atrio Health Plans,Motif Medical,https://motifmedical.com/insurance/qualify
New York,NY,Badger Care,Motif Medical,https://motifmedical.com/insurance/qualify
New York,NY,BCE Emergis,Motif Medical,https://motifmedical.com/insurance/qualify
New York,NY,Beacon Health,Motif Medical,https://motifmedical.com/insurance/qualify
New York,NY,Beech Street,Motif Medical,https://motifmedical.com/insurance/qualify
New York,NY,Benefit Assistance Corp,Motif Medical,https://motifmedical.com/insurance/qualify
New York,NY,Blue Benefit Administrators,Motif Medical,https://motifmedical.com/insurance/qualify
New York,NY,Blue Cross Blue Shield,Motif Medical,https://motifmedical.com/insurance/qualify
New York,NY,Blue Cross Blue Shield of New York - Northeastern,Motif Medical,https://motifmedical.com/insurance/qualify
New York,NY,Blue Cross Blue Shield of New York - Western,Motif Medical,https://motifmedical.com/insurance/qualify
New York,NY,Blue Cross Empire NY,Motif Medical,https://motifmedical.com/insurance/qualify
New York,NY,Blue Shield Western New York,Motif Medical,https://motifmedical.com/insurance/qualify
New York,NY,BlueCross BlueShield of Western New York,Motif Medical,https://motifmedical.com/insurance/qualify
New York,NY,Bluegrass Family Health,Motif Medical,https://motifmedical.com/insurance/qualify
New York,NY,BlueShield of Northeastern New York,Motif Medical,https://motifmedical.com/insurance/qualify
New York,NY,BMI Benefits LLC,Motif Medical,https://motifmedical.com/insurance/qualify
New York,NY,Boulder Admin,Motif Medical,https://motifmedical.com/insurance/qualify
New York,NY,Bridgeway Health Solutions,Motif Medical,https://motifmedical.com/insurance/qualify
New York,NY,Bright Advantage,Motif Medical,https://motifmedical.com/insurance/qualify
New York,NY,Bright Health,Motif Medical,https://motifmedical.com/insurance/qualify
New York,NY,Broward Health,Motif Medical,https://motifmedical.com/insurance/qualify
New York,NY,Buckeye Community Health Plan,Motif Medical,https://motifmedical.com/insurance/qualify
New York,NY,CareConnect,Motif Medical,https://motifmedical.com/insurance/qualify
New York,NY,CareFirst BCBS,Motif Medical,https://motifmedical.com/insurance/qualify
New York,NY,Careington International,Motif Medical,https://motifmedical.com/insurance/qualify
New York,NY,Caresource,Motif Medical,https://motifmedical.com/insurance/qualify
New York,NY,CAREVALENT GILSBAR,Motif Medical,https://motifmedical.com/insurance/qualify
New York,NY,CDPHP,Motif Medical,https://motifmedical.com/insurance/qualify
New York,NY,Cedar Valley Community Healthcare,Motif Medical,https://motifmedical.com/insurance/qualify
New York,NY,Cedar Valley Hospice - Transportation,Motif Medical,https://motifmedical.com/insurance/qualify
New York,NY,Centene,Motif Medical,https://motifmedical.com/insurance/qualify
New York,NY,Centerlight,Motif Medical,https://motifmedical.com/insurance/qualify
New York,NY,Centerlite MLTC,Motif Medical,https://motifmedical.com/insurance/qualify
New York,NY,Centers Plan for Healthy Living,Motif Medical,https://motifmedical.com/insurance/qualify
New York,NY,Centivo,Motif Medical,https://motifmedical.com/insurance/qualify
New York,NY,Century Health Solutions,Motif Medical,https://motifmedical.com/insurance/qualify
New York,NY,Cerner Health Plan,Motif Medical,https://motifmedical.com/insurance/qualify
New York,NY,CHAMP VA,Motif Medical,https://motifmedical.com/insurance/qualify
New York,NY,CHN Solutions,Motif Medical,https://motifmedical.com/insurance/qualify
New York,NY,Choice Care Network,Motif Medical,https://motifmedical.com/insurance/qualify
New York,NY,Cigna,Motif Medical,https://motifmedical.com/insurance/qualify
New York,NY,ClearPrice Networks,Motif Medical,https://motifmedical.com/insurance/qualify
New York,NY,CMN Inc. Global,Motif Medical,https://motifmedical.com/insurance/qualify
New York,NY,Coastal Care Services,Motif Medical,https://motifmedical.com/insurance/qualify
New York,NY,Cofinity Health Benefits,Motif Medical,https://motifmedical.com/insurance/qualify
New York,NY,Colonial Penn,Motif Medical,https://motifmedical.com/insurance/qualify
New York,NY,Common Ground Health Care,Motif Medical,https://motifmedical.com/insurance/qualify
New York,NY,Commonwealth Care Alliance,Motif Medical,https://motifmedical.com/insurance/qualify
New York,NY,Community Care,Motif Medical,https://motifmedical.com/insurance/qualify
New York,NY,Community Health Options,Motif Medical,https://motifmedical.com/insurance/qualify
New York,NY,Compass Rose Health Plan,Motif Medical,https://motifmedical.com/insurance/qualify
New York,NY,CompDME,Motif Medical,https://motifmedical.com/insurance/qualify
New York,NY,Comprehensive Benefit,Motif Medical,https://motifmedical.com/insurance/qualify
New York,NY,Confederated Welfare Fund Local 2 - Medical Benefits,Motif Medical,https://motifmedical.com/insurance/qualify
New York,NY,Connecticare,Motif Medical,https://motifmedical.com/insurance/qualify
New York,NY,CONSOCIATE CARE,Motif Medical,https://motifmedical.com/insurance/qualify
New York,NY,Continental Benefits,Motif Medical,https://motifmedical.com/insurance/qualify
New York,NY,Cook County Health Plan,Motif Medical,https://motifmedical.com/insurance/qualify
New York,NY,CoreSource,Motif Medical,https://motifmedical.com/insurance/qualify
New York,NY,Corporate Care Management,Motif Medical,https://motifmedical.com/insurance/qualify
New York,NY,Corvel Corporation,Motif Medical,https://motifmedical.com/insurance/qualify
New York,NY,Coventry Health Care,Motif Medical,https://motifmedical.com/insurance/qualify
New York,NY,Crystal Run,Motif Medical,https://motifmedical.com/insurance/qualify
New York,NY,CuraeChoice,Motif Medical,https://motifmedical.com/insurance/qualify
New York,NY,Delta Health Systems,Motif Medical,https://motifmedical.com/insurance/qualify
New York,NY,Deseret Mutual Benefit Administrators,Motif Medical,https://motifmedical.com/insurance/qualify
New York,NY,District 10 Queens Health Care Facility,Motif Medical,https://motifmedical.com/insurance/qualify
New York,NY,Eagle Health Plan,Motif Medical,https://motifmedical.com/insurance/qualify
New York,NY,EBMS,Motif Medical,https://motifmedical.com/insurance/qualify
New York,NY,EBPA,Motif Medical,https://motifmedical.com/insurance/qualify
New York,NY,Eddy SeniorCare PACE,Motif Medical,https://motifmedical.com/insurance/qualify
New York,NY,Elderwood Health Plan,Motif Medical,https://motifmedical.com/insurance/qualify
New York,NY,Emblem Health,Motif Medical,https://motifmedical.com/insurance/qualify
New York,NY,Empire BCBS,Motif Medical,https://motifmedical.com/insurance/qualify
New York,NY,Empire BCBS NY - Commercial,Motif Medical,https://motifmedical.com/insurance/qualify
New York,NY,EMPIRE HEALTH,Motif Medical,https://motifmedical.com/insurance/qualify
New York,NY,Emplem Health,Motif Medical,https://motifmedical.com/insurance/qualify
New York,NY,Employers Health Network,Motif Medical,https://motifmedical.com/insurance/qualify
New York,NY,EPIC-PART D Insurance Coverage,Motif Medical,https://motifmedical.com/insurance/qualify
New York,NY,Ernst Management,Motif Medical,https://motifmedical.com/insurance/qualify
New York,NY,Evolutions,Motif Medical,https://motifmedical.com/insurance/qualify
New York,NY,Exceedent,Motif Medical,https://motifmedical.com/insurance/qualify
New York,NY,Excellus Blue Cross Blue Shield,Motif Medical,https://motifmedical.com/insurance/qualify
New York,NY,Excellus BlueCross BlueShield,Motif Medical,https://motifmedical.com/insurance/qualify
New York,NY,Extended MLTC,Motif Medical,https://motifmedical.com/insurance/qualify
New York,NY,Fidelis Care,Motif Medical,https://motifmedical.com/insurance/qualify
New York,NY,First Choice Health,Motif Medical,https://motifmedical.com/insurance/qualify
New York,NY,Friday Health Plan,Motif Medical,https://motifmedical.com/insurance/qualify
New York,NY,Galaxy Health Network,Motif Medical,https://motifmedical.com/insurance/qualify
New York,NY,Gateway Health,Motif Medical,https://motifmedical.com/insurance/qualify
New York,NY,Gateway Medical,Motif Medical,https://motifmedical.com/insurance/qualify
New York,NY,GEHA,Motif Medical,https://motifmedical.com/insurance/qualify
New York,NY,Geisinger,Motif Medical,https://motifmedical.com/insurance/qualify
New York,NY,GHI,Motif Medical,https://motifmedical.com/insurance/qualify
New York,NY,GHI NY - Commercial,Motif Medical,https://motifmedical.com/insurance/qualify
New York,NY,Gilsbar,Motif Medical,https://motifmedical.com/insurance/qualify
New York,NY,global excel management,Motif Medical,https://motifmedical.com/insurance/qualify
New York,NY,Globe Life Insurance Co.,Motif Medical,https://motifmedical.com/insurance/qualify
New York,NY,"GPP General Prescription Programs, Inc.",Motif Medical,https://motifmedical.com/insurance/qualify
New York,NY,group health benefits,Motif Medical,https://motifmedical.com/insurance/qualify
New York,NY,Group Health Eau Claire,Motif Medical,https://motifmedical.com/insurance/qualify
New York,NY,Hamaspik,Motif Medical,https://motifmedical.com/insurance/qualify
New York,NY,Hamaspik NY Medicaid,Motif Medical,https://motifmedical.com/insurance/qualify
New York,NY,Harbor Health Plan,Motif Medical,https://motifmedical.com/insurance/qualify
New York,NY,Harvard Pilgrim,Motif Medical,https://motifmedical.com/insurance/qualify
New York,NY,Health Care Partners,Motif Medical,https://motifmedical.com/insurance/qualify
New York,NY,health eos,Motif Medical,https://motifmedical.com/insurance/qualify
New York,NY,Health EZ,Motif Medical,https://motifmedical.com/insurance/qualify
New York,NY,Health First,Motif Medical,https://motifmedical.com/insurance/qualify
New York,NY,Health New England,Motif Medical,https://motifmedical.com/insurance/qualify
New York,NY,Health Options,Motif Medical,https://motifmedical.com/insurance/qualify
New York,NY,Health Partners,Motif Medical,https://motifmedical.com/insurance/qualify
New York,NY,Health Payment Systems,Motif Medical,https://motifmedical.com/insurance/qualify
New York,NY,Health Plan Services,Motif Medical,https://motifmedical.com/insurance/qualify
New York,NY,Health Plans Inc,Motif Medical,https://motifmedical.com/insurance/qualify
New York,NY,Health Scope,Motif Medical,https://motifmedical.com/insurance/qualify
New York,NY,Health Smart,Motif Medical,https://motifmedical.com/insurance/qualify
New York,NY,HealthComp,Motif Medical,https://motifmedical.com/insurance/qualify
New York,NY,Healthcomp TPA,Motif Medical,https://motifmedical.com/insurance/qualify
New York,NY,Healthfirst,Motif Medical,https://motifmedical.com/insurance/qualify
New York,NY,Healthgram,Motif Medical,https://motifmedical.com/insurance/qualify
New York,NY,HealthLink,Motif Medical,https://motifmedical.com/insurance/qualify
New York,NY,Healthnow,Motif Medical,https://motifmedical.com/insurance/qualify
New York,NY,HealthSmart,Motif Medical,https://motifmedical.com/insurance/qualify
New York,NY,"HealthSmart Preferred Care II, LP",Motif Medical,https://motifmedical.com/insurance/qualify
New York,NY,HFN,Motif Medical,https://motifmedical.com/insurance/qualify
New York,NY,highlands,Motif Medical,https://motifmedical.com/insurance/qualify
New York,NY,Highmark BCBS,Motif Medical,https://motifmedical.com/insurance/qualify
New York,NY,Highmark BlueCross BlueShield,Motif Medical,https://motifmedical.com/insurance/qualify
New York,NY,HIP Health Plan of New York Pharmacy Services,Motif Medical,https://motifmedical.com/insurance/qualify
New York,NY,Home Care Alliance of Virginia (HCAV),Motif Medical,https://motifmedical.com/insurance/qualify
New York,NY,Homelink,Motif Medical,https://motifmedical.com/insurance/qualify
New York,NY,Hudson Health Plan,Motif Medical,https://motifmedical.com/insurance/qualify
New York,NY,Humana,Motif Medical,https://motifmedical.com/insurance/qualify
New York,NY,iCircle Care,Motif Medical,https://motifmedical.com/insurance/qualify
New York,NY,Imagine 391,Motif Medical,https://motifmedical.com/insurance/qualify
New York,NY,"immergrun, inc.",Motif Medical,https://motifmedical.com/insurance/qualify
New York,NY,Independence BCBS,Motif Medical,https://motifmedical.com/insurance/qualify
New York,NY,Independent Health,Motif Medical,https://motifmedical.com/insurance/qualify
New York,NY,Independent Health Association,Motif Medical,https://motifmedical.com/insurance/qualify
New York,NY,Independent Health NY - Commercial,Motif Medical,https://motifmedical.com/insurance/qualify
New York,NY,Independent Medical Systems,Motif Medical,https://motifmedical.com/insurance/qualify
New York,NY,indequest,Motif Medical,https://motifmedical.com/insurance/qualify
New York,NY,Insurance Management Services,Motif Medical,https://motifmedical.com/insurance/qualify
New York,NY,Integra,Motif Medical,https://motifmedical.com/insurance/qualify
New York,NY,International Benefits Administrators,Motif Medical,https://motifmedical.com/insurance/qualify
New York,NY,INTotal Health,Motif Medical,https://motifmedical.com/insurance/qualify
New York,NY,IPMG,Motif Medical,https://motifmedical.com/insurance/qualify
New York,NY,Island Group Administrators,Motif Medical,https://motifmedical.com/insurance/qualify
New York,NY,J.P. Farley Corporation,Motif Medical,https://motifmedical.com/insurance/qualify
New York,NY,Kalos Health,Motif Medical,https://motifmedical.com/insurance/qualify
New York,NY,Key Benefit Administrators,Motif Medical,https://motifmedical.com/insurance/qualify
New York,NY,Keystone First,Motif Medical,https://motifmedical.com/insurance/qualify
New York,NY,lakes area community healthplan,Motif Medical,https://motifmedical.com/insurance/qualify
New York,NY,Lasso Healthcare,Motif Medical,https://motifmedical.com/insurance/qualify
New York,NY,Lifetime,Motif Medical,https://motifmedical.com/insurance/qualify
New York,NY,"Local 1 Bricklayers Union, Bricklayers Fringe Benefits Fund Office",Motif Medical,https://motifmedical.com/insurance/qualify
New York,NY,Local 1298 Pharmacy Exception,Motif Medical,https://motifmedical.com/insurance/qualify
New York,NY,Local 15 Welfare Fund of the IUOE,Motif Medical,https://motifmedical.com/insurance/qualify
New York,NY,Local 272 Welfare Fund,Motif Medical,https://motifmedical.com/insurance/qualify
New York,NY,Local 804 Trust Fund,Motif Medical,https://motifmedical.com/insurance/qualify
New York,NY,Longevity Health Plan,Motif Medical,https://motifmedical.com/insurance/qualify
New York,NY,Lucent Health,Motif Medical,https://motifmedical.com/insurance/qualify
New York,NY,Magellan,Motif Medical,https://motifmedical.com/insurance/qualify
New York,NY,Magnacare,Motif Medical,https://motifmedical.com/insurance/qualify
New York,NY,Mail Handlers,Motif Medical,https://motifmedical.com/insurance/qualify
New York,NY,"Managed Care, Inc dba Galaxy Health Network",Motif Medical,https://motifmedical.com/insurance/qualify
New York,NY,Martin's Point,Motif Medical,https://motifmedical.com/insurance/qualify
New York,NY,maxor provider network,Motif Medical,https://motifmedical.com/insurance/qualify
New York,NY,mcm maxcare ppo,Motif Medical,https://motifmedical.com/insurance/qualify
New York,NY,Medcorp Southwest Inc,Motif Medical,https://motifmedical.com/insurance/qualify
New York,NY,MedCost,Motif Medical,https://motifmedical.com/insurance/qualify
New York,NY,Medi-Share,Motif Medical,https://motifmedical.com/insurance/qualify
New York,NY,Medica,Motif Medical,https://motifmedical.com/insurance/qualify
New York,NY,Medicaid,Motif Medical,https://motifmedical.com/insurance/qualify
New York,NY,"Medical Cost Containment Professionals, LLC (MCCP)",Motif Medical,https://motifmedical.com/insurance/qualify
New York,NY,medical resource,Motif Medical,https://motifmedical.com/insurance/qualify
New York,NY,Medicare,Motif Medical,https://motifmedical.com/insurance/qualify
New York,NY,MediGold,Motif Medical,https://motifmedical.com/insurance/qualify
New York,NY,Meridian Health Plan,Motif Medical,https://motifmedical.com/insurance/qualify
New York,NY,Meritain Health,Motif Medical,https://motifmedical.com/insurance/qualify
New York,NY,Methodist First Choice,Motif Medical,https://motifmedical.com/insurance/qualify
New York,NY,MetroPlus,Motif Medical,https://motifmedical.com/insurance/qualify
New York,NY,MetroPlus Health,Motif Medical,https://motifmedical.com/insurance/qualify
New York,NY,Metropolitan Auto No-Fault,Motif Medical,https://motifmedical.com/insurance/qualify
New York,NY,Midlands Choice,Motif Medical,https://motifmedical.com/insurance/qualify
New York,NY,Midwest Health,Motif Medical,https://motifmedical.com/insurance/qualify
New York,NY,MissionPoint,Motif Medical,https://motifmedical.com/insurance/qualify
New York,NY,Moda Health,Motif Medical,https://motifmedical.com/insurance/qualify
New York,NY,Molina,Motif Medical,https://motifmedical.com/insurance/qualify
New York,NY,Montefiore CMO,Motif Medical,https://motifmedical.com/insurance/qualify
New York,NY,Montifiore Diamond Plan,Motif Medical,https://motifmedical.com/insurance/qualify
New York,NY,Mountain Health CO-OP,Motif Medical,https://motifmedical.com/insurance/qualify
New York,NY,Multiplan-PHCS,Motif Medical,https://motifmedical.com/insurance/qualify
New York,NY,Mutual Assurance Administrators,Motif Medical,https://motifmedical.com/insurance/qualify
New York,NY,MVP Health Care,Motif Medical,https://motifmedical.com/insurance/qualify
New York,NY,MVP Healthcare,Motif Medical,https://motifmedical.com/insurance/qualify
New York,NY,Nascentia Health Options,Motif Medical,https://motifmedical.com/insurance/qualify
New York,NY,National Association of Letter Carriers,Motif Medical,https://motifmedical.com/insurance/qualify
New York,NY,National Elevator Industry Health Benefits,Motif Medical,https://motifmedical.com/insurance/qualify
New York,NY,National Health Administrators,Motif Medical,https://motifmedical.com/insurance/qualify
New York,NY,National Preferred Provider Network,Motif Medical,https://motifmedical.com/insurance/qualify
New York,NY,"Network Adjusters, Workers Compensation",Motif Medical,https://motifmedical.com/insurance/qualify
New York,NY,New York Central Mutual,Motif Medical,https://motifmedical.com/insurance/qualify
New York,NY,NewGen Healthcare,Motif Medical,https://motifmedical.com/insurance/qualify
New York,NY,NF Prizm Insurance,Motif Medical,https://motifmedical.com/insurance/qualify
New York,NY,North American Benefits,Motif Medical,https://motifmedical.com/insurance/qualify
New York,NY,Northwell Direct,Motif Medical,https://motifmedical.com/insurance/qualify
New York,NY,Northwell Healthcomp TPA NY - Commercial,Motif Medical,https://motifmedical.com/insurance/qualify
New York,NY,Nova Healthcare,Motif Medical,https://motifmedical.com/insurance/qualify
New York,NY,NY Central Mutual Insurance,Motif Medical,https://motifmedical.com/insurance/qualify
New York,NY,NY Commercial,Motif Medical,https://motifmedical.com/insurance/qualify
New York,NY,NY State Insurance Fund Workman's Compensation,Motif Medical,https://motifmedical.com/insurance/qualify
New York,NY,NYSHIP,Motif Medical,https://motifmedical.com/insurance/qualify
New York,NY,Ohana,Motif Medical,https://motifmedical.com/insurance/qualify
New York,NY,One Homecare Solutions,Motif Medical,https://motifmedical.com/insurance/qualify
New York,NY,Onecall,Motif Medical,https://motifmedical.com/insurance/qualify
New York,NY,Optum,Motif Medical,https://motifmedical.com/insurance/qualify
New York,NY,Oscar,Motif Medical,https://motifmedical.com/insurance/qualify
New York,NY,Oscar NY-Commercial,Motif Medical,https://motifmedical.com/insurance/qualify
New York,NY,Other,Motif Medical,https://motifmedical.com/insurance/qualify
New York,NY,OWCA,Motif Medical,https://motifmedical.com/insurance/qualify
New York,NY,Oxford Health Plans,Motif Medical,https://motifmedical.com/insurance/qualify
New York,NY,Pacific Source Health Plans,Motif Medical,https://motifmedical.com/insurance/qualify
New York,NY,Paradigm,Motif Medical,https://motifmedical.com/insurance/qualify
New York,NY,Partners Health Play Duals,Motif Medical,https://motifmedical.com/insurance/qualify
New York,NY,Performance Health,Motif Medical,https://motifmedical.com/insurance/qualify
New York,NY,Perma Public Employees,Motif Medical,https://motifmedical.com/insurance/qualify
New York,NY,Piedmont Healthcare,Motif Medical,https://motifmedical.com/insurance/qualify
New York,NY,Pinnacle Assurance,Motif Medical,https://motifmedical.com/insurance/qualify
New York,NY,PlanCare America,Motif Medical,https://motifmedical.com/insurance/qualify
New York,NY,POMCO,Motif Medical,https://motifmedical.com/insurance/qualify
New York,NY,Porter County Government Employee Benefits,Motif Medical,https://motifmedical.com/insurance/qualify
New York,NY,PPO Plus,Motif Medical,https://motifmedical.com/insurance/qualify
New York,NY,Prairie States,Motif Medical,https://motifmedical.com/insurance/qualify
New York,NY,Precision Health Resources,Motif Medical,https://motifmedical.com/insurance/qualify
New York,NY,Preferred Health Professionals,Motif Medical,https://motifmedical.com/insurance/qualify
New York,NY,Preferred Medical Network,Motif Medical,https://motifmedical.com/insurance/qualify
New York,NY,Preferred One,Motif Medical,https://motifmedical.com/insurance/qualify
New York,NY,Presbyterian Health Plan,Motif Medical,https://motifmedical.com/insurance/qualify
New York,NY,Priority Health,Motif Medical,https://motifmedical.com/insurance/qualify
New York,NY,Progressive Insurance No-Fault,Motif Medical,https://motifmedical.com/insurance/qualify
New York,NY,PROVIDENCE HEALTH,Motif Medical,https://motifmedical.com/insurance/qualify
New York,NY,Provider Network of America,Motif Medical,https://motifmedical.com/insurance/qualify
New York,NY,QualChoice,Motif Medical,https://motifmedical.com/insurance/qualify
New York,NY,Quality Health Network,Motif Medical,https://motifmedical.com/insurance/qualify
New York,NY,Quartz,Motif Medical,https://motifmedical.com/insurance/qualify
New York,NY,Quogue-Retirees,Motif Medical,https://motifmedical.com/insurance/qualify
New York,NY,Reserve National Insurance Company,Motif Medical,https://motifmedical.com/insurance/qualify
New York,NY,ResourceOne Administrators,Motif Medical,https://motifmedical.com/insurance/qualify
New York,NY,RMSCO,Motif Medical,https://motifmedical.com/insurance/qualify
New York,NY,S & S Health,Motif Medical,https://motifmedical.com/insurance/qualify
New York,NY,Samaritan,Motif Medical,https://motifmedical.com/insurance/qualify
New York,NY,Sana Benefits,Motif Medical,https://motifmedical.com/insurance/qualify
New York,NY,Sanford Health Plan,Motif Medical,https://motifmedical.com/insurance/qualify
New York,NY,Scott & White Health Plan,Motif Medical,https://motifmedical.com/insurance/qualify
New York,NY,Secure Horizons,Motif Medical,https://motifmedical.com/insurance/qualify
New York,NY,Sedgwick,Motif Medical,https://motifmedical.com/insurance/qualify
New York,NY,Select Administrative Services,Motif Medical,https://motifmedical.com/insurance/qualify
New York,NY,Self Insured Services Company,Motif Medical,https://motifmedical.com/insurance/qualify
New York,NY,Sentara Health Plans,Motif Medical,https://motifmedical.com/insurance/qualify
New York,NY,Sentry Insurance,Motif Medical,https://motifmedical.com/insurance/qualify
New York,NY,Shinnecock Indian Health Services,Motif Medical,https://motifmedical.com/insurance/qualify
New York,NY,Sieba,Motif Medical,https://motifmedical.com/insurance/qualify
New York,NY,SIHO,Motif Medical,https://motifmedical.com/insurance/qualify
New York,NY,SIX DEGREES HEALTH,Motif Medical,https://motifmedical.com/insurance/qualify
New York,NY,SmartHealth,Motif Medical,https://motifmedical.com/insurance/qualify
New York,NY,SMS National,Motif Medical,https://motifmedical.com/insurance/qualify
New York,NY,SOMOS-Anthem,Motif Medical,https://motifmedical.com/insurance/qualify
New York,NY,Sound Health and Wellness,Motif Medical,https://motifmedical.com/insurance/qualify
New York,NY,South Central Preferred,Motif Medical,https://motifmedical.com/insurance/qualify
New York,NY,St. Vincent (USFHP),Motif Medical,https://motifmedical.com/insurance/qualify
New York,NY,Starmark,Motif Medical,https://motifmedical.com/insurance/qualify
New York,NY,Suffolk County Risk Management,Motif Medical,https://motifmedical.com/insurance/qualify
New York,NY,Symetra - Select Benefits Administrators (SBAA),Motif Medical,https://motifmedical.com/insurance/qualify
New York,NY,The American Worker,Motif Medical,https://motifmedical.com/insurance/qualify
New York,NY,The American Worker (f.k.a Century Healthcare),Motif Medical,https://motifmedical.com/insurance/qualify
New York,NY,The Empire Plan,Motif Medical,https://motifmedical.com/insurance/qualify
New York,NY,The Health Plan,Motif Medical,https://motifmedical.com/insurance/qualify
New York,NY,Total Senior Care,Motif Medical,https://motifmedical.com/insurance/qualify
New York,NY,Training Insurance,Motif Medical,https://motifmedical.com/insurance/qualify
New York,NY,Triad Group,Motif Medical,https://motifmedical.com/insurance/qualify
New York,NY,Tricare,Motif Medical,https://motifmedical.com/insurance/qualify
New York,NY,TriCare – East Region,Motif Medical,https://motifmedical.com/insurance/qualify
New York,NY,Tricare East,Motif Medical,https://motifmedical.com/insurance/qualify
New York,NY,Tricare Overseas,Motif Medical,https://motifmedical.com/insurance/qualify
New York,NY,Trilogy,Motif Medical,https://motifmedical.com/insurance/qualify
New York,NY,TRPN,Motif Medical,https://motifmedical.com/insurance/qualify
New York,NY,Trustmark,Motif Medical,https://motifmedical.com/insurance/qualify
New York,NY,Tufts Health Plan,Motif Medical,https://motifmedical.com/insurance/qualify
New York,NY,Ucare,Motif Medical,https://motifmedical.com/insurance/qualify
New York,NY,UHC ALL SAVERS,Motif Medical,https://motifmedical.com/insurance/qualify
New York,NY,UHC SHARED SERVICES,Motif Medical,https://motifmedical.com/insurance/qualify
New York,NY,UHC STUDENT RESOURCES,Motif Medical,https://motifmedical.com/insurance/qualify
New York,NY,UHC SUREST,Motif Medical,https://motifmedical.com/insurance/qualify
New York,NY,UHIS,Motif Medical,https://motifmedical.com/insurance/qualify
New York,NY,UMR,Motif Medical,https://motifmedical.com/insurance/qualify
New York,NY,UMWA Health & Retirement Funds,Motif Medical,https://motifmedical.com/insurance/qualify
New York,NY,Unicare,Motif Medical,https://motifmedical.com/insurance/qualify
New York,NY,United,Motif Medical,https://motifmedical.com/insurance/qualify
New York,NY,United Healthcare,Motif Medical,https://motifmedical.com/insurance/qualify
New York,NY,United Healthcare  Commercial and Medicare,Motif Medical,https://motifmedical.com/insurance/qualify
New York,NY,United Healthcare All Savers,Motif Medical,https://motifmedical.com/insurance/qualify
New York,NY,United Healthcare Medicaid,Motif Medical,https://motifmedical.com/insurance/qualify
New York,NY,United Healthcare Shared Services,Motif Medical,https://motifmedical.com/insurance/qualify
New York,NY,United Healthcare StudentResources,Motif Medical,https://motifmedical.com/insurance/qualify
New York,NY,United Student Resources,Motif Medical,https://motifmedical.com/insurance/qualify
New York,NY,UnitedHealthcare Community Plan,Motif Medical,https://motifmedical.com/insurance/qualify
New York,NY,Univera,Motif Medical,https://motifmedical.com/insurance/qualify
New York,NY,UPMC,Motif Medical,https://motifmedical.com/insurance/qualify
New York,NY,US Family Health Plan,Motif Medical,https://motifmedical.com/insurance/qualify
New York,NY,USA MANAGED CARE ORGANIZATIONS,Motif Medical,https://motifmedical.com/insurance/qualify
New York,NY,USFHP,Motif Medical,https://motifmedical.com/insurance/qualify
New York,NY,Valenz,Motif Medical,https://motifmedical.com/insurance/qualify
New York,NY,Valenz f.k.a United Claim Solutions (PPO Network),Motif Medical,https://motifmedical.com/insurance/qualify
New York,NY,VillageCare Max,Motif Medical,https://motifmedical.com/insurance/qualify
New York,NY,WebTPA,Motif Medical,https://motifmedical.com/insurance/qualify
New York,NY,Wellcare,Motif Medical,https://motifmedical.com/insurance/qualify
New York,NY,WellFirst Health,Motif Medical,https://motifmedical.com/insurance/qualify
New York,NY,WellMed,Motif Medical,https://motifmedical.com/insurance/qualify
New York,NY,Wine Liquor Distillery Workers Union Local 1-D Major Medical Fund,Motif Medical,https://motifmedical.com/insurance/qualify
New York,NY,Workmen's Compensation Special Funds Conservation Committee,Motif Medical,https://motifmedical.com/insurance/qualify
New York,NY,World Trade Center,Motif Medical,https://motifmedical.com/insurance/qualify
New York,NY,Wright Risk Management Co.Inc.,Motif Medical,https://motifmedical.com/insurance/qualify
New York,NY,YourCare,Motif Medical,https://motifmedical.com/insurance/qualify
New York,NY,Zelis,Motif Medical,https://motifmedical.com/insurance/qualify
New York,NY,ZENITH ADMIN,Motif Medical,https://motifmedical.com/insurance/qualify
North Carolina,NC,A&S Financial,Motif Medical,https://motifmedical.com/insurance/qualify
North Carolina,NC,Access Health Services - TPA,Motif Medical,https://motifmedical.com/insurance/qualify
North Carolina,NC,ACS Benefit Services,Motif Medical,https://motifmedical.com/insurance/qualify
North Carolina,NC,Aetna,Motif Medical,https://motifmedical.com/insurance/qualify
North Carolina,NC,Aetna Atlantic Health,Motif Medical,https://motifmedical.com/insurance/qualify
North Carolina,NC,Aetna National,Motif Medical,https://motifmedical.com/insurance/qualify
North Carolina,NC,Affinity,Motif Medical,https://motifmedical.com/insurance/qualify
North Carolina,NC,Alignment Healthcare,Motif Medical,https://motifmedical.com/insurance/qualify
North Carolina,NC,Alignment Healthcare fka Citizens Choice Health Plan,Motif Medical,https://motifmedical.com/insurance/qualify
North Carolina,NC,All Savers Health Plans,Motif Medical,https://motifmedical.com/insurance/qualify
North Carolina,NC,Allegiance,Motif Medical,https://motifmedical.com/insurance/qualify
North Carolina,NC,Alliance Health,Motif Medical,https://motifmedical.com/insurance/qualify
North Carolina,NC,Alliance Health Plan,Motif Medical,https://motifmedical.com/insurance/qualify
North Carolina,NC,Alliant Health,Motif Medical,https://motifmedical.com/insurance/qualify
North Carolina,NC,Allied Health Benefits,Motif Medical,https://motifmedical.com/insurance/qualify
North Carolina,NC,AllWays Health Partners,Motif Medical,https://motifmedical.com/insurance/qualify
North Carolina,NC,Alternative Insurance Resources,Motif Medical,https://motifmedical.com/insurance/qualify
North Carolina,NC,Ambetter,Motif Medical,https://motifmedical.com/insurance/qualify
North Carolina,NC,AmBetter Commercial,Motif Medical,https://motifmedical.com/insurance/qualify
North Carolina,NC,AmeriBen,Motif Medical,https://motifmedical.com/insurance/qualify
North Carolina,NC,America's Choice Provider Network,Motif Medical,https://motifmedical.com/insurance/qualify
North Carolina,NC,American Healthcare Alliance,Motif Medical,https://motifmedical.com/insurance/qualify
North Carolina,NC,American PPO,Motif Medical,https://motifmedical.com/insurance/qualify
North Carolina,NC,AmeriHealth,Motif Medical,https://motifmedical.com/insurance/qualify
North Carolina,NC,Ametros,Motif Medical,https://motifmedical.com/insurance/qualify
North Carolina,NC,Ancillary Care Services,Motif Medical,https://motifmedical.com/insurance/qualify
North Carolina,NC,Anthem BCBCS,Motif Medical,https://motifmedical.com/insurance/qualify
North Carolina,NC,Anthem BCBS,Motif Medical,https://motifmedical.com/insurance/qualify
North Carolina,NC,Anthem Medicaid,Motif Medical,https://motifmedical.com/insurance/qualify
North Carolina,NC,Arcbest Corporation,Motif Medical,https://motifmedical.com/insurance/qualify
North Carolina,NC,ASURIS,Motif Medical,https://motifmedical.com/insurance/qualify
North Carolina,NC,Atrio Health Plans,Motif Medical,https://motifmedical.com/insurance/qualify
North Carolina,NC,Badger Care,Motif Medical,https://motifmedical.com/insurance/qualify
North Carolina,NC,BCE Emergis,Motif Medical,https://motifmedical.com/insurance/qualify
North Carolina,NC,Beacon Health,Motif Medical,https://motifmedical.com/insurance/qualify
North Carolina,NC,Beech Street,Motif Medical,https://motifmedical.com/insurance/qualify
North Carolina,NC,Benefit Assistance Corp,Motif Medical,https://motifmedical.com/insurance/qualify
North Carolina,NC,Benefits Management Services,Motif Medical,https://motifmedical.com/insurance/qualify
North Carolina,NC,Blue Benefit Administrators,Motif Medical,https://motifmedical.com/insurance/qualify
North Carolina,NC,Blue Cross Blue Shield,Motif Medical,https://motifmedical.com/insurance/qualify
North Carolina,NC,Bluegrass Family Health,Motif Medical,https://motifmedical.com/insurance/qualify
North Carolina,NC,BMI Benefits LLC,Motif Medical,https://motifmedical.com/insurance/qualify
North Carolina,NC,Boulder Admin,Motif Medical,https://motifmedical.com/insurance/qualify
North Carolina,NC,Bright Health,Motif Medical,https://motifmedical.com/insurance/qualify
North Carolina,NC,Buckeye Community Health Plan,Motif Medical,https://motifmedical.com/insurance/qualify
North Carolina,NC,CareFirst BCBS,Motif Medical,https://motifmedical.com/insurance/qualify
North Carolina,NC,Careington International,Motif Medical,https://motifmedical.com/insurance/qualify
North Carolina,NC,Caresource,Motif Medical,https://motifmedical.com/insurance/qualify
North Carolina,NC,CAREVALENT GILSBAR,Motif Medical,https://motifmedical.com/insurance/qualify
North Carolina,NC,Carolina Complete,Motif Medical,https://motifmedical.com/insurance/qualify
North Carolina,NC,Carolina Complete Health Network (CCHN),Motif Medical,https://motifmedical.com/insurance/qualify
North Carolina,NC,Cedar Valley Community Healthcare,Motif Medical,https://motifmedical.com/insurance/qualify
North Carolina,NC,Cedar Valley Hospice - Transportation,Motif Medical,https://motifmedical.com/insurance/qualify
North Carolina,NC,Centene,Motif Medical,https://motifmedical.com/insurance/qualify
North Carolina,NC,Century Health Solutions,Motif Medical,https://motifmedical.com/insurance/qualify
North Carolina,NC,Cerner Health Plan,Motif Medical,https://motifmedical.com/insurance/qualify
North Carolina,NC,CHAMP VA,Motif Medical,https://motifmedical.com/insurance/qualify
North Carolina,NC,CHN Solutions,Motif Medical,https://motifmedical.com/insurance/qualify
North Carolina,NC,Choice Care Network,Motif Medical,https://motifmedical.com/insurance/qualify
North Carolina,NC,Cigna,Motif Medical,https://motifmedical.com/insurance/qualify
North Carolina,NC,Cigna Medicare of North Carolina,Motif Medical,https://motifmedical.com/insurance/qualify
North Carolina,NC,Clear Spring Health,Motif Medical,https://motifmedical.com/insurance/qualify
North Carolina,NC,ClearPrice Networks,Motif Medical,https://motifmedical.com/insurance/qualify
North Carolina,NC,CMN Inc. Global,Motif Medical,https://motifmedical.com/insurance/qualify
North Carolina,NC,Coastal Care Services,Motif Medical,https://motifmedical.com/insurance/qualify
North Carolina,NC,Cofinity Health Benefits,Motif Medical,https://motifmedical.com/insurance/qualify
North Carolina,NC,Common Ground Health Care,Motif Medical,https://motifmedical.com/insurance/qualify
North Carolina,NC,Commonwealth Care Alliance,Motif Medical,https://motifmedical.com/insurance/qualify
North Carolina,NC,Community Care,Motif Medical,https://motifmedical.com/insurance/qualify
North Carolina,NC,Community Health Options,Motif Medical,https://motifmedical.com/insurance/qualify
North Carolina,NC,Compass Rose Health Plan,Motif Medical,https://motifmedical.com/insurance/qualify
North Carolina,NC,CompDME,Motif Medical,https://motifmedical.com/insurance/qualify
North Carolina,NC,Connecticare,Motif Medical,https://motifmedical.com/insurance/qualify
North Carolina,NC,CONSOCIATE CARE,Motif Medical,https://motifmedical.com/insurance/qualify
North Carolina,NC,Continental Benefits,Motif Medical,https://motifmedical.com/insurance/qualify
North Carolina,NC,Cook County Health Plan,Motif Medical,https://motifmedical.com/insurance/qualify
North Carolina,NC,CoreSource,Motif Medical,https://motifmedical.com/insurance/qualify
North Carolina,NC,Coventry Health Care,Motif Medical,https://motifmedical.com/insurance/qualify
North Carolina,NC,CuraeChoice,Motif Medical,https://motifmedical.com/insurance/qualify
North Carolina,NC,Delta Health Systems,Motif Medical,https://motifmedical.com/insurance/qualify
North Carolina,NC,Deseret Mutual Benefit Administrators,Motif Medical,https://motifmedical.com/insurance/qualify
North Carolina,NC,Doctors Direct Healthcare,Motif Medical,https://motifmedical.com/insurance/qualify
North Carolina,NC,Eagle Health Plan,Motif Medical,https://motifmedical.com/insurance/qualify
North Carolina,NC,EBMS,Motif Medical,https://motifmedical.com/insurance/qualify
North Carolina,NC,EBPA,Motif Medical,https://motifmedical.com/insurance/qualify
North Carolina,NC,Emblem Health,Motif Medical,https://motifmedical.com/insurance/qualify
North Carolina,NC,Employer's Choice Network (ECN),Motif Medical,https://motifmedical.com/insurance/qualify
North Carolina,NC,Employers Health Network,Motif Medical,https://motifmedical.com/insurance/qualify
North Carolina,NC,Exceedent,Motif Medical,https://motifmedical.com/insurance/qualify
North Carolina,NC,Fidelis Care,Motif Medical,https://motifmedical.com/insurance/qualify
North Carolina,NC,First Carolina Care,Motif Medical,https://motifmedical.com/insurance/qualify
North Carolina,NC,First Choice Health,Motif Medical,https://motifmedical.com/insurance/qualify
North Carolina,NC,FirstCarolina Care,Motif Medical,https://motifmedical.com/insurance/qualify
North Carolina,NC,Friday Health Plan,Motif Medical,https://motifmedical.com/insurance/qualify
North Carolina,NC,Galaxy Health Network,Motif Medical,https://motifmedical.com/insurance/qualify
North Carolina,NC,Gateway Health,Motif Medical,https://motifmedical.com/insurance/qualify
North Carolina,NC,GEHA,Motif Medical,https://motifmedical.com/insurance/qualify
North Carolina,NC,Geisinger,Motif Medical,https://motifmedical.com/insurance/qualify
North Carolina,NC,Gilsbar,Motif Medical,https://motifmedical.com/insurance/qualify
North Carolina,NC,global excel management,Motif Medical,https://motifmedical.com/insurance/qualify
North Carolina,NC,group health benefits,Motif Medical,https://motifmedical.com/insurance/qualify
North Carolina,NC,Group Health Eau Claire,Motif Medical,https://motifmedical.com/insurance/qualify
North Carolina,NC,Harbor Health Plan,Motif Medical,https://motifmedical.com/insurance/qualify
North Carolina,NC,Harvard Pilgrim,Motif Medical,https://motifmedical.com/insurance/qualify
North Carolina,NC,Health Care Partners,Motif Medical,https://motifmedical.com/insurance/qualify
North Carolina,NC,Health Care Savings,Motif Medical,https://motifmedical.com/insurance/qualify
North Carolina,NC,health eos,Motif Medical,https://motifmedical.com/insurance/qualify
North Carolina,NC,Health EZ,Motif Medical,https://motifmedical.com/insurance/qualify
North Carolina,NC,Health New England,Motif Medical,https://motifmedical.com/insurance/qualify
North Carolina,NC,Health Options,Motif Medical,https://motifmedical.com/insurance/qualify
North Carolina,NC,Health Partners,Motif Medical,https://motifmedical.com/insurance/qualify
North Carolina,NC,Health Payment Systems,Motif Medical,https://motifmedical.com/insurance/qualify
North Carolina,NC,Health Plan Services,Motif Medical,https://motifmedical.com/insurance/qualify
North Carolina,NC,Health Plans Inc,Motif Medical,https://motifmedical.com/insurance/qualify
North Carolina,NC,Health Scope,Motif Medical,https://motifmedical.com/insurance/qualify
North Carolina,NC,Health Smart,Motif Medical,https://motifmedical.com/insurance/qualify
North Carolina,NC,HealthComp,Motif Medical,https://motifmedical.com/insurance/qualify
North Carolina,NC,Healthcomp TPA,Motif Medical,https://motifmedical.com/insurance/qualify
North Carolina,NC,Healthgram,Motif Medical,https://motifmedical.com/insurance/qualify
North Carolina,NC,HealthLink,Motif Medical,https://motifmedical.com/insurance/qualify
North Carolina,NC,HealthSmart,Motif Medical,https://motifmedical.com/insurance/qualify
North Carolina,NC,"HealthSmart Preferred Care II, LP",Motif Medical,https://motifmedical.com/insurance/qualify
North Carolina,NC,HealthTeam Advantage,Motif Medical,https://motifmedical.com/insurance/qualify
North Carolina,NC,Healthy Blue,Motif Medical,https://motifmedical.com/insurance/qualify
North Carolina,NC,HFN,Motif Medical,https://motifmedical.com/insurance/qualify
North Carolina,NC,highlands,Motif Medical,https://motifmedical.com/insurance/qualify
North Carolina,NC,Home Care Alliance of Virginia (HCAV),Motif Medical,https://motifmedical.com/insurance/qualify
North Carolina,NC,Homelink,Motif Medical,https://motifmedical.com/insurance/qualify
North Carolina,NC,Hudson Health Plan,Motif Medical,https://motifmedical.com/insurance/qualify
North Carolina,NC,Humana,Motif Medical,https://motifmedical.com/insurance/qualify
North Carolina,NC,Imagine 392,Motif Medical,https://motifmedical.com/insurance/qualify
North Carolina,NC,"immergrun, inc.",Motif Medical,https://motifmedical.com/insurance/qualify
North Carolina,NC,Independence BCBS,Motif Medical,https://motifmedical.com/insurance/qualify
North Carolina,NC,Independent Health,Motif Medical,https://motifmedical.com/insurance/qualify
North Carolina,NC,Independent Medical Systems,Motif Medical,https://motifmedical.com/insurance/qualify
North Carolina,NC,indequest,Motif Medical,https://motifmedical.com/insurance/qualify
North Carolina,NC,Insurance Management Services,Motif Medical,https://motifmedical.com/insurance/qualify
North Carolina,NC,Integra,Motif Medical,https://motifmedical.com/insurance/qualify
North Carolina,NC,INTotal Health,Motif Medical,https://motifmedical.com/insurance/qualify
North Carolina,NC,IPMG,Motif Medical,https://motifmedical.com/insurance/qualify
North Carolina,NC,J. Smith Lanier,Motif Medical,https://motifmedical.com/insurance/qualify
North Carolina,NC,J.P. Farley Corporation,Motif Medical,https://motifmedical.com/insurance/qualify
North Carolina,NC,Key Benefit Administrators,Motif Medical,https://motifmedical.com/insurance/qualify
North Carolina,NC,Keystone First,Motif Medical,https://motifmedical.com/insurance/qualify
North Carolina,NC,lakes area community healthplan,Motif Medical,https://motifmedical.com/insurance/qualify
North Carolina,NC,Lasso Healthcare,Motif Medical,https://motifmedical.com/insurance/qualify
North Carolina,NC,Longevity Health Plan,Motif Medical,https://motifmedical.com/insurance/qualify
North Carolina,NC,Lucent Health,Motif Medical,https://motifmedical.com/insurance/qualify
North Carolina,NC,Luminare,Motif Medical,https://motifmedical.com/insurance/qualify
North Carolina,NC,Magellan,Motif Medical,https://motifmedical.com/insurance/qualify
North Carolina,NC,Magnacare,Motif Medical,https://motifmedical.com/insurance/qualify
North Carolina,NC,Mail Handlers,Motif Medical,https://motifmedical.com/insurance/qualify
North Carolina,NC,"Managed Care, Inc dba Galaxy Health Network",Motif Medical,https://motifmedical.com/insurance/qualify
North Carolina,NC,Martin's Point,Motif Medical,https://motifmedical.com/insurance/qualify
North Carolina,NC,maxor provider network,Motif Medical,https://motifmedical.com/insurance/qualify
North Carolina,NC,mcm maxcare ppo,Motif Medical,https://motifmedical.com/insurance/qualify
North Carolina,NC,Medcorp Southwest Inc,Motif Medical,https://motifmedical.com/insurance/qualify
North Carolina,NC,MedCost,Motif Medical,https://motifmedical.com/insurance/qualify
North Carolina,NC,Medi-Share,Motif Medical,https://motifmedical.com/insurance/qualify
North Carolina,NC,Medica,Motif Medical,https://motifmedical.com/insurance/qualify
North Carolina,NC,Medicaid,Motif Medical,https://motifmedical.com/insurance/qualify
North Carolina,NC,Medicaid of North Carolina,Motif Medical,https://motifmedical.com/insurance/qualify
North Carolina,NC,"Medical Cost Containment Professionals, LLC (MCCP)",Motif Medical,https://motifmedical.com/insurance/qualify
North Carolina,NC,medical resource,Motif Medical,https://motifmedical.com/insurance/qualify
North Carolina,NC,Medicare,Motif Medical,https://motifmedical.com/insurance/qualify
North Carolina,NC,Meridian Health Plan,Motif Medical,https://motifmedical.com/insurance/qualify
North Carolina,NC,Meritain Health,Motif Medical,https://motifmedical.com/insurance/qualify
North Carolina,NC,Methodist First Choice,Motif Medical,https://motifmedical.com/insurance/qualify
North Carolina,NC,MetroPlus,Motif Medical,https://motifmedical.com/insurance/qualify
North Carolina,NC,Midlands Choice,Motif Medical,https://motifmedical.com/insurance/qualify
North Carolina,NC,Midwest Health,Motif Medical,https://motifmedical.com/insurance/qualify
North Carolina,NC,MissionPoint,Motif Medical,https://motifmedical.com/insurance/qualify
North Carolina,NC,Moda Health,Motif Medical,https://motifmedical.com/insurance/qualify
North Carolina,NC,Molina,Motif Medical,https://motifmedical.com/insurance/qualify
North Carolina,NC,Mountain Health CO-OP,Motif Medical,https://motifmedical.com/insurance/qualify
North Carolina,NC,Multiplan-PHCS,Motif Medical,https://motifmedical.com/insurance/qualify
North Carolina,NC,Mutual Assurance Administrators,Motif Medical,https://motifmedical.com/insurance/qualify
North Carolina,NC,National Association of Letter Carriers,Motif Medical,https://motifmedical.com/insurance/qualify
North Carolina,NC,National Elevator Industry Health Benefits,Motif Medical,https://motifmedical.com/insurance/qualify
North Carolina,NC,North Carolina Blue Cross Blue Shield,Motif Medical,https://motifmedical.com/insurance/qualify
North Carolina,NC,North Carolina State Health Plan - Administrator Blue Cross Blue Shield of North Carolina,Motif Medical,https://motifmedical.com/insurance/qualify
North Carolina,NC,NYSHIP,Motif Medical,https://motifmedical.com/insurance/qualify
North Carolina,NC,One Homecare Solutions,Motif Medical,https://motifmedical.com/insurance/qualify
North Carolina,NC,Onecall,Motif Medical,https://motifmedical.com/insurance/qualify
North Carolina,NC,Optum,Motif Medical,https://motifmedical.com/insurance/qualify
North Carolina,NC,Other,Motif Medical,https://motifmedical.com/insurance/qualify
North Carolina,NC,OWCA,Motif Medical,https://motifmedical.com/insurance/qualify
North Carolina,NC,Oxford Health Plans,Motif Medical,https://motifmedical.com/insurance/qualify
North Carolina,NC,Pacific Source Health Plans,Motif Medical,https://motifmedical.com/insurance/qualify
North Carolina,NC,Paradigm,Motif Medical,https://motifmedical.com/insurance/qualify
North Carolina,NC,Performance Health,Motif Medical,https://motifmedical.com/insurance/qualify
North Carolina,NC,Piedmont Healthcare,Motif Medical,https://motifmedical.com/insurance/qualify
North Carolina,NC,Pinnacle Assurance,Motif Medical,https://motifmedical.com/insurance/qualify
North Carolina,NC,Porter County Government Employee Benefits,Motif Medical,https://motifmedical.com/insurance/qualify
North Carolina,NC,PPO Plus,Motif Medical,https://motifmedical.com/insurance/qualify
North Carolina,NC,Prairie States,Motif Medical,https://motifmedical.com/insurance/qualify
North Carolina,NC,Preferred Health Professionals,Motif Medical,https://motifmedical.com/insurance/qualify
North Carolina,NC,Preferred Medical Network,Motif Medical,https://motifmedical.com/insurance/qualify
North Carolina,NC,Preferred One,Motif Medical,https://motifmedical.com/insurance/qualify
North Carolina,NC,Presbyterian Health Plan,Motif Medical,https://motifmedical.com/insurance/qualify
North Carolina,NC,Primary PhysicianCare,Motif Medical,https://motifmedical.com/insurance/qualify
North Carolina,NC,Priority Health,Motif Medical,https://motifmedical.com/insurance/qualify
North Carolina,NC,PROVIDENCE HEALTH,Motif Medical,https://motifmedical.com/insurance/qualify
North Carolina,NC,Provider Network of America,Motif Medical,https://motifmedical.com/insurance/qualify
North Carolina,NC,Pruitt Health Premier,Motif Medical,https://motifmedical.com/insurance/qualify
North Carolina,NC,"PruittHealth Premier, Inc. & PruittHealth Premier of North Carolina, LLC",Motif Medical,https://motifmedical.com/insurance/qualify
North Carolina,NC,QualChoice,Motif Medical,https://motifmedical.com/insurance/qualify
North Carolina,NC,Quartz,Motif Medical,https://motifmedical.com/insurance/qualify
North Carolina,NC,Reserve National Insurance Company,Motif Medical,https://motifmedical.com/insurance/qualify
North Carolina,NC,ResourceOne Administrators,Motif Medical,https://motifmedical.com/insurance/qualify
North Carolina,NC,Rutherford Health Plan,Motif Medical,https://motifmedical.com/insurance/qualify
North Carolina,NC,S & S Health,Motif Medical,https://motifmedical.com/insurance/qualify
North Carolina,NC,Samaritan,Motif Medical,https://motifmedical.com/insurance/qualify
North Carolina,NC,Sana Benefits,Motif Medical,https://motifmedical.com/insurance/qualify
North Carolina,NC,Sanford Health Plan,Motif Medical,https://motifmedical.com/insurance/qualify
North Carolina,NC,Scott & White Health Plan,Motif Medical,https://motifmedical.com/insurance/qualify
North Carolina,NC,Sedgwick,Motif Medical,https://motifmedical.com/insurance/qualify
North Carolina,NC,Select Administrative Services,Motif Medical,https://motifmedical.com/insurance/qualify
North Carolina,NC,Self Insured Services Company,Motif Medical,https://motifmedical.com/insurance/qualify
North Carolina,NC,Sentara Health Plans,Motif Medical,https://motifmedical.com/insurance/qualify
North Carolina,NC,Sentry Insurance,Motif Medical,https://motifmedical.com/insurance/qualify
North Carolina,NC,SIHO,Motif Medical,https://motifmedical.com/insurance/qualify
North Carolina,NC,SILAC,Motif Medical,https://motifmedical.com/insurance/qualify
North Carolina,NC,SIX DEGREES HEALTH,Motif Medical,https://motifmedical.com/insurance/qualify
North Carolina,NC,SmartHealth,Motif Medical,https://motifmedical.com/insurance/qualify
North Carolina,NC,SMS National,Motif Medical,https://motifmedical.com/insurance/qualify
North Carolina,NC,Sound Health and Wellness,Motif Medical,https://motifmedical.com/insurance/qualify
North Carolina,NC,South Central Preferred,Motif Medical,https://motifmedical.com/insurance/qualify
North Carolina,NC,Starmark,Motif Medical,https://motifmedical.com/insurance/qualify
North Carolina,NC,State Retirement System,Motif Medical,https://motifmedical.com/insurance/qualify
North Carolina,NC,Teal Premier,Motif Medical,https://motifmedical.com/insurance/qualify
North Carolina,NC,The American Worker,Motif Medical,https://motifmedical.com/insurance/qualify
North Carolina,NC,The American Worker (f.k.a Century Healthcare),Motif Medical,https://motifmedical.com/insurance/qualify
North Carolina,NC,The Empire Plan,Motif Medical,https://motifmedical.com/insurance/qualify
North Carolina,NC,The Health Plan,Motif Medical,https://motifmedical.com/insurance/qualify
North Carolina,NC,Tricare,Motif Medical,https://motifmedical.com/insurance/qualify
North Carolina,NC,TriCare – East Region,Motif Medical,https://motifmedical.com/insurance/qualify
North Carolina,NC,Tricare East,Motif Medical,https://motifmedical.com/insurance/qualify
North Carolina,NC,Tricare Overseas,Motif Medical,https://motifmedical.com/insurance/qualify
North Carolina,NC,Trillium Health Resources,Motif Medical,https://motifmedical.com/insurance/qualify
North Carolina,NC,Trilogy,Motif Medical,https://motifmedical.com/insurance/qualify
North Carolina,NC,TRPN,Motif Medical,https://motifmedical.com/insurance/qualify
North Carolina,NC,Trustmark,Motif Medical,https://motifmedical.com/insurance/qualify
North Carolina,NC,Tufts Health Plan,Motif Medical,https://motifmedical.com/insurance/qualify
North Carolina,NC,Ucare,Motif Medical,https://motifmedical.com/insurance/qualify
North Carolina,NC,UHC ALL SAVERS,Motif Medical,https://motifmedical.com/insurance/qualify
North Carolina,NC,UHC SHARED SERVICES,Motif Medical,https://motifmedical.com/insurance/qualify
North Carolina,NC,UHC STUDENT RESOURCES,Motif Medical,https://motifmedical.com/insurance/qualify
North Carolina,NC,UHC SUREST,Motif Medical,https://motifmedical.com/insurance/qualify
North Carolina,NC,UHIS,Motif Medical,https://motifmedical.com/insurance/qualify
North Carolina,NC,UMR,Motif Medical,https://motifmedical.com/insurance/qualify
North Carolina,NC,UMWA Health & Retirement Funds,Motif Medical,https://motifmedical.com/insurance/qualify
North Carolina,NC,Unicare,Motif Medical,https://motifmedical.com/insurance/qualify
North Carolina,NC,United,Motif Medical,https://motifmedical.com/insurance/qualify
North Carolina,NC,United Healthcare,Motif Medical,https://motifmedical.com/insurance/qualify
North Carolina,NC,United Healthcare  Commercial and Medicare,Motif Medical,https://motifmedical.com/insurance/qualify
North Carolina,NC,United Healthcare All Savers,Motif Medical,https://motifmedical.com/insurance/qualify
North Carolina,NC,United Healthcare Medicaid,Motif Medical,https://motifmedical.com/insurance/qualify
North Carolina,NC,United Healthcare Shared Services,Motif Medical,https://motifmedical.com/insurance/qualify
North Carolina,NC,United Healthcare StudentResources,Motif Medical,https://motifmedical.com/insurance/qualify
North Carolina,NC,United Student Resources,Motif Medical,https://motifmedical.com/insurance/qualify
North Carolina,NC,UPMC,Motif Medical,https://motifmedical.com/insurance/qualify
North Carolina,NC,US Family Health Plan,Motif Medical,https://motifmedical.com/insurance/qualify
North Carolina,NC,USA MANAGED CARE ORGANIZATIONS,Motif Medical,https://motifmedical.com/insurance/qualify
North Carolina,NC,Valenz,Motif Medical,https://motifmedical.com/insurance/qualify
North Carolina,NC,Valenz f.k.a United Claim Solutions (PPO Network),Motif Medical,https://motifmedical.com/insurance/qualify
North Carolina,NC,Vaya Health,Motif Medical,https://motifmedical.com/insurance/qualify
North Carolina,NC,Vaya Heath,Motif Medical,https://motifmedical.com/insurance/qualify
North Carolina,NC,WebTPA,Motif Medical,https://motifmedical.com/insurance/qualify
North Carolina,NC,Wellcare,Motif Medical,https://motifmedical.com/insurance/qualify
North Carolina,NC,WellFirst Health,Motif Medical,https://motifmedical.com/insurance/qualify
North Carolina,NC,WellMed,Motif Medical,https://motifmedical.com/insurance/qualify
North Carolina,NC,World Trade Center,Motif Medical,https://motifmedical.com/insurance/qualify
North Carolina,NC,Zelis,Motif Medical,https://motifmedical.com/insurance/qualify
North Carolina,NC,ZENITH ADMIN,Motif Medical,https://motifmedical.com/insurance/qualify
Ohio,OH,Aetna Better Health,Motif Medical,https://motifmedical.com/insurance/qualify
Ohio,OH,A&S Financial,Motif Medical,https://motifmedical.com/insurance/qualify
Ohio,OH,Access Health Services - TPA,Motif Medical,https://motifmedical.com/insurance/qualify
Ohio,OH,ACMS/EBMC,Motif Medical,https://motifmedical.com/insurance/qualify
Ohio,OH,Aetna,Motif Medical,https://motifmedical.com/insurance/qualify
Ohio,OH,Aetna Atlantic Health,Motif Medical,https://motifmedical.com/insurance/qualify
Ohio,OH,Aetna National,Motif Medical,https://motifmedical.com/insurance/qualify
Ohio,OH,Affinity,Motif Medical,https://motifmedical.com/insurance/qualify
Ohio,OH,All Savers Health Plans,Motif Medical,https://motifmedical.com/insurance/qualify
Ohio,OH,Allegiance,Motif Medical,https://motifmedical.com/insurance/qualify
Ohio,OH,Alliant Health,Motif Medical,https://motifmedical.com/insurance/qualify
Ohio,OH,Allied Health Benefits,Motif Medical,https://motifmedical.com/insurance/qualify
Ohio,OH,AllWays Health Partners,Motif Medical,https://motifmedical.com/insurance/qualify
Ohio,OH,Allwell Buckeye Health Plan,Motif Medical,https://motifmedical.com/insurance/qualify
Ohio,OH,Alternative Insurance Resources,Motif Medical,https://motifmedical.com/insurance/qualify
Ohio,OH,Ambetter,Motif Medical,https://motifmedical.com/insurance/qualify
Ohio,OH,AmBetter Commercial,Motif Medical,https://motifmedical.com/insurance/qualify
Ohio,OH,AmeriBen,Motif Medical,https://motifmedical.com/insurance/qualify
Ohio,OH,America's Choice Provider Network,Motif Medical,https://motifmedical.com/insurance/qualify
Ohio,OH,American Health Holding,Motif Medical,https://motifmedical.com/insurance/qualify
Ohio,OH,American Healthcare Alliance,Motif Medical,https://motifmedical.com/insurance/qualify
Ohio,OH,American PPO,Motif Medical,https://motifmedical.com/insurance/qualify
Ohio,OH,American Trust Administrators,Motif Medical,https://motifmedical.com/insurance/qualify
Ohio,OH,AmeriHealth,Motif Medical,https://motifmedical.com/insurance/qualify
Ohio,OH,AmeriHealth Caritas of Ohio,Motif Medical,https://motifmedical.com/insurance/qualify
Ohio,OH,Ametros,Motif Medical,https://motifmedical.com/insurance/qualify
Ohio,OH,"AMN, RAN, and/or HMN",Motif Medical,https://motifmedical.com/insurance/qualify
Ohio,OH,Amtrust Group America,Motif Medical,https://motifmedical.com/insurance/qualify
Ohio,OH,Ancillary Care Services,Motif Medical,https://motifmedical.com/insurance/qualify
Ohio,OH,Anthem BCBCS,Motif Medical,https://motifmedical.com/insurance/qualify
Ohio,OH,Anthem BCBS,Motif Medical,https://motifmedical.com/insurance/qualify
Ohio,OH,Anthem BCBS OH,Motif Medical,https://motifmedical.com/insurance/qualify
Ohio,OH,Anthem BCBS OH - Medicaid,Motif Medical,https://motifmedical.com/insurance/qualify
Ohio,OH,Anthem Blue Cross Blue Shield,Motif Medical,https://motifmedical.com/insurance/qualify
Ohio,OH,Anthem Medicaid,Motif Medical,https://motifmedical.com/insurance/qualify
Ohio,OH,Arcbest Corporation,Motif Medical,https://motifmedical.com/insurance/qualify
Ohio,OH,ASURIS,Motif Medical,https://motifmedical.com/insurance/qualify
Ohio,OH,Atrio Health Plans,Motif Medical,https://motifmedical.com/insurance/qualify
Ohio,OH,Aultcare,Motif Medical,https://motifmedical.com/insurance/qualify
Ohio,OH,Badger Care,Motif Medical,https://motifmedical.com/insurance/qualify
Ohio,OH,BCE Emergis,Motif Medical,https://motifmedical.com/insurance/qualify
Ohio,OH,BCMH,Motif Medical,https://motifmedical.com/insurance/qualify
Ohio,OH,Beacon Health,Motif Medical,https://motifmedical.com/insurance/qualify
Ohio,OH,Beech Street,Motif Medical,https://motifmedical.com/insurance/qualify
Ohio,OH,Benefit Assistance Corp,Motif Medical,https://motifmedical.com/insurance/qualify
Ohio,OH,Blue Benefit Administrators,Motif Medical,https://motifmedical.com/insurance/qualify
Ohio,OH,Blue Cross Blue Shield,Motif Medical,https://motifmedical.com/insurance/qualify
Ohio,OH,Bluegrass Family Health,Motif Medical,https://motifmedical.com/insurance/qualify
Ohio,OH,BMI Benefits LLC,Motif Medical,https://motifmedical.com/insurance/qualify
Ohio,OH,Boulder Admin,Motif Medical,https://motifmedical.com/insurance/qualify
Ohio,OH,BRDIDGESTONE,Motif Medical,https://motifmedical.com/insurance/qualify
Ohio,OH,Bridgestone/Firestone,Motif Medical,https://motifmedical.com/insurance/qualify
Ohio,OH,Bright Health,Motif Medical,https://motifmedical.com/insurance/qualify
Ohio,OH,Buckeye Community Health Plan,Motif Medical,https://motifmedical.com/insurance/qualify
Ohio,OH,Buckeye Health Plan,Motif Medical,https://motifmedical.com/insurance/qualify
Ohio,OH,CareFirst BCBS,Motif Medical,https://motifmedical.com/insurance/qualify
Ohio,OH,CareFirst BlueCross BlueShield,Motif Medical,https://motifmedical.com/insurance/qualify
Ohio,OH,Careington International,Motif Medical,https://motifmedical.com/insurance/qualify
Ohio,OH,Caresource,Motif Medical,https://motifmedical.com/insurance/qualify
Ohio,OH,CareSource OH Commercial Exchange,Motif Medical,https://motifmedical.com/insurance/qualify
Ohio,OH,CareSource OH Medicaid,Motif Medical,https://motifmedical.com/insurance/qualify
Ohio,OH,CAREVALENT GILSBAR,Motif Medical,https://motifmedical.com/insurance/qualify
Ohio,OH,Cedar Valley Community Healthcare,Motif Medical,https://motifmedical.com/insurance/qualify
Ohio,OH,Cedar Valley Hospice - Transportation,Motif Medical,https://motifmedical.com/insurance/qualify
Ohio,OH,Centene,Motif Medical,https://motifmedical.com/insurance/qualify
Ohio,OH,Central Benefits,Motif Medical,https://motifmedical.com/insurance/qualify
Ohio,OH,Century Health Solutions,Motif Medical,https://motifmedical.com/insurance/qualify
Ohio,OH,Cerner Health Plan,Motif Medical,https://motifmedical.com/insurance/qualify
Ohio,OH,CHAMP VA,Motif Medical,https://motifmedical.com/insurance/qualify
Ohio,OH,Chesterfield Resources,Motif Medical,https://motifmedical.com/insurance/qualify
Ohio,OH,CHN Solutions,Motif Medical,https://motifmedical.com/insurance/qualify
Ohio,OH,Choice Care Network,Motif Medical,https://motifmedical.com/insurance/qualify
Ohio,OH,Cigna,Motif Medical,https://motifmedical.com/insurance/qualify
Ohio,OH,ClearPrice Networks,Motif Medical,https://motifmedical.com/insurance/qualify
Ohio,OH,Cleveland Health Network Managed Care Organization,Motif Medical,https://motifmedical.com/insurance/qualify
Ohio,OH,Clinix,Motif Medical,https://motifmedical.com/insurance/qualify
Ohio,OH,CMN Inc. Global,Motif Medical,https://motifmedical.com/insurance/qualify
Ohio,OH,Coastal Care Services,Motif Medical,https://motifmedical.com/insurance/qualify
Ohio,OH,Cofinity Health Benefits,Motif Medical,https://motifmedical.com/insurance/qualify
Ohio,OH,Common Ground Health Care,Motif Medical,https://motifmedical.com/insurance/qualify
Ohio,OH,Commonwealth Care Alliance,Motif Medical,https://motifmedical.com/insurance/qualify
Ohio,OH,"CommuniCare Advantage IN, MD, OH",Motif Medical,https://motifmedical.com/insurance/qualify
Ohio,OH,CommuniCare Advantage OH,Motif Medical,https://motifmedical.com/insurance/qualify
Ohio,OH,Community Care,Motif Medical,https://motifmedical.com/insurance/qualify
Ohio,OH,Community Health Options,Motif Medical,https://motifmedical.com/insurance/qualify
Ohio,OH,Compass Rose Health Plan,Motif Medical,https://motifmedical.com/insurance/qualify
Ohio,OH,CompDME,Motif Medical,https://motifmedical.com/insurance/qualify
Ohio,OH,Connecticare,Motif Medical,https://motifmedical.com/insurance/qualify
Ohio,OH,CONSOCIATE CARE,Motif Medical,https://motifmedical.com/insurance/qualify
Ohio,OH,Continental Benefits,Motif Medical,https://motifmedical.com/insurance/qualify
Ohio,OH,Cook County Health Plan,Motif Medical,https://motifmedical.com/insurance/qualify
Ohio,OH,CoreSource,Motif Medical,https://motifmedical.com/insurance/qualify
Ohio,OH,Coventry Health Care,Motif Medical,https://motifmedical.com/insurance/qualify
Ohio,OH,CuraeChoice,Motif Medical,https://motifmedical.com/insurance/qualify
Ohio,OH,Delta Health Systems,Motif Medical,https://motifmedical.com/insurance/qualify
Ohio,OH,Deseret Mutual Benefit Administrators,Motif Medical,https://motifmedical.com/insurance/qualify
Ohio,OH,Eagle Health Plan,Motif Medical,https://motifmedical.com/insurance/qualify
Ohio,OH,EBMS,Motif Medical,https://motifmedical.com/insurance/qualify
Ohio,OH,EBPA,Motif Medical,https://motifmedical.com/insurance/qualify
Ohio,OH,Emblem Health,Motif Medical,https://motifmedical.com/insurance/qualify
Ohio,OH,Employers Health Network,Motif Medical,https://motifmedical.com/insurance/qualify
Ohio,OH,Essence Healthcare,Motif Medical,https://motifmedical.com/insurance/qualify
Ohio,OH,Exceedent,Motif Medical,https://motifmedical.com/insurance/qualify
Ohio,OH,Fidelis Care,Motif Medical,https://motifmedical.com/insurance/qualify
Ohio,OH,First Choice Health,Motif Medical,https://motifmedical.com/insurance/qualify
Ohio,OH,Friday Health Plan,Motif Medical,https://motifmedical.com/insurance/qualify
Ohio,OH,FrontPath Health Coalition,Motif Medical,https://motifmedical.com/insurance/qualify
Ohio,OH,Galaxy Health Network,Motif Medical,https://motifmedical.com/insurance/qualify
Ohio,OH,Gateway Health,Motif Medical,https://motifmedical.com/insurance/qualify
Ohio,OH,GEHA,Motif Medical,https://motifmedical.com/insurance/qualify
Ohio,OH,Geisinger,Motif Medical,https://motifmedical.com/insurance/qualify
Ohio,OH,Gilsbar,Motif Medical,https://motifmedical.com/insurance/qualify
Ohio,OH,global excel management,Motif Medical,https://motifmedical.com/insurance/qualify
Ohio,OH,group health benefits,Motif Medical,https://motifmedical.com/insurance/qualify
Ohio,OH,Group Health Eau Claire,Motif Medical,https://motifmedical.com/insurance/qualify
Ohio,OH,Harbor Health Plan,Motif Medical,https://motifmedical.com/insurance/qualify
Ohio,OH,Harvard Pilgrim,Motif Medical,https://motifmedical.com/insurance/qualify
Ohio,OH,Health Care Partners,Motif Medical,https://motifmedical.com/insurance/qualify
Ohio,OH,Health Design Plus,Motif Medical,https://motifmedical.com/insurance/qualify
Ohio,OH,health eos,Motif Medical,https://motifmedical.com/insurance/qualify
Ohio,OH,Health EZ,Motif Medical,https://motifmedical.com/insurance/qualify
Ohio,OH,Health New England,Motif Medical,https://motifmedical.com/insurance/qualify
Ohio,OH,Health Options,Motif Medical,https://motifmedical.com/insurance/qualify
Ohio,OH,Health Partners,Motif Medical,https://motifmedical.com/insurance/qualify
Ohio,OH,Health Payment Systems,Motif Medical,https://motifmedical.com/insurance/qualify
Ohio,OH,Health Payors Organization,Motif Medical,https://motifmedical.com/insurance/qualify
Ohio,OH,Health Plan of the Upper Ohio Valley,Motif Medical,https://motifmedical.com/insurance/qualify
Ohio,OH,Health Plan Services,Motif Medical,https://motifmedical.com/insurance/qualify
Ohio,OH,Health Plans Inc,Motif Medical,https://motifmedical.com/insurance/qualify
Ohio,OH,Health Scope,Motif Medical,https://motifmedical.com/insurance/qualify
Ohio,OH,Health Service Review,Motif Medical,https://motifmedical.com/insurance/qualify
Ohio,OH,Health Smart,Motif Medical,https://motifmedical.com/insurance/qualify
Ohio,OH,HealthComp,Motif Medical,https://motifmedical.com/insurance/qualify
Ohio,OH,Healthcomp TPA,Motif Medical,https://motifmedical.com/insurance/qualify
Ohio,OH,Healthgram,Motif Medical,https://motifmedical.com/insurance/qualify
Ohio,OH,HealthLink,Motif Medical,https://motifmedical.com/insurance/qualify
Ohio,OH,HealthSmart,Motif Medical,https://motifmedical.com/insurance/qualify
Ohio,OH,"HealthSmart Preferred Care II, LP",Motif Medical,https://motifmedical.com/insurance/qualify
Ohio,OH,HFN,Motif Medical,https://motifmedical.com/insurance/qualify
Ohio,OH,highlands,Motif Medical,https://motifmedical.com/insurance/qualify
Ohio,OH,Highmark BlueCross BlueShield,Motif Medical,https://motifmedical.com/insurance/qualify
Ohio,OH,Home Care Alliance of Virginia (HCAV),Motif Medical,https://motifmedical.com/insurance/qualify
Ohio,OH,Homelink,Motif Medical,https://motifmedical.com/insurance/qualify
Ohio,OH,Hudson Health Plan,Motif Medical,https://motifmedical.com/insurance/qualify
Ohio,OH,Humana,Motif Medical,https://motifmedical.com/insurance/qualify
Ohio,OH,Humana Healthy Horizons in Ohio,Motif Medical,https://motifmedical.com/insurance/qualify
Ohio,OH,Imagine 394,Motif Medical,https://motifmedical.com/insurance/qualify
Ohio,OH,"immergrun, inc.",Motif Medical,https://motifmedical.com/insurance/qualify
Ohio,OH,Independence BCBS,Motif Medical,https://motifmedical.com/insurance/qualify
Ohio,OH,Independent Health,Motif Medical,https://motifmedical.com/insurance/qualify
Ohio,OH,Independent Medical Systems,Motif Medical,https://motifmedical.com/insurance/qualify
Ohio,OH,indequest,Motif Medical,https://motifmedical.com/insurance/qualify
Ohio,OH,Insurance Management Services,Motif Medical,https://motifmedical.com/insurance/qualify
Ohio,OH,Integra,Motif Medical,https://motifmedical.com/insurance/qualify
Ohio,OH,Integrated Home Care Services - IHCS,Motif Medical,https://motifmedical.com/insurance/qualify
Ohio,OH,INTotal Health,Motif Medical,https://motifmedical.com/insurance/qualify
Ohio,OH,IPMG,Motif Medical,https://motifmedical.com/insurance/qualify
Ohio,OH,J.P. Farley Corporation,Motif Medical,https://motifmedical.com/insurance/qualify
Ohio,OH,Key Benefit Administrators,Motif Medical,https://motifmedical.com/insurance/qualify
Ohio,OH,Keystone First,Motif Medical,https://motifmedical.com/insurance/qualify
Ohio,OH,Klais Health Network,Motif Medical,https://motifmedical.com/insurance/qualify
Ohio,OH,lakes area community healthplan,Motif Medical,https://motifmedical.com/insurance/qualify
Ohio,OH,Lasso Healthcare,Motif Medical,https://motifmedical.com/insurance/qualify
Ohio,OH,Longevity Health Plan,Motif Medical,https://motifmedical.com/insurance/qualify
Ohio,OH,Lucent Health,Motif Medical,https://motifmedical.com/insurance/qualify
Ohio,OH,Luminare,Motif Medical,https://motifmedical.com/insurance/qualify
Ohio,OH,Magellan,Motif Medical,https://motifmedical.com/insurance/qualify
Ohio,OH,Magnacare,Motif Medical,https://motifmedical.com/insurance/qualify
Ohio,OH,Mail Handlers,Motif Medical,https://motifmedical.com/insurance/qualify
Ohio,OH,"Managed Care, Inc dba Galaxy Health Network",Motif Medical,https://motifmedical.com/insurance/qualify
Ohio,OH,Martin's Point,Motif Medical,https://motifmedical.com/insurance/qualify
Ohio,OH,maxor provider network,Motif Medical,https://motifmedical.com/insurance/qualify
Ohio,OH,mcm maxcare ppo,Motif Medical,https://motifmedical.com/insurance/qualify
Ohio,OH,MDWise Healthy Indiana Plan,Motif Medical,https://motifmedical.com/insurance/qualify
Ohio,OH,MedBen,Motif Medical,https://motifmedical.com/insurance/qualify
Ohio,OH,Medcorp Southwest Inc,Motif Medical,https://motifmedical.com/insurance/qualify
Ohio,OH,MedCost,Motif Medical,https://motifmedical.com/insurance/qualify
Ohio,OH,Medi-Share,Motif Medical,https://motifmedical.com/insurance/qualify
Ohio,OH,Medica,Motif Medical,https://motifmedical.com/insurance/qualify
Ohio,OH,Medicaid,Motif Medical,https://motifmedical.com/insurance/qualify
Ohio,OH,Medicaid,Motif Medical,https://motifmedical.com/insurance/qualify
Ohio,OH,Medicaid of Ohio,Motif Medical,https://motifmedical.com/insurance/qualify
Ohio,OH,Medical Benefits,Motif Medical,https://motifmedical.com/insurance/qualify
Ohio,OH,"Medical Cost Containment Professionals, LLC (MCCP)",Motif Medical,https://motifmedical.com/insurance/qualify
Ohio,OH,Medical Mutual,Motif Medical,https://motifmedical.com/insurance/qualify
Ohio,OH,medical resource,Motif Medical,https://motifmedical.com/insurance/qualify
Ohio,OH,Medicare,Motif Medical,https://motifmedical.com/insurance/qualify
Ohio,OH,MediGold,Motif Medical,https://motifmedical.com/insurance/qualify
Ohio,OH,Mercy Health Plan,Motif Medical,https://motifmedical.com/insurance/qualify
Ohio,OH,Meridian Health Plan,Motif Medical,https://motifmedical.com/insurance/qualify
Ohio,OH,Meritain Health,Motif Medical,https://motifmedical.com/insurance/qualify
Ohio,OH,Methodist First Choice,Motif Medical,https://motifmedical.com/insurance/qualify
Ohio,OH,MetroPlus,Motif Medical,https://motifmedical.com/insurance/qualify
Ohio,OH,Midlands Choice,Motif Medical,https://motifmedical.com/insurance/qualify
Ohio,OH,Midwest Health,Motif Medical,https://motifmedical.com/insurance/qualify
Ohio,OH,MissionPoint,Motif Medical,https://motifmedical.com/insurance/qualify
Ohio,OH,Moda Health,Motif Medical,https://motifmedical.com/insurance/qualify
Ohio,OH,Molina,Motif Medical,https://motifmedical.com/insurance/qualify
Ohio,OH,Molina Healthcare of Ohio Medicaid,Motif Medical,https://motifmedical.com/insurance/qualify
Ohio,OH,Mountain Health CO-OP,Motif Medical,https://motifmedical.com/insurance/qualify
Ohio,OH,Multiplan-PHCS,Motif Medical,https://motifmedical.com/insurance/qualify
Ohio,OH,Mutual Assurance Administrators,Motif Medical,https://motifmedical.com/insurance/qualify
Ohio,OH,National Association of Letter Carriers,Motif Medical,https://motifmedical.com/insurance/qualify
Ohio,OH,National Elevator Industry Health Benefits,Motif Medical,https://motifmedical.com/insurance/qualify
Ohio,OH,Network Preferred - Physician Hospital Alliance,Motif Medical,https://motifmedical.com/insurance/qualify
Ohio,OH,North American Benefits,Motif Medical,https://motifmedical.com/insurance/qualify
Ohio,OH,NYSHIP,Motif Medical,https://motifmedical.com/insurance/qualify
Ohio,OH,Ohio Bureau of Workers Compensation,Motif Medical,https://motifmedical.com/insurance/qualify
Ohio,OH,Ohio Health Choice,Motif Medical,https://motifmedical.com/insurance/qualify
Ohio,OH,Ohio Health Group,Motif Medical,https://motifmedical.com/insurance/qualify
Ohio,OH,Ohio Healthy,Motif Medical,https://motifmedical.com/insurance/qualify
Ohio,OH,Ohio Preferred Network,Motif Medical,https://motifmedical.com/insurance/qualify
Ohio,OH,One Homecare Solutions,Motif Medical,https://motifmedical.com/insurance/qualify
Ohio,OH,Onecall,Motif Medical,https://motifmedical.com/insurance/qualify
Ohio,OH,Optum,Motif Medical,https://motifmedical.com/insurance/qualify
Ohio,OH,Oscar,Motif Medical,https://motifmedical.com/insurance/qualify
Ohio,OH,Oscar OH-Commercial,Motif Medical,https://motifmedical.com/insurance/qualify
Ohio,OH,OSU - The Ohio State University Health Plan,Motif Medical,https://motifmedical.com/insurance/qualify
Ohio,OH,OSU PRIME CARE ADVANTAGE,Motif Medical,https://motifmedical.com/insurance/qualify
Ohio,OH,Other,Motif Medical,https://motifmedical.com/insurance/qualify
Ohio,OH,OWCA,Motif Medical,https://motifmedical.com/insurance/qualify
Ohio,OH,Oxford Health Plans,Motif Medical,https://motifmedical.com/insurance/qualify
Ohio,OH,Pacific Source Health Plans,Motif Medical,https://motifmedical.com/insurance/qualify
Ohio,OH,Paradigm,Motif Medical,https://motifmedical.com/insurance/qualify
Ohio,OH,Paramount,Motif Medical,https://motifmedical.com/insurance/qualify
Ohio,OH,Paramount Advantage - OH,Motif Medical,https://motifmedical.com/insurance/qualify
Ohio,OH,Parkland Community Health,Motif Medical,https://motifmedical.com/insurance/qualify
Ohio,OH,Parkview Signature Care,Motif Medical,https://motifmedical.com/insurance/qualify
Ohio,OH,Parkview Total Health - Parkview Signature Care PPO Network,Motif Medical,https://motifmedical.com/insurance/qualify
Ohio,OH,Performance Health,Motif Medical,https://motifmedical.com/insurance/qualify
Ohio,OH,Piedmont Healthcare,Motif Medical,https://motifmedical.com/insurance/qualify
Ohio,OH,Pinnacle Assurance,Motif Medical,https://motifmedical.com/insurance/qualify
Ohio,OH,Porter County Government Employee Benefits,Motif Medical,https://motifmedical.com/insurance/qualify
Ohio,OH,PPO Plus,Motif Medical,https://motifmedical.com/insurance/qualify
Ohio,OH,Prairie States,Motif Medical,https://motifmedical.com/insurance/qualify
Ohio,OH,Preferred Health Professionals,Motif Medical,https://motifmedical.com/insurance/qualify
Ohio,OH,Preferred Medical Network,Motif Medical,https://motifmedical.com/insurance/qualify
Ohio,OH,Preferred One,Motif Medical,https://motifmedical.com/insurance/qualify
Ohio,OH,Presbyterian Health Plan,Motif Medical,https://motifmedical.com/insurance/qualify
Ohio,OH,Prime Net,Motif Medical,https://motifmedical.com/insurance/qualify
Ohio,OH,Priority Health,Motif Medical,https://motifmedical.com/insurance/qualify
Ohio,OH,PROVIDENCE HEALTH,Motif Medical,https://motifmedical.com/insurance/qualify
Ohio,OH,Provider Network of America,Motif Medical,https://motifmedical.com/insurance/qualify
Ohio,OH,QualChoice,Motif Medical,https://motifmedical.com/insurance/qualify
Ohio,OH,Quality Care Partners,Motif Medical,https://motifmedical.com/insurance/qualify
Ohio,OH,Quantum/Community Coordinated Healthcare,Motif Medical,https://motifmedical.com/insurance/qualify
Ohio,OH,Quartz,Motif Medical,https://motifmedical.com/insurance/qualify
Ohio,OH,Qubic,Motif Medical,https://motifmedical.com/insurance/qualify
Ohio,OH,Reserve National Insurance Company,Motif Medical,https://motifmedical.com/insurance/qualify
Ohio,OH,ResourceOne Administrators,Motif Medical,https://motifmedical.com/insurance/qualify
Ohio,OH,S & S Health,Motif Medical,https://motifmedical.com/insurance/qualify
Ohio,OH,Samaritan,Motif Medical,https://motifmedical.com/insurance/qualify
Ohio,OH,Sana Benefits,Motif Medical,https://motifmedical.com/insurance/qualify
Ohio,OH,Sanford Health Plan,Motif Medical,https://motifmedical.com/insurance/qualify
Ohio,OH,Scott & White Health Plan,Motif Medical,https://motifmedical.com/insurance/qualify
Ohio,OH,Sedgwick,Motif Medical,https://motifmedical.com/insurance/qualify
Ohio,OH,Select Administrative Services,Motif Medical,https://motifmedical.com/insurance/qualify
Ohio,OH,Self Insured Services Company,Motif Medical,https://motifmedical.com/insurance/qualify
Ohio,OH,Self-funded Plans,Motif Medical,https://motifmedical.com/insurance/qualify
Ohio,OH,Sentara Health Plans,Motif Medical,https://motifmedical.com/insurance/qualify
Ohio,OH,Sentry Insurance,Motif Medical,https://motifmedical.com/insurance/qualify
Ohio,OH,Sheakley Unicomp,Motif Medical,https://motifmedical.com/insurance/qualify
Ohio,OH,SIHO,Motif Medical,https://motifmedical.com/insurance/qualify
Ohio,OH,SIX DEGREES HEALTH,Motif Medical,https://motifmedical.com/insurance/qualify
Ohio,OH,SmartHealth,Motif Medical,https://motifmedical.com/insurance/qualify
Ohio,OH,SMS National,Motif Medical,https://motifmedical.com/insurance/qualify
Ohio,OH,Sound Health and Wellness,Motif Medical,https://motifmedical.com/insurance/qualify
Ohio,OH,South Central Preferred,Motif Medical,https://motifmedical.com/insurance/qualify
Ohio,OH,Starmark,Motif Medical,https://motifmedical.com/insurance/qualify
Ohio,OH,SummaCare,Motif Medical,https://motifmedical.com/insurance/qualify
Ohio,OH,The American Worker,Motif Medical,https://motifmedical.com/insurance/qualify
Ohio,OH,The American Worker (f.k.a Century Healthcare),Motif Medical,https://motifmedical.com/insurance/qualify
Ohio,OH,The Empire Plan,Motif Medical,https://motifmedical.com/insurance/qualify
Ohio,OH,The Health Plan,Motif Medical,https://motifmedical.com/insurance/qualify
Ohio,OH,Tricare,Motif Medical,https://motifmedical.com/insurance/qualify
Ohio,OH,TriCare – East Region,Motif Medical,https://motifmedical.com/insurance/qualify
Ohio,OH,Tricare East,Motif Medical,https://motifmedical.com/insurance/qualify
Ohio,OH,Tricare Overseas,Motif Medical,https://motifmedical.com/insurance/qualify
Ohio,OH,Trilogy,Motif Medical,https://motifmedical.com/insurance/qualify
Ohio,OH,TRPN,Motif Medical,https://motifmedical.com/insurance/qualify
Ohio,OH,Trustmark,Motif Medical,https://motifmedical.com/insurance/qualify
Ohio,OH,Tufts Health Plan,Motif Medical,https://motifmedical.com/insurance/qualify
Ohio,OH,Ucare,Motif Medical,https://motifmedical.com/insurance/qualify
Ohio,OH,UHC ALL SAVERS,Motif Medical,https://motifmedical.com/insurance/qualify
Ohio,OH,UHC SHARED SERVICES,Motif Medical,https://motifmedical.com/insurance/qualify
Ohio,OH,UHC STUDENT RESOURCES,Motif Medical,https://motifmedical.com/insurance/qualify
Ohio,OH,UHC SUREST,Motif Medical,https://motifmedical.com/insurance/qualify
Ohio,OH,UHIS,Motif Medical,https://motifmedical.com/insurance/qualify
Ohio,OH,UMR,Motif Medical,https://motifmedical.com/insurance/qualify
Ohio,OH,UMWA Health & Retirement Funds,Motif Medical,https://motifmedical.com/insurance/qualify
Ohio,OH,Unicare,Motif Medical,https://motifmedical.com/insurance/qualify
Ohio,OH,United,Motif Medical,https://motifmedical.com/insurance/qualify
Ohio,OH,United Healthcare,Motif Medical,https://motifmedical.com/insurance/qualify
Ohio,OH,United Healthcare  Commercial and Medicare,Motif Medical,https://motifmedical.com/insurance/qualify
Ohio,OH,United Healthcare All Savers,Motif Medical,https://motifmedical.com/insurance/qualify
Ohio,OH,United Healthcare Community Plan of Ohio,Motif Medical,https://motifmedical.com/insurance/qualify
Ohio,OH,United Healthcare Medicaid,Motif Medical,https://motifmedical.com/insurance/qualify
Ohio,OH,United Healthcare Shared Services,Motif Medical,https://motifmedical.com/insurance/qualify
Ohio,OH,United Healthcare StudentResources,Motif Medical,https://motifmedical.com/insurance/qualify
Ohio,OH,United Student Resources,Motif Medical,https://motifmedical.com/insurance/qualify
Ohio,OH,UnitedHealthcare Community Plan,Motif Medical,https://motifmedical.com/insurance/qualify
Ohio,OH,UPMC,Motif Medical,https://motifmedical.com/insurance/qualify
Ohio,OH,US Family Health Plan,Motif Medical,https://motifmedical.com/insurance/qualify
Ohio,OH,USA MANAGED CARE ORGANIZATIONS,Motif Medical,https://motifmedical.com/insurance/qualify
Ohio,OH,Valenz,Motif Medical,https://motifmedical.com/insurance/qualify
Ohio,OH,Valenz f.k.a United Claim Solutions (PPO Network),Motif Medical,https://motifmedical.com/insurance/qualify
Ohio,OH,ValuePoint,Motif Medical,https://motifmedical.com/insurance/qualify
Ohio,OH,WEB HEALTH SOLUTIONS,Motif Medical,https://motifmedical.com/insurance/qualify
Ohio,OH,WebTPA,Motif Medical,https://motifmedical.com/insurance/qualify
Ohio,OH,Wellcare,Motif Medical,https://motifmedical.com/insurance/qualify
Ohio,OH,WellFirst Health,Motif Medical,https://motifmedical.com/insurance/qualify
Ohio,OH,WellMed,Motif Medical,https://motifmedical.com/insurance/qualify
Ohio,OH,Western & Southern Financial Group,Motif Medical,https://motifmedical.com/insurance/qualify
Ohio,OH,World Trade Center,Motif Medical,https://motifmedical.com/insurance/qualify
Ohio,OH,Zelis,Motif Medical,https://motifmedical.com/insurance/qualify
Ohio,OH,ZENITH ADMIN,Motif Medical,https://motifmedical.com/insurance/qualify
Pennsylvania,PA,A&S Financial,Motif Medical,https://motifmedical.com/insurance/qualify
Pennsylvania,PA,Access Health Services - TPA,Motif Medical,https://motifmedical.com/insurance/qualify
Pennsylvania,PA,Aetna,Motif Medical,https://motifmedical.com/insurance/qualify
Pennsylvania,PA,Aetna Atlantic Health,Motif Medical,https://motifmedical.com/insurance/qualify
Pennsylvania,PA,Aetna Better Health of Pennsylvania,Motif Medical,https://motifmedical.com/insurance/qualify
Pennsylvania,PA,Aetna National,Motif Medical,https://motifmedical.com/insurance/qualify
Pennsylvania,PA,Affinity,Motif Medical,https://motifmedical.com/insurance/qualify
Pennsylvania,PA,All Savers Health Plans,Motif Medical,https://motifmedical.com/insurance/qualify
Pennsylvania,PA,Allegeant,Motif Medical,https://motifmedical.com/insurance/qualify
Pennsylvania,PA,Allegiance,Motif Medical,https://motifmedical.com/insurance/qualify
Pennsylvania,PA,Alliant Health,Motif Medical,https://motifmedical.com/insurance/qualify
Pennsylvania,PA,Allied Health Benefits,Motif Medical,https://motifmedical.com/insurance/qualify
Pennsylvania,PA,AllWays Health Partners,Motif Medical,https://motifmedical.com/insurance/qualify
Pennsylvania,PA,Alternative Insurance Resources,Motif Medical,https://motifmedical.com/insurance/qualify
Pennsylvania,PA,Ambetter,Motif Medical,https://motifmedical.com/insurance/qualify
Pennsylvania,PA,AmBetter Commercial,Motif Medical,https://motifmedical.com/insurance/qualify
Pennsylvania,PA,AmeriBen,Motif Medical,https://motifmedical.com/insurance/qualify
Pennsylvania,PA,America's Choice Provider Network,Motif Medical,https://motifmedical.com/insurance/qualify
Pennsylvania,PA,American Healthcare Alliance,Motif Medical,https://motifmedical.com/insurance/qualify
Pennsylvania,PA,American PPO,Motif Medical,https://motifmedical.com/insurance/qualify
Pennsylvania,PA,AmeriGroup,Motif Medical,https://motifmedical.com/insurance/qualify
Pennsylvania,PA,AmeriHealth,Motif Medical,https://motifmedical.com/insurance/qualify
Pennsylvania,PA,Ametros,Motif Medical,https://motifmedical.com/insurance/qualify
Pennsylvania,PA,Ancillary Care Services,Motif Medical,https://motifmedical.com/insurance/qualify
Pennsylvania,PA,Anthem BCBCS,Motif Medical,https://motifmedical.com/insurance/qualify
Pennsylvania,PA,Anthem BCBS,Motif Medical,https://motifmedical.com/insurance/qualify
Pennsylvania,PA,Anthem Blue Cross Blue Shield,Motif Medical,https://motifmedical.com/insurance/qualify
Pennsylvania,PA,Anthem Medicaid,Motif Medical,https://motifmedical.com/insurance/qualify
Pennsylvania,PA,Arcbest Corporation,Motif Medical,https://motifmedical.com/insurance/qualify
Pennsylvania,PA,ASURIS,Motif Medical,https://motifmedical.com/insurance/qualify
Pennsylvania,PA,Atrio Health Plans,Motif Medical,https://motifmedical.com/insurance/qualify
Pennsylvania,PA,Badger Care,Motif Medical,https://motifmedical.com/insurance/qualify
Pennsylvania,PA,BCE Emergis,Motif Medical,https://motifmedical.com/insurance/qualify
Pennsylvania,PA,Beacon Health,Motif Medical,https://motifmedical.com/insurance/qualify
Pennsylvania,PA,Beech Street,Motif Medical,https://motifmedical.com/insurance/qualify
Pennsylvania,PA,Benefit Assistance Corp,Motif Medical,https://motifmedical.com/insurance/qualify
Pennsylvania,PA,Berkshire Health Partners,Motif Medical,https://motifmedical.com/insurance/qualify
Pennsylvania,PA,Blue Benefit Administrators,Motif Medical,https://motifmedical.com/insurance/qualify
Pennsylvania,PA,Blue Cross Blue Shield,Motif Medical,https://motifmedical.com/insurance/qualify
Pennsylvania,PA,Blue Ridge Health,Motif Medical,https://motifmedical.com/insurance/qualify
Pennsylvania,PA,Bluegrass Family Health,Motif Medical,https://motifmedical.com/insurance/qualify
Pennsylvania,PA,BMI Benefits LLC,Motif Medical,https://motifmedical.com/insurance/qualify
Pennsylvania,PA,Boulder Admin,Motif Medical,https://motifmedical.com/insurance/qualify
Pennsylvania,PA,Buckeye Community Health Plan,Motif Medical,https://motifmedical.com/insurance/qualify
Pennsylvania,PA,Capital Blue Cross,Motif Medical,https://motifmedical.com/insurance/qualify
Pennsylvania,PA,Capital Blue Cross of Pennsylvania,Motif Medical,https://motifmedical.com/insurance/qualify
Pennsylvania,PA,CareFirst Administrators,Motif Medical,https://motifmedical.com/insurance/qualify
Pennsylvania,PA,CareFirst BCBS,Motif Medical,https://motifmedical.com/insurance/qualify
Pennsylvania,PA,Careington International,Motif Medical,https://motifmedical.com/insurance/qualify
Pennsylvania,PA,Caresource,Motif Medical,https://motifmedical.com/insurance/qualify
Pennsylvania,PA,CAREVALENT GILSBAR,Motif Medical,https://motifmedical.com/insurance/qualify
Pennsylvania,PA,Carpenters Health & Welfare Fund,Motif Medical,https://motifmedical.com/insurance/qualify
Pennsylvania,PA,Cedar Valley Community Healthcare,Motif Medical,https://motifmedical.com/insurance/qualify
Pennsylvania,PA,Cedar Valley Hospice - Transportation,Motif Medical,https://motifmedical.com/insurance/qualify
Pennsylvania,PA,Centene,Motif Medical,https://motifmedical.com/insurance/qualify
Pennsylvania,PA,Century Health Solutions,Motif Medical,https://motifmedical.com/insurance/qualify
Pennsylvania,PA,Cerner Health Plan,Motif Medical,https://motifmedical.com/insurance/qualify
Pennsylvania,PA,CHAMP VA,Motif Medical,https://motifmedical.com/insurance/qualify
Pennsylvania,PA,CHN Solutions,Motif Medical,https://motifmedical.com/insurance/qualify
Pennsylvania,PA,Choice Care Network,Motif Medical,https://motifmedical.com/insurance/qualify
Pennsylvania,PA,Cigna,Motif Medical,https://motifmedical.com/insurance/qualify
Pennsylvania,PA,Cigna Medicare of PA (Mid Atlantic Region) - Medicare Plans Only,Motif Medical,https://motifmedical.com/insurance/qualify
Pennsylvania,PA,Clear Care PPO,Motif Medical,https://motifmedical.com/insurance/qualify
Pennsylvania,PA,Clear Spring Health HMO,Motif Medical,https://motifmedical.com/insurance/qualify
Pennsylvania,PA,ClearPrice Networks,Motif Medical,https://motifmedical.com/insurance/qualify
Pennsylvania,PA,Clover Health,Motif Medical,https://motifmedical.com/insurance/qualify
Pennsylvania,PA,CMN Inc. Global,Motif Medical,https://motifmedical.com/insurance/qualify
Pennsylvania,PA,Coastal Care Services,Motif Medical,https://motifmedical.com/insurance/qualify
Pennsylvania,PA,Cofinity Health Benefits,Motif Medical,https://motifmedical.com/insurance/qualify
Pennsylvania,PA,Common Ground Health Care,Motif Medical,https://motifmedical.com/insurance/qualify
Pennsylvania,PA,Commonwealth Care Alliance,Motif Medical,https://motifmedical.com/insurance/qualify
Pennsylvania,PA,Community Care,Motif Medical,https://motifmedical.com/insurance/qualify
Pennsylvania,PA,Community Health Choice,Motif Medical,https://motifmedical.com/insurance/qualify
Pennsylvania,PA,Community Health Options,Motif Medical,https://motifmedical.com/insurance/qualify
Pennsylvania,PA,Compass Rose Health Plan,Motif Medical,https://motifmedical.com/insurance/qualify
Pennsylvania,PA,CompDME,Motif Medical,https://motifmedical.com/insurance/qualify
Pennsylvania,PA,Connecticare,Motif Medical,https://motifmedical.com/insurance/qualify
Pennsylvania,PA,CONSOCIATE CARE,Motif Medical,https://motifmedical.com/insurance/qualify
Pennsylvania,PA,Continental Benefits,Motif Medical,https://motifmedical.com/insurance/qualify
Pennsylvania,PA,Cook County Health Plan,Motif Medical,https://motifmedical.com/insurance/qualify
Pennsylvania,PA,CoreSource,Motif Medical,https://motifmedical.com/insurance/qualify
Pennsylvania,PA,Coventry Health Care,Motif Medical,https://motifmedical.com/insurance/qualify
Pennsylvania,PA,CuraeChoice,Motif Medical,https://motifmedical.com/insurance/qualify
Pennsylvania,PA,Delta Health Systems,Motif Medical,https://motifmedical.com/insurance/qualify
Pennsylvania,PA,Deseret Mutual Benefit Administrators,Motif Medical,https://motifmedical.com/insurance/qualify
Pennsylvania,PA,Devon Health Services,Motif Medical,https://motifmedical.com/insurance/qualify
Pennsylvania,PA,DMEnsions,Motif Medical,https://motifmedical.com/insurance/qualify
Pennsylvania,PA,Eagle Health Plan,Motif Medical,https://motifmedical.com/insurance/qualify
Pennsylvania,PA,EBMS,Motif Medical,https://motifmedical.com/insurance/qualify
Pennsylvania,PA,EBPA,Motif Medical,https://motifmedical.com/insurance/qualify
Pennsylvania,PA,Emblem Health,Motif Medical,https://motifmedical.com/insurance/qualify
Pennsylvania,PA,Employer's Choice Network (ECN),Motif Medical,https://motifmedical.com/insurance/qualify
Pennsylvania,PA,Employers Health Network,Motif Medical,https://motifmedical.com/insurance/qualify
Pennsylvania,PA,Exceedent,Motif Medical,https://motifmedical.com/insurance/qualify
Pennsylvania,PA,Excellus BlueCross BlueShield,Motif Medical,https://motifmedical.com/insurance/qualify
Pennsylvania,PA,Fidelis Care,Motif Medical,https://motifmedical.com/insurance/qualify
Pennsylvania,PA,First Choice Health,Motif Medical,https://motifmedical.com/insurance/qualify
Pennsylvania,PA,First MCO Pennsylvania,Motif Medical,https://motifmedical.com/insurance/qualify
Pennsylvania,PA,Friday Health Plan,Motif Medical,https://motifmedical.com/insurance/qualify
Pennsylvania,PA,FutureScripts,Motif Medical,https://motifmedical.com/insurance/qualify
Pennsylvania,PA,Galaxy Health Network,Motif Medical,https://motifmedical.com/insurance/qualify
Pennsylvania,PA,Gateway Health,Motif Medical,https://motifmedical.com/insurance/qualify
Pennsylvania,PA,Gateway Health Plan,Motif Medical,https://motifmedical.com/insurance/qualify
Pennsylvania,PA,GEHA,Motif Medical,https://motifmedical.com/insurance/qualify
Pennsylvania,PA,Geisinger,Motif Medical,https://motifmedical.com/insurance/qualify
Pennsylvania,PA,Geisinger Health Plan,Motif Medical,https://motifmedical.com/insurance/qualify
Pennsylvania,PA,Gilsbar,Motif Medical,https://motifmedical.com/insurance/qualify
Pennsylvania,PA,global excel management,Motif Medical,https://motifmedical.com/insurance/qualify
Pennsylvania,PA,group health benefits,Motif Medical,https://motifmedical.com/insurance/qualify
Pennsylvania,PA,Group Health Eau Claire,Motif Medical,https://motifmedical.com/insurance/qualify
Pennsylvania,PA,Harbor Health Plan,Motif Medical,https://motifmedical.com/insurance/qualify
Pennsylvania,PA,Harvard Pilgrim,Motif Medical,https://motifmedical.com/insurance/qualify
Pennsylvania,PA,Health Care Partners,Motif Medical,https://motifmedical.com/insurance/qualify
Pennsylvania,PA,health eos,Motif Medical,https://motifmedical.com/insurance/qualify
Pennsylvania,PA,Health EZ,Motif Medical,https://motifmedical.com/insurance/qualify
Pennsylvania,PA,Health New England,Motif Medical,https://motifmedical.com/insurance/qualify
Pennsylvania,PA,Health Options,Motif Medical,https://motifmedical.com/insurance/qualify
Pennsylvania,PA,Health Partners,Motif Medical,https://motifmedical.com/insurance/qualify
Pennsylvania,PA,Health Payment Systems,Motif Medical,https://motifmedical.com/insurance/qualify
Pennsylvania,PA,Health Plan Services,Motif Medical,https://motifmedical.com/insurance/qualify
Pennsylvania,PA,Health Plans Inc,Motif Medical,https://motifmedical.com/insurance/qualify
Pennsylvania,PA,Health Scope,Motif Medical,https://motifmedical.com/insurance/qualify
Pennsylvania,PA,Health Smart,Motif Medical,https://motifmedical.com/insurance/qualify
Pennsylvania,PA,HealthAmerica,Motif Medical,https://motifmedical.com/insurance/qualify
Pennsylvania,PA,HealthComp,Motif Medical,https://motifmedical.com/insurance/qualify
Pennsylvania,PA,Healthcomp TPA,Motif Medical,https://motifmedical.com/insurance/qualify
Pennsylvania,PA,Healthgram,Motif Medical,https://motifmedical.com/insurance/qualify
Pennsylvania,PA,HealthLink,Motif Medical,https://motifmedical.com/insurance/qualify
Pennsylvania,PA,HealthSmart,Motif Medical,https://motifmedical.com/insurance/qualify
Pennsylvania,PA,"HealthSmart Preferred Care II, LP",Motif Medical,https://motifmedical.com/insurance/qualify
Pennsylvania,PA,HFN,Motif Medical,https://motifmedical.com/insurance/qualify
Pennsylvania,PA,highlands,Motif Medical,https://motifmedical.com/insurance/qualify
Pennsylvania,PA,Highmark BCBS,Motif Medical,https://motifmedical.com/insurance/qualify
Pennsylvania,PA,Highmark BlueCross BlueShield,Motif Medical,https://motifmedical.com/insurance/qualify
Pennsylvania,PA,Highmark Health,Motif Medical,https://motifmedical.com/insurance/qualify
Pennsylvania,PA,Highmark Wholecare/Gateway Health Plans,Motif Medical,https://motifmedical.com/insurance/qualify
Pennsylvania,PA,Home Care Alliance of Virginia (HCAV),Motif Medical,https://motifmedical.com/insurance/qualify
Pennsylvania,PA,Homelink,Motif Medical,https://motifmedical.com/insurance/qualify
Pennsylvania,PA,Hudson Health Plan,Motif Medical,https://motifmedical.com/insurance/qualify
Pennsylvania,PA,Humana,Motif Medical,https://motifmedical.com/insurance/qualify
Pennsylvania,PA,Imagine 397,Motif Medical,https://motifmedical.com/insurance/qualify
Pennsylvania,PA,"immergrun, inc.",Motif Medical,https://motifmedical.com/insurance/qualify
Pennsylvania,PA,Independence BCBS,Motif Medical,https://motifmedical.com/insurance/qualify
Pennsylvania,PA,Independence Bluecross,Motif Medical,https://motifmedical.com/insurance/qualify
Pennsylvania,PA,Independent Health,Motif Medical,https://motifmedical.com/insurance/qualify
Pennsylvania,PA,Independent Medical Systems,Motif Medical,https://motifmedical.com/insurance/qualify
Pennsylvania,PA,indequest,Motif Medical,https://motifmedical.com/insurance/qualify
Pennsylvania,PA,Inservco,Motif Medical,https://motifmedical.com/insurance/qualify
Pennsylvania,PA,Insurance Management Services,Motif Medical,https://motifmedical.com/insurance/qualify
Pennsylvania,PA,Integra,Motif Medical,https://motifmedical.com/insurance/qualify
Pennsylvania,PA,Intergroup Services,Motif Medical,https://motifmedical.com/insurance/qualify
Pennsylvania,PA,INTotal Health,Motif Medical,https://motifmedical.com/insurance/qualify
Pennsylvania,PA,IPMG,Motif Medical,https://motifmedical.com/insurance/qualify
Pennsylvania,PA,J.P. Farley Corporation,Motif Medical,https://motifmedical.com/insurance/qualify
Pennsylvania,PA,Jai Medical Center,Motif Medical,https://motifmedical.com/insurance/qualify
Pennsylvania,PA,Jefferson Health Plans PA - Medicaid,Motif Medical,https://motifmedical.com/insurance/qualify
Pennsylvania,PA,Key Benefit Administrators,Motif Medical,https://motifmedical.com/insurance/qualify
Pennsylvania,PA,Keystone 65 Focus Medicare Advantage HMO,Motif Medical,https://motifmedical.com/insurance/qualify
Pennsylvania,PA,Keystone East,Motif Medical,https://motifmedical.com/insurance/qualify
Pennsylvania,PA,Keystone First,Motif Medical,https://motifmedical.com/insurance/qualify
Pennsylvania,PA,Keystone Health,Motif Medical,https://motifmedical.com/insurance/qualify
Pennsylvania,PA,lakes area community healthplan,Motif Medical,https://motifmedical.com/insurance/qualify
Pennsylvania,PA,Lasso Healthcare,Motif Medical,https://motifmedical.com/insurance/qualify
Pennsylvania,PA,Loomis,Motif Medical,https://motifmedical.com/insurance/qualify
Pennsylvania,PA,Lucent Health,Motif Medical,https://motifmedical.com/insurance/qualify
Pennsylvania,PA,Luminare,Motif Medical,https://motifmedical.com/insurance/qualify
Pennsylvania,PA,Magellan,Motif Medical,https://motifmedical.com/insurance/qualify
Pennsylvania,PA,Magnacare,Motif Medical,https://motifmedical.com/insurance/qualify
Pennsylvania,PA,Mail Handlers,Motif Medical,https://motifmedical.com/insurance/qualify
Pennsylvania,PA,"Managed Care, Inc dba Galaxy Health Network",Motif Medical,https://motifmedical.com/insurance/qualify
Pennsylvania,PA,Martin's Point,Motif Medical,https://motifmedical.com/insurance/qualify
Pennsylvania,PA,maxor provider network,Motif Medical,https://motifmedical.com/insurance/qualify
Pennsylvania,PA,"MCA Adminsitrators, Inc., Managed Care of America, Inc., CARE Network",Motif Medical,https://motifmedical.com/insurance/qualify
Pennsylvania,PA,mcm maxcare ppo,Motif Medical,https://motifmedical.com/insurance/qualify
Pennsylvania,PA,Medcorp Southwest Inc,Motif Medical,https://motifmedical.com/insurance/qualify
Pennsylvania,PA,MedCost,Motif Medical,https://motifmedical.com/insurance/qualify
Pennsylvania,PA,Medi-Share,Motif Medical,https://motifmedical.com/insurance/qualify
Pennsylvania,PA,Medica,Motif Medical,https://motifmedical.com/insurance/qualify
Pennsylvania,PA,Medicaid,Motif Medical,https://motifmedical.com/insurance/qualify
Pennsylvania,PA,Medicaid of Pennsylvania,Motif Medical,https://motifmedical.com/insurance/qualify
Pennsylvania,PA,"Medical Cost Containment Professionals, LLC (MCCP)",Motif Medical,https://motifmedical.com/insurance/qualify
Pennsylvania,PA,medical resource,Motif Medical,https://motifmedical.com/insurance/qualify
Pennsylvania,PA,Medicare,Motif Medical,https://motifmedical.com/insurance/qualify
Pennsylvania,PA,MedStar Family Choice,Motif Medical,https://motifmedical.com/insurance/qualify
Pennsylvania,PA,Medstar Select,Motif Medical,https://motifmedical.com/insurance/qualify
Pennsylvania,PA,Meridian Health Plan,Motif Medical,https://motifmedical.com/insurance/qualify
Pennsylvania,PA,Meritain Health,Motif Medical,https://motifmedical.com/insurance/qualify
Pennsylvania,PA,Methodist First Choice,Motif Medical,https://motifmedical.com/insurance/qualify
Pennsylvania,PA,MetroPlus,Motif Medical,https://motifmedical.com/insurance/qualify
Pennsylvania,PA,Midlands Choice,Motif Medical,https://motifmedical.com/insurance/qualify
Pennsylvania,PA,Midwest Health,Motif Medical,https://motifmedical.com/insurance/qualify
Pennsylvania,PA,MissionPoint,Motif Medical,https://motifmedical.com/insurance/qualify
Pennsylvania,PA,Moda Health,Motif Medical,https://motifmedical.com/insurance/qualify
Pennsylvania,PA,Molina,Motif Medical,https://motifmedical.com/insurance/qualify
Pennsylvania,PA,Mountain Health CO-OP,Motif Medical,https://motifmedical.com/insurance/qualify
Pennsylvania,PA,Multiplan-PHCS,Motif Medical,https://motifmedical.com/insurance/qualify
Pennsylvania,PA,Mutual Assurance Administrators,Motif Medical,https://motifmedical.com/insurance/qualify
Pennsylvania,PA,National Association of Letter Carriers,Motif Medical,https://motifmedical.com/insurance/qualify
Pennsylvania,PA,National Elevator Industry Health Benefits,Motif Medical,https://motifmedical.com/insurance/qualify
Pennsylvania,PA,NYSHIP,Motif Medical,https://motifmedical.com/insurance/qualify
Pennsylvania,PA,One Homecare Solutions,Motif Medical,https://motifmedical.com/insurance/qualify
Pennsylvania,PA,Onecall,Motif Medical,https://motifmedical.com/insurance/qualify
Pennsylvania,PA,Optum,Motif Medical,https://motifmedical.com/insurance/qualify
Pennsylvania,PA,Oscar,Motif Medical,https://motifmedical.com/insurance/qualify
Pennsylvania,PA,Oscar PA-Commercial,Motif Medical,https://motifmedical.com/insurance/qualify
Pennsylvania,PA,Other,Motif Medical,https://motifmedical.com/insurance/qualify
Pennsylvania,PA,OWCA,Motif Medical,https://motifmedical.com/insurance/qualify
Pennsylvania,PA,Oxford Health Plans,Motif Medical,https://motifmedical.com/insurance/qualify
Pennsylvania,PA,PA Employee Benefit Dimensions,Motif Medical,https://motifmedical.com/insurance/qualify
Pennsylvania,PA,PA Health and Wellness,Motif Medical,https://motifmedical.com/insurance/qualify
Pennsylvania,PA,Pacific Source Health Plans,Motif Medical,https://motifmedical.com/insurance/qualify
Pennsylvania,PA,Paradigm,Motif Medical,https://motifmedical.com/insurance/qualify
Pennsylvania,PA,Paramount,Motif Medical,https://motifmedical.com/insurance/qualify
Pennsylvania,PA,Penn Highlands Health Plan,Motif Medical,https://motifmedical.com/insurance/qualify
Pennsylvania,PA,Pennsylvania Health and Wellness,Motif Medical,https://motifmedical.com/insurance/qualify
Pennsylvania,PA,Pennsylvania Medicaid,Motif Medical,https://motifmedical.com/insurance/qualify
Pennsylvania,PA,Pennsylvania's Preferred Health Networks,Motif Medical,https://motifmedical.com/insurance/qualify
Pennsylvania,PA,Performance Health,Motif Medical,https://motifmedical.com/insurance/qualify
Pennsylvania,PA,Piedmont Healthcare,Motif Medical,https://motifmedical.com/insurance/qualify
Pennsylvania,PA,Pinnacle Assurance,Motif Medical,https://motifmedical.com/insurance/qualify
Pennsylvania,PA,Porter County Government Employee Benefits,Motif Medical,https://motifmedical.com/insurance/qualify
Pennsylvania,PA,PPHN,Motif Medical,https://motifmedical.com/insurance/qualify
Pennsylvania,PA,PPO Plus,Motif Medical,https://motifmedical.com/insurance/qualify
Pennsylvania,PA,Prairie States,Motif Medical,https://motifmedical.com/insurance/qualify
Pennsylvania,PA,Preferred Health Professionals,Motif Medical,https://motifmedical.com/insurance/qualify
Pennsylvania,PA,Preferred Medical Network,Motif Medical,https://motifmedical.com/insurance/qualify
Pennsylvania,PA,Preferred One,Motif Medical,https://motifmedical.com/insurance/qualify
Pennsylvania,PA,Presbyterian Health Plan,Motif Medical,https://motifmedical.com/insurance/qualify
Pennsylvania,PA,Primesource,Motif Medical,https://motifmedical.com/insurance/qualify
Pennsylvania,PA,Priority Health,Motif Medical,https://motifmedical.com/insurance/qualify
Pennsylvania,PA,PROVIDENCE HEALTH,Motif Medical,https://motifmedical.com/insurance/qualify
Pennsylvania,PA,Provider Network of America,Motif Medical,https://motifmedical.com/insurance/qualify
Pennsylvania,PA,QualChoice,Motif Medical,https://motifmedical.com/insurance/qualify
Pennsylvania,PA,Quartz,Motif Medical,https://motifmedical.com/insurance/qualify
Pennsylvania,PA,Reserve National Insurance Company,Motif Medical,https://motifmedical.com/insurance/qualify
Pennsylvania,PA,ResourceOne Administrators,Motif Medical,https://motifmedical.com/insurance/qualify
Pennsylvania,PA,S & S Health,Motif Medical,https://motifmedical.com/insurance/qualify
Pennsylvania,PA,Samaritan,Motif Medical,https://motifmedical.com/insurance/qualify
Pennsylvania,PA,Sana Benefits,Motif Medical,https://motifmedical.com/insurance/qualify
Pennsylvania,PA,Sanford Health Plan,Motif Medical,https://motifmedical.com/insurance/qualify
Pennsylvania,PA,Scott & White Health Plan,Motif Medical,https://motifmedical.com/insurance/qualify
Pennsylvania,PA,Sedgwick,Motif Medical,https://motifmedical.com/insurance/qualify
Pennsylvania,PA,Select Administrative Services,Motif Medical,https://motifmedical.com/insurance/qualify
Pennsylvania,PA,SelectCare Access Corporation,Motif Medical,https://motifmedical.com/insurance/qualify
Pennsylvania,PA,SelectCare/Managed Care America,Motif Medical,https://motifmedical.com/insurance/qualify
Pennsylvania,PA,Self Insured Services Company,Motif Medical,https://motifmedical.com/insurance/qualify
Pennsylvania,PA,Sentara Health Plans,Motif Medical,https://motifmedical.com/insurance/qualify
Pennsylvania,PA,Sentry Insurance,Motif Medical,https://motifmedical.com/insurance/qualify
Pennsylvania,PA,Significa,Motif Medical,https://motifmedical.com/insurance/qualify
Pennsylvania,PA,SIHO,Motif Medical,https://motifmedical.com/insurance/qualify
Pennsylvania,PA,SIX DEGREES HEALTH,Motif Medical,https://motifmedical.com/insurance/qualify
Pennsylvania,PA,SmartHealth,Motif Medical,https://motifmedical.com/insurance/qualify
Pennsylvania,PA,SMS National,Motif Medical,https://motifmedical.com/insurance/qualify
Pennsylvania,PA,Sound Health and Wellness,Motif Medical,https://motifmedical.com/insurance/qualify
Pennsylvania,PA,South Central Preferred,Motif Medical,https://motifmedical.com/insurance/qualify
Pennsylvania,PA,Starmark,Motif Medical,https://motifmedical.com/insurance/qualify
Pennsylvania,PA,The American Worker,Motif Medical,https://motifmedical.com/insurance/qualify
Pennsylvania,PA,The American Worker (f.k.a Century Healthcare),Motif Medical,https://motifmedical.com/insurance/qualify
Pennsylvania,PA,The Health Plan,Motif Medical,https://motifmedical.com/insurance/qualify
Pennsylvania,PA,Together with CCHP,Motif Medical,https://motifmedical.com/insurance/qualify
Pennsylvania,PA,Tricare,Motif Medical,https://motifmedical.com/insurance/qualify
Pennsylvania,PA,TriCare – East Region,Motif Medical,https://motifmedical.com/insurance/qualify
Pennsylvania,PA,Tricare East,Motif Medical,https://motifmedical.com/insurance/qualify
Pennsylvania,PA,Tricare Overseas,Motif Medical,https://motifmedical.com/insurance/qualify
Pennsylvania,PA,Trilogy,Motif Medical,https://motifmedical.com/insurance/qualify
Pennsylvania,PA,TRPN,Motif Medical,https://motifmedical.com/insurance/qualify
Pennsylvania,PA,Trustmark,Motif Medical,https://motifmedical.com/insurance/qualify
Pennsylvania,PA,Tufts Health Plan,Motif Medical,https://motifmedical.com/insurance/qualify
Pennsylvania,PA,Ucare,Motif Medical,https://motifmedical.com/insurance/qualify
Pennsylvania,PA,UHC ALL SAVERS,Motif Medical,https://motifmedical.com/insurance/qualify
Pennsylvania,PA,UHC SHARED SERVICES,Motif Medical,https://motifmedical.com/insurance/qualify
Pennsylvania,PA,UHC STUDENT RESOURCES,Motif Medical,https://motifmedical.com/insurance/qualify
Pennsylvania,PA,UHC SUREST,Motif Medical,https://motifmedical.com/insurance/qualify
Pennsylvania,PA,UHIS,Motif Medical,https://motifmedical.com/insurance/qualify
Pennsylvania,PA,UMR,Motif Medical,https://motifmedical.com/insurance/qualify
Pennsylvania,PA,UMWA Health & Retirement Funds,Motif Medical,https://motifmedical.com/insurance/qualify
Pennsylvania,PA,Unicare,Motif Medical,https://motifmedical.com/insurance/qualify
Pennsylvania,PA,United,Motif Medical,https://motifmedical.com/insurance/qualify
Pennsylvania,PA,United Healthcare,Motif Medical,https://motifmedical.com/insurance/qualify
Pennsylvania,PA,United Healthcare  Commercial and Medicare,Motif Medical,https://motifmedical.com/insurance/qualify
Pennsylvania,PA,United Healthcare All Savers,Motif Medical,https://motifmedical.com/insurance/qualify
Pennsylvania,PA,United Healthcare Medicaid,Motif Medical,https://motifmedical.com/insurance/qualify
Pennsylvania,PA,United Healthcare Shared Services,Motif Medical,https://motifmedical.com/insurance/qualify
Pennsylvania,PA,United Healthcare StudentResources,Motif Medical,https://motifmedical.com/insurance/qualify
Pennsylvania,PA,United Student Resources,Motif Medical,https://motifmedical.com/insurance/qualify
Pennsylvania,PA,UnitedHealthcare Community Plan,Motif Medical,https://motifmedical.com/insurance/qualify
Pennsylvania,PA,UPMC,Motif Medical,https://motifmedical.com/insurance/qualify
Pennsylvania,PA,US Family Health Plan,Motif Medical,https://motifmedical.com/insurance/qualify
Pennsylvania,PA,USA MANAGED CARE ORGANIZATIONS,Motif Medical,https://motifmedical.com/insurance/qualify
Pennsylvania,PA,USW Retirees of Dana,Motif Medical,https://motifmedical.com/insurance/qualify
Pennsylvania,PA,Valenz,Motif Medical,https://motifmedical.com/insurance/qualify
Pennsylvania,PA,Valenz f.k.a United Claim Solutions (PPO Network),Motif Medical,https://motifmedical.com/insurance/qualify
Pennsylvania,PA,Vantage Health Plan,Motif Medical,https://motifmedical.com/insurance/qualify
Pennsylvania,PA,WebTPA,Motif Medical,https://motifmedical.com/insurance/qualify
Pennsylvania,PA,Wellcare,Motif Medical,https://motifmedical.com/insurance/qualify
Pennsylvania,PA,WellFirst Health,Motif Medical,https://motifmedical.com/insurance/qualify
Pennsylvania,PA,WellMed,Motif Medical,https://motifmedical.com/insurance/qualify
Pennsylvania,PA,World Trade Center,Motif Medical,https://motifmedical.com/insurance/qualify
Pennsylvania,PA,Zelis,Motif Medical,https://motifmedical.com/insurance/qualify
Pennsylvania,PA,ZENITH ADMIN,Motif Medical,https://motifmedical.com/insurance/qualify
South Carolina,SC,A&S Financial,Motif Medical,https://motifmedical.com/insurance/qualify
South Carolina,SC,Absolute Total Care,Motif Medical,https://motifmedical.com/insurance/qualify
South Carolina,SC,Access Health Services - TPA,Motif Medical,https://motifmedical.com/insurance/qualify
South Carolina,SC,Aetna,Motif Medical,https://motifmedical.com/insurance/qualify
South Carolina,SC,Aetna Atlantic Health,Motif Medical,https://motifmedical.com/insurance/qualify
South Carolina,SC,Aetna National,Motif Medical,https://motifmedical.com/insurance/qualify
South Carolina,SC,Affinity,Motif Medical,https://motifmedical.com/insurance/qualify
South Carolina,SC,All Savers Health Plans,Motif Medical,https://motifmedical.com/insurance/qualify
South Carolina,SC,Allegiance,Motif Medical,https://motifmedical.com/insurance/qualify
South Carolina,SC,Alliant Health,Motif Medical,https://motifmedical.com/insurance/qualify
South Carolina,SC,Allied Health Benefits,Motif Medical,https://motifmedical.com/insurance/qualify
South Carolina,SC,AllWays Health Partners,Motif Medical,https://motifmedical.com/insurance/qualify
South Carolina,SC,Allwell of Absolute Total Care,Motif Medical,https://motifmedical.com/insurance/qualify
South Carolina,SC,Alternative Insurance Resources,Motif Medical,https://motifmedical.com/insurance/qualify
South Carolina,SC,Ambetter,Motif Medical,https://motifmedical.com/insurance/qualify
South Carolina,SC,AmBetter Commercial,Motif Medical,https://motifmedical.com/insurance/qualify
South Carolina,SC,Ambetter of Absolute Total Care,Motif Medical,https://motifmedical.com/insurance/qualify
South Carolina,SC,AmeriBen,Motif Medical,https://motifmedical.com/insurance/qualify
South Carolina,SC,America's Choice Provider Network,Motif Medical,https://motifmedical.com/insurance/qualify
South Carolina,SC,American Healthcare Alliance,Motif Medical,https://motifmedical.com/insurance/qualify
South Carolina,SC,American PPO,Motif Medical,https://motifmedical.com/insurance/qualify
South Carolina,SC,AmeriGroup,Motif Medical,https://motifmedical.com/insurance/qualify
South Carolina,SC,Amerigroup- Wellpoint,Motif Medical,https://motifmedical.com/insurance/qualify
South Carolina,SC,AmeriHealth,Motif Medical,https://motifmedical.com/insurance/qualify
South Carolina,SC,Ametros,Motif Medical,https://motifmedical.com/insurance/qualify
South Carolina,SC,Ancillary Care Services,Motif Medical,https://motifmedical.com/insurance/qualify
South Carolina,SC,Anthem BCBCS,Motif Medical,https://motifmedical.com/insurance/qualify
South Carolina,SC,Anthem BCBS,Motif Medical,https://motifmedical.com/insurance/qualify
South Carolina,SC,Anthem Blue Cross Blue Shield,Motif Medical,https://motifmedical.com/insurance/qualify
South Carolina,SC,Anthem Medicaid,Motif Medical,https://motifmedical.com/insurance/qualify
South Carolina,SC,Arcbest Corporation,Motif Medical,https://motifmedical.com/insurance/qualify
South Carolina,SC,ASURIS,Motif Medical,https://motifmedical.com/insurance/qualify
South Carolina,SC,Atrio Health Plans,Motif Medical,https://motifmedical.com/insurance/qualify
South Carolina,SC,AXA Equitable,Motif Medical,https://motifmedical.com/insurance/qualify
South Carolina,SC,Badger Care,Motif Medical,https://motifmedical.com/insurance/qualify
South Carolina,SC,BCBS Medicaid,Motif Medical,https://motifmedical.com/insurance/qualify
South Carolina,SC,BCE Emergis,Motif Medical,https://motifmedical.com/insurance/qualify
South Carolina,SC,Beacon Health,Motif Medical,https://motifmedical.com/insurance/qualify
South Carolina,SC,Beech Street,Motif Medical,https://motifmedical.com/insurance/qualify
South Carolina,SC,Benefit Assistance Corp,Motif Medical,https://motifmedical.com/insurance/qualify
South Carolina,SC,Blue Benefit Administrators,Motif Medical,https://motifmedical.com/insurance/qualify
South Carolina,SC,Blue Cross Blue Shield,Motif Medical,https://motifmedical.com/insurance/qualify
South Carolina,SC,Blue Cross Blue Shield of South Carolina - Blue Essential Network (HIX),Motif Medical,https://motifmedical.com/insurance/qualify
South Carolina,SC,BlueCross BlueShield of South Carolina,Motif Medical,https://motifmedical.com/insurance/qualify
South Carolina,SC,Bluegrass Family Health,Motif Medical,https://motifmedical.com/insurance/qualify
South Carolina,SC,BMI Benefits LLC,Motif Medical,https://motifmedical.com/insurance/qualify
South Carolina,SC,Boulder Admin,Motif Medical,https://motifmedical.com/insurance/qualify
South Carolina,SC,Bright Health,Motif Medical,https://motifmedical.com/insurance/qualify
South Carolina,SC,Buckeye Community Health Plan,Motif Medical,https://motifmedical.com/insurance/qualify
South Carolina,SC,CareFirst BCBS,Motif Medical,https://motifmedical.com/insurance/qualify
South Carolina,SC,Careington International,Motif Medical,https://motifmedical.com/insurance/qualify
South Carolina,SC,Caresource,Motif Medical,https://motifmedical.com/insurance/qualify
South Carolina,SC,CAREVALENT GILSBAR,Motif Medical,https://motifmedical.com/insurance/qualify
South Carolina,SC,Cedar Valley Community Healthcare,Motif Medical,https://motifmedical.com/insurance/qualify
South Carolina,SC,Cedar Valley Hospice - Transportation,Motif Medical,https://motifmedical.com/insurance/qualify
South Carolina,SC,Centene,Motif Medical,https://motifmedical.com/insurance/qualify
South Carolina,SC,Century Health Solutions,Motif Medical,https://motifmedical.com/insurance/qualify
South Carolina,SC,Cerner Health Plan,Motif Medical,https://motifmedical.com/insurance/qualify
South Carolina,SC,CHAMP VA,Motif Medical,https://motifmedical.com/insurance/qualify
South Carolina,SC,CHN Solutions,Motif Medical,https://motifmedical.com/insurance/qualify
South Carolina,SC,Choice Care Network,Motif Medical,https://motifmedical.com/insurance/qualify
South Carolina,SC,Cigna,Motif Medical,https://motifmedical.com/insurance/qualify
South Carolina,SC,Cigna Medicare of South Carolina,Motif Medical,https://motifmedical.com/insurance/qualify
South Carolina,SC,Clear Spring Health,Motif Medical,https://motifmedical.com/insurance/qualify
South Carolina,SC,ClearPrice Networks,Motif Medical,https://motifmedical.com/insurance/qualify
South Carolina,SC,Clover Health,Motif Medical,https://motifmedical.com/insurance/qualify
South Carolina,SC,CMN Inc. Global,Motif Medical,https://motifmedical.com/insurance/qualify
South Carolina,SC,Coastal Care Services,Motif Medical,https://motifmedical.com/insurance/qualify
South Carolina,SC,Cofinity Health Benefits,Motif Medical,https://motifmedical.com/insurance/qualify
South Carolina,SC,Common Ground Health Care,Motif Medical,https://motifmedical.com/insurance/qualify
South Carolina,SC,Commonwealth Care Alliance,Motif Medical,https://motifmedical.com/insurance/qualify
South Carolina,SC,Community Care,Motif Medical,https://motifmedical.com/insurance/qualify
South Carolina,SC,Community Health Options,Motif Medical,https://motifmedical.com/insurance/qualify
South Carolina,SC,Compass Rose Health Plan,Motif Medical,https://motifmedical.com/insurance/qualify
South Carolina,SC,CompDME,Motif Medical,https://motifmedical.com/insurance/qualify
South Carolina,SC,Connecticare,Motif Medical,https://motifmedical.com/insurance/qualify
South Carolina,SC,CONSOCIATE CARE,Motif Medical,https://motifmedical.com/insurance/qualify
South Carolina,SC,Continental Benefits,Motif Medical,https://motifmedical.com/insurance/qualify
South Carolina,SC,Cook County Health Plan,Motif Medical,https://motifmedical.com/insurance/qualify
South Carolina,SC,CoreSource,Motif Medical,https://motifmedical.com/insurance/qualify
South Carolina,SC,Coventry Health Care,Motif Medical,https://motifmedical.com/insurance/qualify
South Carolina,SC,CuraeChoice,Motif Medical,https://motifmedical.com/insurance/qualify
South Carolina,SC,CYSHCN SC,Motif Medical,https://motifmedical.com/insurance/qualify
South Carolina,SC,Delta Health Systems,Motif Medical,https://motifmedical.com/insurance/qualify
South Carolina,SC,Deseret Mutual Benefit Administrators,Motif Medical,https://motifmedical.com/insurance/qualify
South Carolina,SC,Eagle Health Plan,Motif Medical,https://motifmedical.com/insurance/qualify
South Carolina,SC,EBMS,Motif Medical,https://motifmedical.com/insurance/qualify
South Carolina,SC,EBPA,Motif Medical,https://motifmedical.com/insurance/qualify
South Carolina,SC,Emblem Health,Motif Medical,https://motifmedical.com/insurance/qualify
South Carolina,SC,Employer's Choice Network (ECN),Motif Medical,https://motifmedical.com/insurance/qualify
South Carolina,SC,Employers Health Network,Motif Medical,https://motifmedical.com/insurance/qualify
South Carolina,SC,Eon Health Plan,Motif Medical,https://motifmedical.com/insurance/qualify
South Carolina,SC,Exceedent,Motif Medical,https://motifmedical.com/insurance/qualify
South Carolina,SC,Excellus BlueCross BlueShield,Motif Medical,https://motifmedical.com/insurance/qualify
South Carolina,SC,Fidelis Care,Motif Medical,https://motifmedical.com/insurance/qualify
South Carolina,SC,First Choice by Select Health,Motif Medical,https://motifmedical.com/insurance/qualify
South Carolina,SC,First Choice Health,Motif Medical,https://motifmedical.com/insurance/qualify
South Carolina,SC,Firsth Choice by Select Health,Motif Medical,https://motifmedical.com/insurance/qualify
South Carolina,SC,Friday Health Plan,Motif Medical,https://motifmedical.com/insurance/qualify
South Carolina,SC,Galaxy Health Network,Motif Medical,https://motifmedical.com/insurance/qualify
South Carolina,SC,Gateway Health,Motif Medical,https://motifmedical.com/insurance/qualify
South Carolina,SC,GEHA,Motif Medical,https://motifmedical.com/insurance/qualify
South Carolina,SC,Geisinger,Motif Medical,https://motifmedical.com/insurance/qualify
South Carolina,SC,Gilsbar,Motif Medical,https://motifmedical.com/insurance/qualify
South Carolina,SC,global excel management,Motif Medical,https://motifmedical.com/insurance/qualify
South Carolina,SC,group health benefits,Motif Medical,https://motifmedical.com/insurance/qualify
South Carolina,SC,Group Health Eau Claire,Motif Medical,https://motifmedical.com/insurance/qualify
South Carolina,SC,Harbor Health Plan,Motif Medical,https://motifmedical.com/insurance/qualify
South Carolina,SC,Harvard Pilgrim,Motif Medical,https://motifmedical.com/insurance/qualify
South Carolina,SC,Health Care Partners,Motif Medical,https://motifmedical.com/insurance/qualify
South Carolina,SC,health eos,Motif Medical,https://motifmedical.com/insurance/qualify
South Carolina,SC,Health EZ,Motif Medical,https://motifmedical.com/insurance/qualify
South Carolina,SC,Health New England,Motif Medical,https://motifmedical.com/insurance/qualify
South Carolina,SC,Health Options,Motif Medical,https://motifmedical.com/insurance/qualify
South Carolina,SC,Health Partners,Motif Medical,https://motifmedical.com/insurance/qualify
South Carolina,SC,Health Payment Systems,Motif Medical,https://motifmedical.com/insurance/qualify
South Carolina,SC,Health Plan Services,Motif Medical,https://motifmedical.com/insurance/qualify
South Carolina,SC,Health Plans Inc,Motif Medical,https://motifmedical.com/insurance/qualify
South Carolina,SC,Health Scope,Motif Medical,https://motifmedical.com/insurance/qualify
South Carolina,SC,Health Smart,Motif Medical,https://motifmedical.com/insurance/qualify
South Carolina,SC,HealthComp,Motif Medical,https://motifmedical.com/insurance/qualify
South Carolina,SC,Healthcomp TPA,Motif Medical,https://motifmedical.com/insurance/qualify
South Carolina,SC,Healthgram,Motif Medical,https://motifmedical.com/insurance/qualify
South Carolina,SC,HealthLink,Motif Medical,https://motifmedical.com/insurance/qualify
South Carolina,SC,HealthSmart,Motif Medical,https://motifmedical.com/insurance/qualify
South Carolina,SC,"HealthSmart Preferred Care II, LP",Motif Medical,https://motifmedical.com/insurance/qualify
South Carolina,SC,HFN,Motif Medical,https://motifmedical.com/insurance/qualify
South Carolina,SC,highlands,Motif Medical,https://motifmedical.com/insurance/qualify
South Carolina,SC,Highmark BlueCross BlueShield,Motif Medical,https://motifmedical.com/insurance/qualify
South Carolina,SC,Homelink,Motif Medical,https://motifmedical.com/insurance/qualify
South Carolina,SC,Hudson Health Plan,Motif Medical,https://motifmedical.com/insurance/qualify
South Carolina,SC,Humana,Motif Medical,https://motifmedical.com/insurance/qualify
South Carolina,SC,Imagine 399,Motif Medical,https://motifmedical.com/insurance/qualify
South Carolina,SC,"immergrun, inc.",Motif Medical,https://motifmedical.com/insurance/qualify
South Carolina,SC,Independence BCBS,Motif Medical,https://motifmedical.com/insurance/qualify
South Carolina,SC,Independent Health,Motif Medical,https://motifmedical.com/insurance/qualify
South Carolina,SC,Independent Medical Systems,Motif Medical,https://motifmedical.com/insurance/qualify
South Carolina,SC,indequest,Motif Medical,https://motifmedical.com/insurance/qualify
South Carolina,SC,Insurance Management Services,Motif Medical,https://motifmedical.com/insurance/qualify
South Carolina,SC,Integra,Motif Medical,https://motifmedical.com/insurance/qualify
South Carolina,SC,INTotal Health,Motif Medical,https://motifmedical.com/insurance/qualify
South Carolina,SC,IPMG,Motif Medical,https://motifmedical.com/insurance/qualify
South Carolina,SC,J.P. Farley Corporation,Motif Medical,https://motifmedical.com/insurance/qualify
South Carolina,SC,Key Benefit Administrators,Motif Medical,https://motifmedical.com/insurance/qualify
South Carolina,SC,Keystone First,Motif Medical,https://motifmedical.com/insurance/qualify
South Carolina,SC,lakes area community healthplan,Motif Medical,https://motifmedical.com/insurance/qualify
South Carolina,SC,Lasso Healthcare,Motif Medical,https://motifmedical.com/insurance/qualify
South Carolina,SC,Lucent Health,Motif Medical,https://motifmedical.com/insurance/qualify
South Carolina,SC,Magellan,Motif Medical,https://motifmedical.com/insurance/qualify
South Carolina,SC,Magnacare,Motif Medical,https://motifmedical.com/insurance/qualify
South Carolina,SC,Mail Handlers,Motif Medical,https://motifmedical.com/insurance/qualify
South Carolina,SC,Manage Med,Motif Medical,https://motifmedical.com/insurance/qualify
South Carolina,SC,"Managed Care, Inc dba Galaxy Health Network",Motif Medical,https://motifmedical.com/insurance/qualify
South Carolina,SC,Martin's Point,Motif Medical,https://motifmedical.com/insurance/qualify
South Carolina,SC,maxor provider network,Motif Medical,https://motifmedical.com/insurance/qualify
South Carolina,SC,mcm maxcare ppo,Motif Medical,https://motifmedical.com/insurance/qualify
South Carolina,SC,Medcorp Southwest Inc,Motif Medical,https://motifmedical.com/insurance/qualify
South Carolina,SC,MedCost,Motif Medical,https://motifmedical.com/insurance/qualify
South Carolina,SC,Medi-Share,Motif Medical,https://motifmedical.com/insurance/qualify
South Carolina,SC,Medica,Motif Medical,https://motifmedical.com/insurance/qualify
South Carolina,SC,Medicaid,Motif Medical,https://motifmedical.com/insurance/qualify
South Carolina,SC,Medicaid of South Carolina - Healthy Connections,Motif Medical,https://motifmedical.com/insurance/qualify
South Carolina,SC,"Medical Cost Containment Professionals, LLC (MCCP)",Motif Medical,https://motifmedical.com/insurance/qualify
South Carolina,SC,medical resource,Motif Medical,https://motifmedical.com/insurance/qualify
South Carolina,SC,Medicare,Motif Medical,https://motifmedical.com/insurance/qualify
South Carolina,SC,Meridian Health Plan,Motif Medical,https://motifmedical.com/insurance/qualify
South Carolina,SC,Meritain Health,Motif Medical,https://motifmedical.com/insurance/qualify
South Carolina,SC,Methodist First Choice,Motif Medical,https://motifmedical.com/insurance/qualify
South Carolina,SC,MetroPlus,Motif Medical,https://motifmedical.com/insurance/qualify
South Carolina,SC,Midlands Choice,Motif Medical,https://motifmedical.com/insurance/qualify
South Carolina,SC,Midwest Health,Motif Medical,https://motifmedical.com/insurance/qualify
South Carolina,SC,MissionPoint,Motif Medical,https://motifmedical.com/insurance/qualify
South Carolina,SC,Moda Health,Motif Medical,https://motifmedical.com/insurance/qualify
South Carolina,SC,Molina,Motif Medical,https://motifmedical.com/insurance/qualify
South Carolina,SC,Mountain Health CO-OP,Motif Medical,https://motifmedical.com/insurance/qualify
South Carolina,SC,Multiplan-PHCS,Motif Medical,https://motifmedical.com/insurance/qualify
South Carolina,SC,Mutual Assurance Administrators,Motif Medical,https://motifmedical.com/insurance/qualify
South Carolina,SC,National Association of Letter Carriers,Motif Medical,https://motifmedical.com/insurance/qualify
South Carolina,SC,National Elevator Industry Health Benefits,Motif Medical,https://motifmedical.com/insurance/qualify
South Carolina,SC,NYSHIP,Motif Medical,https://motifmedical.com/insurance/qualify
South Carolina,SC,One Homecare Solutions,Motif Medical,https://motifmedical.com/insurance/qualify
South Carolina,SC,Onecall,Motif Medical,https://motifmedical.com/insurance/qualify
South Carolina,SC,Optum,Motif Medical,https://motifmedical.com/insurance/qualify
South Carolina,SC,Other,Motif Medical,https://motifmedical.com/insurance/qualify
South Carolina,SC,OWCA,Motif Medical,https://motifmedical.com/insurance/qualify
South Carolina,SC,Oxford Health Plans,Motif Medical,https://motifmedical.com/insurance/qualify
South Carolina,SC,Pacific Source Health Plans,Motif Medical,https://motifmedical.com/insurance/qualify
South Carolina,SC,Paradigm,Motif Medical,https://motifmedical.com/insurance/qualify
South Carolina,SC,Performance Health,Motif Medical,https://motifmedical.com/insurance/qualify
South Carolina,SC,Physicians Care Network,Motif Medical,https://motifmedical.com/insurance/qualify
South Carolina,SC,Piedmont Healthcare,Motif Medical,https://motifmedical.com/insurance/qualify
South Carolina,SC,Pinnacle Assurance,Motif Medical,https://motifmedical.com/insurance/qualify
South Carolina,SC,Porter County Government Employee Benefits,Motif Medical,https://motifmedical.com/insurance/qualify
South Carolina,SC,PPO Plus,Motif Medical,https://motifmedical.com/insurance/qualify
South Carolina,SC,Prairie States,Motif Medical,https://motifmedical.com/insurance/qualify
South Carolina,SC,Preferred Blue PAI,Motif Medical,https://motifmedical.com/insurance/qualify
South Carolina,SC,Preferred Health Professionals,Motif Medical,https://motifmedical.com/insurance/qualify
South Carolina,SC,Preferred Medical Network,Motif Medical,https://motifmedical.com/insurance/qualify
South Carolina,SC,Preferred One,Motif Medical,https://motifmedical.com/insurance/qualify
South Carolina,SC,Premier Health,Motif Medical,https://motifmedical.com/insurance/qualify
South Carolina,SC,Presbyterian Health Plan,Motif Medical,https://motifmedical.com/insurance/qualify
South Carolina,SC,Priority Health,Motif Medical,https://motifmedical.com/insurance/qualify
South Carolina,SC,PROVIDENCE HEALTH,Motif Medical,https://motifmedical.com/insurance/qualify
South Carolina,SC,Provider Network of America,Motif Medical,https://motifmedical.com/insurance/qualify
South Carolina,SC,Pruitt Health Premier,Motif Medical,https://motifmedical.com/insurance/qualify
South Carolina,SC,"PruittHealth Premier, Inc. & PruittHealth Premier of North Carolina, LLC",Motif Medical,https://motifmedical.com/insurance/qualify
South Carolina,SC,QualChoice,Motif Medical,https://motifmedical.com/insurance/qualify
South Carolina,SC,Quartz,Motif Medical,https://motifmedical.com/insurance/qualify
South Carolina,SC,Reserve National Insurance Company,Motif Medical,https://motifmedical.com/insurance/qualify
South Carolina,SC,ResourceOne Administrators,Motif Medical,https://motifmedical.com/insurance/qualify
South Carolina,SC,S & S Health,Motif Medical,https://motifmedical.com/insurance/qualify
South Carolina,SC,Samaritan,Motif Medical,https://motifmedical.com/insurance/qualify
South Carolina,SC,Sana Benefits,Motif Medical,https://motifmedical.com/insurance/qualify
South Carolina,SC,Sanford Health Plan,Motif Medical,https://motifmedical.com/insurance/qualify
South Carolina,SC,Scott & White Health Plan,Motif Medical,https://motifmedical.com/insurance/qualify
South Carolina,SC,Sedgwick,Motif Medical,https://motifmedical.com/insurance/qualify
South Carolina,SC,Select Administrative Services,Motif Medical,https://motifmedical.com/insurance/qualify
South Carolina,SC,Select Health,Motif Medical,https://motifmedical.com/insurance/qualify
South Carolina,SC,Self Insured Services Company,Motif Medical,https://motifmedical.com/insurance/qualify
South Carolina,SC,Sentara Health Plans,Motif Medical,https://motifmedical.com/insurance/qualify
South Carolina,SC,Sentry Insurance,Motif Medical,https://motifmedical.com/insurance/qualify
South Carolina,SC,SIHO,Motif Medical,https://motifmedical.com/insurance/qualify
South Carolina,SC,SIX DEGREES HEALTH,Motif Medical,https://motifmedical.com/insurance/qualify
South Carolina,SC,SmartHealth,Motif Medical,https://motifmedical.com/insurance/qualify
South Carolina,SC,SMS National,Motif Medical,https://motifmedical.com/insurance/qualify
South Carolina,SC,Sound Health and Wellness,Motif Medical,https://motifmedical.com/insurance/qualify
South Carolina,SC,South Central Preferred,Motif Medical,https://motifmedical.com/insurance/qualify
South Carolina,SC,Starmark,Motif Medical,https://motifmedical.com/insurance/qualify
South Carolina,SC,TCC Benefits Administrator - Thomas Cooper Company,Motif Medical,https://motifmedical.com/insurance/qualify
South Carolina,SC,The American Worker,Motif Medical,https://motifmedical.com/insurance/qualify
South Carolina,SC,The American Worker (f.k.a Century Healthcare),Motif Medical,https://motifmedical.com/insurance/qualify
South Carolina,SC,The Empire Plan,Motif Medical,https://motifmedical.com/insurance/qualify
South Carolina,SC,The Health Plan,Motif Medical,https://motifmedical.com/insurance/qualify
South Carolina,SC,Tricare,Motif Medical,https://motifmedical.com/insurance/qualify
South Carolina,SC,TriCare – East Region,Motif Medical,https://motifmedical.com/insurance/qualify
South Carolina,SC,Tricare East,Motif Medical,https://motifmedical.com/insurance/qualify
South Carolina,SC,Tricare Overseas,Motif Medical,https://motifmedical.com/insurance/qualify
South Carolina,SC,Trilogy,Motif Medical,https://motifmedical.com/insurance/qualify
South Carolina,SC,TriWest Healthcare Alliance,Motif Medical,https://motifmedical.com/insurance/qualify
South Carolina,SC,TRPN,Motif Medical,https://motifmedical.com/insurance/qualify
South Carolina,SC,Trustmark,Motif Medical,https://motifmedical.com/insurance/qualify
South Carolina,SC,Tufts Health Plan,Motif Medical,https://motifmedical.com/insurance/qualify
South Carolina,SC,Ucare,Motif Medical,https://motifmedical.com/insurance/qualify
South Carolina,SC,UHC ALL SAVERS,Motif Medical,https://motifmedical.com/insurance/qualify
South Carolina,SC,UHC SHARED SERVICES,Motif Medical,https://motifmedical.com/insurance/qualify
South Carolina,SC,UHC STUDENT RESOURCES,Motif Medical,https://motifmedical.com/insurance/qualify
South Carolina,SC,UHC SUREST,Motif Medical,https://motifmedical.com/insurance/qualify
South Carolina,SC,UHIS,Motif Medical,https://motifmedical.com/insurance/qualify
South Carolina,SC,UMR,Motif Medical,https://motifmedical.com/insurance/qualify
South Carolina,SC,UMWA Health & Retirement Funds,Motif Medical,https://motifmedical.com/insurance/qualify
South Carolina,SC,Unicare,Motif Medical,https://motifmedical.com/insurance/qualify
South Carolina,SC,United,Motif Medical,https://motifmedical.com/insurance/qualify
South Carolina,SC,United Healthcare,Motif Medical,https://motifmedical.com/insurance/qualify
South Carolina,SC,United Healthcare  Commercial and Medicare,Motif Medical,https://motifmedical.com/insurance/qualify
South Carolina,SC,United Healthcare All Savers,Motif Medical,https://motifmedical.com/insurance/qualify
South Carolina,SC,United Healthcare Medicaid,Motif Medical,https://motifmedical.com/insurance/qualify
South Carolina,SC,United Healthcare Shared Services,Motif Medical,https://motifmedical.com/insurance/qualify
South Carolina,SC,United Student Resources,Motif Medical,https://motifmedical.com/insurance/qualify
South Carolina,SC,UPMC,Motif Medical,https://motifmedical.com/insurance/qualify
South Carolina,SC,US Family Health Plan,Motif Medical,https://motifmedical.com/insurance/qualify
South Carolina,SC,USA MANAGED CARE ORGANIZATIONS,Motif Medical,https://motifmedical.com/insurance/qualify
South Carolina,SC,Valenz,Motif Medical,https://motifmedical.com/insurance/qualify
South Carolina,SC,Valenz f.k.a United Claim Solutions (PPO Network),Motif Medical,https://motifmedical.com/insurance/qualify
South Carolina,SC,WebTPA,Motif Medical,https://motifmedical.com/insurance/qualify
South Carolina,SC,Wellcare,Motif Medical,https://motifmedical.com/insurance/qualify
South Carolina,SC,WellFirst Health,Motif Medical,https://motifmedical.com/insurance/qualify
South Carolina,SC,WellMed,Motif Medical,https://motifmedical.com/insurance/qualify
South Carolina,SC,Wellpoint,Motif Medical,https://motifmedical.com/insurance/qualify
South Carolina,SC,World Trade Center,Motif Medical,https://motifmedical.com/insurance/qualify
South Carolina,SC,Zelis,Motif Medical,https://motifmedical.com/insurance/qualify
South Carolina,SC,ZENITH ADMIN,Motif Medical,https://motifmedical.com/insurance/qualify
Tennessee,TN,A&S Financial,Motif Medical,https://motifmedical.com/insurance/qualify
Tennessee,TN,Access Health Services - TPA,Motif Medical,https://motifmedical.com/insurance/qualify
Tennessee,TN,Aetna,Motif Medical,https://motifmedical.com/insurance/qualify
Tennessee,TN,Aetna Atlantic Health,Motif Medical,https://motifmedical.com/insurance/qualify
Tennessee,TN,Aetna National,Motif Medical,https://motifmedical.com/insurance/qualify
Tennessee,TN,Affinity,Motif Medical,https://motifmedical.com/insurance/qualify
Tennessee,TN,All Savers Health Plans,Motif Medical,https://motifmedical.com/insurance/qualify
Tennessee,TN,Allegiance,Motif Medical,https://motifmedical.com/insurance/qualify
Tennessee,TN,Alliant Health,Motif Medical,https://motifmedical.com/insurance/qualify
Tennessee,TN,Allied Health Benefits,Motif Medical,https://motifmedical.com/insurance/qualify
Tennessee,TN,AllWays Health Partners,Motif Medical,https://motifmedical.com/insurance/qualify
Tennessee,TN,Alternative Insurance Resources,Motif Medical,https://motifmedical.com/insurance/qualify
Tennessee,TN,Ambetter,Motif Medical,https://motifmedical.com/insurance/qualify
Tennessee,TN,AmBetter Commercial,Motif Medical,https://motifmedical.com/insurance/qualify
Tennessee,TN,AmeriBen,Motif Medical,https://motifmedical.com/insurance/qualify
Tennessee,TN,America's Choice Provider Network,Motif Medical,https://motifmedical.com/insurance/qualify
Tennessee,TN,American Health Advantage of Tennessee,Motif Medical,https://motifmedical.com/insurance/qualify
Tennessee,TN,American Health Plans,Motif Medical,https://motifmedical.com/insurance/qualify
Tennessee,TN,American Healthcare Alliance,Motif Medical,https://motifmedical.com/insurance/qualify
Tennessee,TN,American PPO,Motif Medical,https://motifmedical.com/insurance/qualify
Tennessee,TN,AmeriGroup,Motif Medical,https://motifmedical.com/insurance/qualify
Tennessee,TN,Amerigroup- Wellpoint,Motif Medical,https://motifmedical.com/insurance/qualify
Tennessee,TN,AmeriHealth,Motif Medical,https://motifmedical.com/insurance/qualify
Tennessee,TN,Ametros,Motif Medical,https://motifmedical.com/insurance/qualify
Tennessee,TN,Ancillary Care Services,Motif Medical,https://motifmedical.com/insurance/qualify
Tennessee,TN,Anthem BCBCS,Motif Medical,https://motifmedical.com/insurance/qualify
Tennessee,TN,Anthem BCBS,Motif Medical,https://motifmedical.com/insurance/qualify
Tennessee,TN,Anthem Blue Cross Blue Shield,Motif Medical,https://motifmedical.com/insurance/qualify
Tennessee,TN,Anthem Medicaid,Motif Medical,https://motifmedical.com/insurance/qualify
Tennessee,TN,Arcbest Corporation,Motif Medical,https://motifmedical.com/insurance/qualify
Tennessee,TN,ASURIS,Motif Medical,https://motifmedical.com/insurance/qualify
Tennessee,TN,Atrio Health Plans,Motif Medical,https://motifmedical.com/insurance/qualify
Tennessee,TN,Badger Care,Motif Medical,https://motifmedical.com/insurance/qualify
Tennessee,TN,Baptist Health Services Group of the Mid-South,Motif Medical,https://motifmedical.com/insurance/qualify
Tennessee,TN,BCE Emergis,Motif Medical,https://motifmedical.com/insurance/qualify
Tennessee,TN,Beacon Health,Motif Medical,https://motifmedical.com/insurance/qualify
Tennessee,TN,Beech Street,Motif Medical,https://motifmedical.com/insurance/qualify
Tennessee,TN,Benefit Assistance Corp,Motif Medical,https://motifmedical.com/insurance/qualify
Tennessee,TN,Benefits Management Services,Motif Medical,https://motifmedical.com/insurance/qualify
Tennessee,TN,Blue Benefit Administrators,Motif Medical,https://motifmedical.com/insurance/qualify
Tennessee,TN,Blue Cross Blue Shield,Motif Medical,https://motifmedical.com/insurance/qualify
Tennessee,TN,BlueCareTenncare,Motif Medical,https://motifmedical.com/insurance/qualify
Tennessee,TN,BlueCross BlueShield of Tennessee,Motif Medical,https://motifmedical.com/insurance/qualify
Tennessee,TN,Bluegrass Family Health,Motif Medical,https://motifmedical.com/insurance/qualify
Tennessee,TN,BMI Benefits LLC,Motif Medical,https://motifmedical.com/insurance/qualify
Tennessee,TN,Boulder Admin,Motif Medical,https://motifmedical.com/insurance/qualify
Tennessee,TN,Bright Health,Motif Medical,https://motifmedical.com/insurance/qualify
Tennessee,TN,Buckeye Community Health Plan,Motif Medical,https://motifmedical.com/insurance/qualify
Tennessee,TN,CareFirst BCBS,Motif Medical,https://motifmedical.com/insurance/qualify
Tennessee,TN,Careington International,Motif Medical,https://motifmedical.com/insurance/qualify
Tennessee,TN,Caresource,Motif Medical,https://motifmedical.com/insurance/qualify
Tennessee,TN,CAREVALENT GILSBAR,Motif Medical,https://motifmedical.com/insurance/qualify
Tennessee,TN,Cedar Valley Community Healthcare,Motif Medical,https://motifmedical.com/insurance/qualify
Tennessee,TN,Cedar Valley Hospice - Transportation,Motif Medical,https://motifmedical.com/insurance/qualify
Tennessee,TN,Centene,Motif Medical,https://motifmedical.com/insurance/qualify
Tennessee,TN,Century Health Solutions,Motif Medical,https://motifmedical.com/insurance/qualify
Tennessee,TN,Cerner Health Plan,Motif Medical,https://motifmedical.com/insurance/qualify
Tennessee,TN,CHAMP VA,Motif Medical,https://motifmedical.com/insurance/qualify
Tennessee,TN,CHN Solutions,Motif Medical,https://motifmedical.com/insurance/qualify
Tennessee,TN,Choice Care Network,Motif Medical,https://motifmedical.com/insurance/qualify
Tennessee,TN,Cigna,Motif Medical,https://motifmedical.com/insurance/qualify
Tennessee,TN,Cigna HealthSpring of Arkansas/Tennessee,Motif Medical,https://motifmedical.com/insurance/qualify
Tennessee,TN,ClearPrice Networks,Motif Medical,https://motifmedical.com/insurance/qualify
Tennessee,TN,Clover Health,Motif Medical,https://motifmedical.com/insurance/qualify
Tennessee,TN,CMN Inc. Global,Motif Medical,https://motifmedical.com/insurance/qualify
Tennessee,TN,Coastal Care Services,Motif Medical,https://motifmedical.com/insurance/qualify
Tennessee,TN,Cofinity Health Benefits,Motif Medical,https://motifmedical.com/insurance/qualify
Tennessee,TN,Common Ground Health Care,Motif Medical,https://motifmedical.com/insurance/qualify
Tennessee,TN,Commonwealth Care Alliance,Motif Medical,https://motifmedical.com/insurance/qualify
Tennessee,TN,Community Care,Motif Medical,https://motifmedical.com/insurance/qualify
Tennessee,TN,Community Health Options,Motif Medical,https://motifmedical.com/insurance/qualify
Tennessee,TN,Community Services Network,Motif Medical,https://motifmedical.com/insurance/qualify
Tennessee,TN,Compass Rose Health Plan,Motif Medical,https://motifmedical.com/insurance/qualify
Tennessee,TN,CompDME,Motif Medical,https://motifmedical.com/insurance/qualify
Tennessee,TN,Connecticare,Motif Medical,https://motifmedical.com/insurance/qualify
Tennessee,TN,CONSOCIATE CARE,Motif Medical,https://motifmedical.com/insurance/qualify
Tennessee,TN,Continental Benefits,Motif Medical,https://motifmedical.com/insurance/qualify
Tennessee,TN,Cook County Health Plan,Motif Medical,https://motifmedical.com/insurance/qualify
Tennessee,TN,CoreSource,Motif Medical,https://motifmedical.com/insurance/qualify
Tennessee,TN,Coventry Health Care,Motif Medical,https://motifmedical.com/insurance/qualify
Tennessee,TN,Coverkids,Motif Medical,https://motifmedical.com/insurance/qualify
Tennessee,TN,CuraeChoice,Motif Medical,https://motifmedical.com/insurance/qualify
Tennessee,TN,Delta Health Systems,Motif Medical,https://motifmedical.com/insurance/qualify
Tennessee,TN,Deseret Mutual Benefit Administrators,Motif Medical,https://motifmedical.com/insurance/qualify
Tennessee,TN,Eagle Health Plan,Motif Medical,https://motifmedical.com/insurance/qualify
Tennessee,TN,EBMS,Motif Medical,https://motifmedical.com/insurance/qualify
Tennessee,TN,EBPA,Motif Medical,https://motifmedical.com/insurance/qualify
Tennessee,TN,Emblem Health,Motif Medical,https://motifmedical.com/insurance/qualify
Tennessee,TN,Employer's Choice Network (ECN),Motif Medical,https://motifmedical.com/insurance/qualify
Tennessee,TN,Employers Health Network,Motif Medical,https://motifmedical.com/insurance/qualify
Tennessee,TN,Exceedent,Motif Medical,https://motifmedical.com/insurance/qualify
Tennessee,TN,Farm Bureau Health Plans,Motif Medical,https://motifmedical.com/insurance/qualify
Tennessee,TN,Fidelis Care,Motif Medical,https://motifmedical.com/insurance/qualify
Tennessee,TN,First Choice Health,Motif Medical,https://motifmedical.com/insurance/qualify
Tennessee,TN,Friday Health Plan,Motif Medical,https://motifmedical.com/insurance/qualify
Tennessee,TN,Galaxy Health Network,Motif Medical,https://motifmedical.com/insurance/qualify
Tennessee,TN,Gateway Health,Motif Medical,https://motifmedical.com/insurance/qualify
Tennessee,TN,GEHA,Motif Medical,https://motifmedical.com/insurance/qualify
Tennessee,TN,Geisinger,Motif Medical,https://motifmedical.com/insurance/qualify
Tennessee,TN,Gilsbar,Motif Medical,https://motifmedical.com/insurance/qualify
Tennessee,TN,global excel management,Motif Medical,https://motifmedical.com/insurance/qualify
Tennessee,TN,group health benefits,Motif Medical,https://motifmedical.com/insurance/qualify
Tennessee,TN,Group Health Eau Claire,Motif Medical,https://motifmedical.com/insurance/qualify
Tennessee,TN,Harbor Health Plan,Motif Medical,https://motifmedical.com/insurance/qualify
Tennessee,TN,Harvard Pilgrim,Motif Medical,https://motifmedical.com/insurance/qualify
Tennessee,TN,Health Care Partners,Motif Medical,https://motifmedical.com/insurance/qualify
Tennessee,TN,Health Choice,Motif Medical,https://motifmedical.com/insurance/qualify
Tennessee,TN,health eos,Motif Medical,https://motifmedical.com/insurance/qualify
Tennessee,TN,Health EZ,Motif Medical,https://motifmedical.com/insurance/qualify
Tennessee,TN,Health New England,Motif Medical,https://motifmedical.com/insurance/qualify
Tennessee,TN,Health Options,Motif Medical,https://motifmedical.com/insurance/qualify
Tennessee,TN,Health Partners,Motif Medical,https://motifmedical.com/insurance/qualify
Tennessee,TN,Health Payment Systems,Motif Medical,https://motifmedical.com/insurance/qualify
Tennessee,TN,Health Plan Services,Motif Medical,https://motifmedical.com/insurance/qualify
Tennessee,TN,Health Plans Inc,Motif Medical,https://motifmedical.com/insurance/qualify
Tennessee,TN,Health Scope,Motif Medical,https://motifmedical.com/insurance/qualify
Tennessee,TN,Health Smart,Motif Medical,https://motifmedical.com/insurance/qualify
Tennessee,TN,HealthComp,Motif Medical,https://motifmedical.com/insurance/qualify
Tennessee,TN,Healthcomp TPA,Motif Medical,https://motifmedical.com/insurance/qualify
Tennessee,TN,Healthgram,Motif Medical,https://motifmedical.com/insurance/qualify
Tennessee,TN,HealthLink,Motif Medical,https://motifmedical.com/insurance/qualify
Tennessee,TN,HealthSmart,Motif Medical,https://motifmedical.com/insurance/qualify
Tennessee,TN,"HealthSmart Preferred Care II, LP",Motif Medical,https://motifmedical.com/insurance/qualify
Tennessee,TN,HFN,Motif Medical,https://motifmedical.com/insurance/qualify
Tennessee,TN,highlands,Motif Medical,https://motifmedical.com/insurance/qualify
Tennessee,TN,Highmark BlueCross BlueShield,Motif Medical,https://motifmedical.com/insurance/qualify
Tennessee,TN,Home Care Alliance of Virginia (HCAV),Motif Medical,https://motifmedical.com/insurance/qualify
Tennessee,TN,Homelink,Motif Medical,https://motifmedical.com/insurance/qualify
Tennessee,TN,Hudson Health Plan,Motif Medical,https://motifmedical.com/insurance/qualify
Tennessee,TN,Humana,Motif Medical,https://motifmedical.com/insurance/qualify
Tennessee,TN,Imagine 401,Motif Medical,https://motifmedical.com/insurance/qualify
Tennessee,TN,"immergrun, inc.",Motif Medical,https://motifmedical.com/insurance/qualify
Tennessee,TN,Independence BCBS,Motif Medical,https://motifmedical.com/insurance/qualify
Tennessee,TN,Independent Health,Motif Medical,https://motifmedical.com/insurance/qualify
Tennessee,TN,Independent Medical Systems,Motif Medical,https://motifmedical.com/insurance/qualify
Tennessee,TN,indequest,Motif Medical,https://motifmedical.com/insurance/qualify
Tennessee,TN,Initial Group,Motif Medical,https://motifmedical.com/insurance/qualify
Tennessee,TN,Insurance Management Services,Motif Medical,https://motifmedical.com/insurance/qualify
Tennessee,TN,Integra,Motif Medical,https://motifmedical.com/insurance/qualify
Tennessee,TN,INTotal Health,Motif Medical,https://motifmedical.com/insurance/qualify
Tennessee,TN,IPMG,Motif Medical,https://motifmedical.com/insurance/qualify
Tennessee,TN,J.P. Farley Corporation,Motif Medical,https://motifmedical.com/insurance/qualify
Tennessee,TN,Key Benefit Administrators,Motif Medical,https://motifmedical.com/insurance/qualify
Tennessee,TN,Keystone First,Motif Medical,https://motifmedical.com/insurance/qualify
Tennessee,TN,lakes area community healthplan,Motif Medical,https://motifmedical.com/insurance/qualify
Tennessee,TN,Lasso Healthcare,Motif Medical,https://motifmedical.com/insurance/qualify
Tennessee,TN,Lucent Health,Motif Medical,https://motifmedical.com/insurance/qualify
Tennessee,TN,Lucent Health NAA,Motif Medical,https://motifmedical.com/insurance/qualify
Tennessee,TN,Magellan,Motif Medical,https://motifmedical.com/insurance/qualify
Tennessee,TN,Magnacare,Motif Medical,https://motifmedical.com/insurance/qualify
Tennessee,TN,Mail Handlers,Motif Medical,https://motifmedical.com/insurance/qualify
Tennessee,TN,"Managed Care, Inc dba Galaxy Health Network",Motif Medical,https://motifmedical.com/insurance/qualify
Tennessee,TN,Martin's Point,Motif Medical,https://motifmedical.com/insurance/qualify
Tennessee,TN,maxor provider network,Motif Medical,https://motifmedical.com/insurance/qualify
Tennessee,TN,mcm maxcare ppo,Motif Medical,https://motifmedical.com/insurance/qualify
Tennessee,TN,MedBen,Motif Medical,https://motifmedical.com/insurance/qualify
Tennessee,TN,Medcorp Southwest Inc,Motif Medical,https://motifmedical.com/insurance/qualify
Tennessee,TN,MedCost,Motif Medical,https://motifmedical.com/insurance/qualify
Tennessee,TN,Medi-Share,Motif Medical,https://motifmedical.com/insurance/qualify
Tennessee,TN,Medica,Motif Medical,https://motifmedical.com/insurance/qualify
Tennessee,TN,Medicaid,Motif Medical,https://motifmedical.com/insurance/qualify
Tennessee,TN,"Medical Cost Containment Professionals, LLC (MCCP)",Motif Medical,https://motifmedical.com/insurance/qualify
Tennessee,TN,medical resource,Motif Medical,https://motifmedical.com/insurance/qualify
Tennessee,TN,Medicare,Motif Medical,https://motifmedical.com/insurance/qualify
Tennessee,TN,Meridian Health Plan,Motif Medical,https://motifmedical.com/insurance/qualify
Tennessee,TN,Meritain Health,Motif Medical,https://motifmedical.com/insurance/qualify
Tennessee,TN,Methodist First Choice,Motif Medical,https://motifmedical.com/insurance/qualify
Tennessee,TN,MetroPlus,Motif Medical,https://motifmedical.com/insurance/qualify
Tennessee,TN,Midlands Choice,Motif Medical,https://motifmedical.com/insurance/qualify
Tennessee,TN,Midwest Health,Motif Medical,https://motifmedical.com/insurance/qualify
Tennessee,TN,MissionPoint,Motif Medical,https://motifmedical.com/insurance/qualify
Tennessee,TN,Moda Health,Motif Medical,https://motifmedical.com/insurance/qualify
Tennessee,TN,Molina,Motif Medical,https://motifmedical.com/insurance/qualify
Tennessee,TN,Mountain Health CO-OP,Motif Medical,https://motifmedical.com/insurance/qualify
Tennessee,TN,Multiplan-PHCS,Motif Medical,https://motifmedical.com/insurance/qualify
Tennessee,TN,Mutual Assurance Administrators,Motif Medical,https://motifmedical.com/insurance/qualify
Tennessee,TN,National Association of Letter Carriers,Motif Medical,https://motifmedical.com/insurance/qualify
Tennessee,TN,National Elevator Industry Health Benefits,Motif Medical,https://motifmedical.com/insurance/qualify
Tennessee,TN,NYSHIP,Motif Medical,https://motifmedical.com/insurance/qualify
Tennessee,TN,One Homecare Solutions,Motif Medical,https://motifmedical.com/insurance/qualify
Tennessee,TN,Onecall,Motif Medical,https://motifmedical.com/insurance/qualify
Tennessee,TN,Optum,Motif Medical,https://motifmedical.com/insurance/qualify
Tennessee,TN,Oscar,Motif Medical,https://motifmedical.com/insurance/qualify
Tennessee,TN,Oscar TN-Commercial,Motif Medical,https://motifmedical.com/insurance/qualify
Tennessee,TN,Other,Motif Medical,https://motifmedical.com/insurance/qualify
Tennessee,TN,OWCA,Motif Medical,https://motifmedical.com/insurance/qualify
Tennessee,TN,Oxford Health Plans,Motif Medical,https://motifmedical.com/insurance/qualify
Tennessee,TN,Pacific Source Health Plans,Motif Medical,https://motifmedical.com/insurance/qualify
Tennessee,TN,Paradigm,Motif Medical,https://motifmedical.com/insurance/qualify
Tennessee,TN,Performance Health,Motif Medical,https://motifmedical.com/insurance/qualify
Tennessee,TN,Piedmont Healthcare,Motif Medical,https://motifmedical.com/insurance/qualify
Tennessee,TN,Pinnacle Assurance,Motif Medical,https://motifmedical.com/insurance/qualify
Tennessee,TN,Porter County Government Employee Benefits,Motif Medical,https://motifmedical.com/insurance/qualify
Tennessee,TN,PPO Plus,Motif Medical,https://motifmedical.com/insurance/qualify
Tennessee,TN,Prairie States,Motif Medical,https://motifmedical.com/insurance/qualify
Tennessee,TN,Preferred Health Professionals,Motif Medical,https://motifmedical.com/insurance/qualify
Tennessee,TN,Preferred Medical Network,Motif Medical,https://motifmedical.com/insurance/qualify
Tennessee,TN,Preferred One,Motif Medical,https://motifmedical.com/insurance/qualify
Tennessee,TN,Presbyterian Health Plan,Motif Medical,https://motifmedical.com/insurance/qualify
Tennessee,TN,Prime Health,Motif Medical,https://motifmedical.com/insurance/qualify
Tennessee,TN,Priority Health,Motif Medical,https://motifmedical.com/insurance/qualify
Tennessee,TN,PROVIDENCE HEALTH,Motif Medical,https://motifmedical.com/insurance/qualify
Tennessee,TN,Provider Network of America,Motif Medical,https://motifmedical.com/insurance/qualify
Tennessee,TN,QualChoice,Motif Medical,https://motifmedical.com/insurance/qualify
Tennessee,TN,Quartz,Motif Medical,https://motifmedical.com/insurance/qualify
Tennessee,TN,Qubic,Motif Medical,https://motifmedical.com/insurance/qualify
Tennessee,TN,Reserve National Insurance Company,Motif Medical,https://motifmedical.com/insurance/qualify
Tennessee,TN,ResourceOne Administrators,Motif Medical,https://motifmedical.com/insurance/qualify
Tennessee,TN,S & S Health,Motif Medical,https://motifmedical.com/insurance/qualify
Tennessee,TN,Samaritan,Motif Medical,https://motifmedical.com/insurance/qualify
Tennessee,TN,Sana Benefits,Motif Medical,https://motifmedical.com/insurance/qualify
Tennessee,TN,Sanford Health Plan,Motif Medical,https://motifmedical.com/insurance/qualify
Tennessee,TN,Scott & White Health Plan,Motif Medical,https://motifmedical.com/insurance/qualify
Tennessee,TN,Sedgwick,Motif Medical,https://motifmedical.com/insurance/qualify
Tennessee,TN,Select Administrative Services,Motif Medical,https://motifmedical.com/insurance/qualify
Tennessee,TN,Self Insured Services Company,Motif Medical,https://motifmedical.com/insurance/qualify
Tennessee,TN,Sentara Health Plans,Motif Medical,https://motifmedical.com/insurance/qualify
Tennessee,TN,Sentry Insurance,Motif Medical,https://motifmedical.com/insurance/qualify
Tennessee,TN,Signature Advantage,Motif Medical,https://motifmedical.com/insurance/qualify
Tennessee,TN,Signature Health Alliance,Motif Medical,https://motifmedical.com/insurance/qualify
Tennessee,TN,SIHO,Motif Medical,https://motifmedical.com/insurance/qualify
Tennessee,TN,SIX DEGREES HEALTH,Motif Medical,https://motifmedical.com/insurance/qualify
Tennessee,TN,SmartHealth,Motif Medical,https://motifmedical.com/insurance/qualify
Tennessee,TN,SMS National,Motif Medical,https://motifmedical.com/insurance/qualify
Tennessee,TN,Sound Health and Wellness,Motif Medical,https://motifmedical.com/insurance/qualify
Tennessee,TN,South Central Preferred,Motif Medical,https://motifmedical.com/insurance/qualify
Tennessee,TN,Starmark,Motif Medical,https://motifmedical.com/insurance/qualify
Tennessee,TN,TennCare,Motif Medical,https://motifmedical.com/insurance/qualify
Tennessee,TN,Tennessee Department of Health Children's Special Services (CSS) Program,Motif Medical,https://motifmedical.com/insurance/qualify
Tennessee,TN,Tennessee Healthcare,Motif Medical,https://motifmedical.com/insurance/qualify
Tennessee,TN,The American Worker,Motif Medical,https://motifmedical.com/insurance/qualify
Tennessee,TN,The American Worker (f.k.a Century Healthcare),Motif Medical,https://motifmedical.com/insurance/qualify
Tennessee,TN,The Empire Plan,Motif Medical,https://motifmedical.com/insurance/qualify
Tennessee,TN,The Health Plan,Motif Medical,https://motifmedical.com/insurance/qualify
Tennessee,TN,Tricare,Motif Medical,https://motifmedical.com/insurance/qualify
Tennessee,TN,TriCare – East Region,Motif Medical,https://motifmedical.com/insurance/qualify
Tennessee,TN,Tricare East,Motif Medical,https://motifmedical.com/insurance/qualify
Tennessee,TN,Tricare Overseas,Motif Medical,https://motifmedical.com/insurance/qualify
Tennessee,TN,Trilogy,Motif Medical,https://motifmedical.com/insurance/qualify
Tennessee,TN,TRPN,Motif Medical,https://motifmedical.com/insurance/qualify
Tennessee,TN,Trustmark,Motif Medical,https://motifmedical.com/insurance/qualify
Tennessee,TN,Tufts Health Plan,Motif Medical,https://motifmedical.com/insurance/qualify
Tennessee,TN,Ucare,Motif Medical,https://motifmedical.com/insurance/qualify
Tennessee,TN,UHC ALL SAVERS,Motif Medical,https://motifmedical.com/insurance/qualify
Tennessee,TN,UHC SHARED SERVICES,Motif Medical,https://motifmedical.com/insurance/qualify
Tennessee,TN,UHC STUDENT RESOURCES,Motif Medical,https://motifmedical.com/insurance/qualify
Tennessee,TN,UHC SUREST,Motif Medical,https://motifmedical.com/insurance/qualify
Tennessee,TN,UHIS,Motif Medical,https://motifmedical.com/insurance/qualify
Tennessee,TN,UMR,Motif Medical,https://motifmedical.com/insurance/qualify
Tennessee,TN,UMWA Health & Retirement Funds,Motif Medical,https://motifmedical.com/insurance/qualify
Tennessee,TN,Unicare,Motif Medical,https://motifmedical.com/insurance/qualify
Tennessee,TN,United,Motif Medical,https://motifmedical.com/insurance/qualify
Tennessee,TN,United Healthcare,Motif Medical,https://motifmedical.com/insurance/qualify
Tennessee,TN,United Healthcare  Commercial and Medicare,Motif Medical,https://motifmedical.com/insurance/qualify
Tennessee,TN,United Healthcare All Savers,Motif Medical,https://motifmedical.com/insurance/qualify
Tennessee,TN,United Healthcare Medicaid,Motif Medical,https://motifmedical.com/insurance/qualify
Tennessee,TN,United Healthcare Shared Services,Motif Medical,https://motifmedical.com/insurance/qualify
Tennessee,TN,United Healthcare StudentResources,Motif Medical,https://motifmedical.com/insurance/qualify
Tennessee,TN,United Healthcare UHC Community Plan,Motif Medical,https://motifmedical.com/insurance/qualify
Tennessee,TN,United Student Resources,Motif Medical,https://motifmedical.com/insurance/qualify
Tennessee,TN,UnitedHealthcare Community Plan,Motif Medical,https://motifmedical.com/insurance/qualify
Tennessee,TN,UPMC,Motif Medical,https://motifmedical.com/insurance/qualify
Tennessee,TN,US Family Health Plan,Motif Medical,https://motifmedical.com/insurance/qualify
Tennessee,TN,USA MANAGED CARE ORGANIZATIONS,Motif Medical,https://motifmedical.com/insurance/qualify
Tennessee,TN,Valenz,Motif Medical,https://motifmedical.com/insurance/qualify
Tennessee,TN,Valenz f.k.a United Claim Solutions (PPO Network),Motif Medical,https://motifmedical.com/insurance/qualify
Tennessee,TN,WebTPA,Motif Medical,https://motifmedical.com/insurance/qualify
Tennessee,TN,Wellcare,Motif Medical,https://motifmedical.com/insurance/qualify
Tennessee,TN,WellCare of Tennessee,Motif Medical,https://motifmedical.com/insurance/qualify
Tennessee,TN,WellFirst Health,Motif Medical,https://motifmedical.com/insurance/qualify
Tennessee,TN,WellMed,Motif Medical,https://motifmedical.com/insurance/qualify
Tennessee,TN,Wellpoint,Motif Medical,https://motifmedical.com/insurance/qualify
Tennessee,TN,Wellpoint of Tennessee (fka Amerigroup of Tennessee (Amerigroup Community Care),Motif Medical,https://motifmedical.com/insurance/qualify
Tennessee,TN,World Trade Center,Motif Medical,https://motifmedical.com/insurance/qualify
Tennessee,TN,Zelis,Motif Medical,https://motifmedical.com/insurance/qualify
Tennessee,TN,ZENITH ADMIN,Motif Medical,https://motifmedical.com/insurance/qualify
Texas,TX,A&S Financial,Motif Medical,https://motifmedical.com/insurance/qualify
Texas,TX,Access Health Services - TPA,Motif Medical,https://motifmedical.com/insurance/qualify
Texas,TX,Aetna,Motif Medical,https://motifmedical.com/insurance/qualify
Texas,TX,Aetna Atlantic Health,Motif Medical,https://motifmedical.com/insurance/qualify
Texas,TX,Aetna Better Health of Texas,Motif Medical,https://motifmedical.com/insurance/qualify
Texas,TX,Aetna National,Motif Medical,https://motifmedical.com/insurance/qualify
Texas,TX,Affinity,Motif Medical,https://motifmedical.com/insurance/qualify
Texas,TX,Alamo Risk Management,Motif Medical,https://motifmedical.com/insurance/qualify
Texas,TX,All Savers Health Plans,Motif Medical,https://motifmedical.com/insurance/qualify
Texas,TX,Allegiance,Motif Medical,https://motifmedical.com/insurance/qualify
Texas,TX,Alliant Health,Motif Medical,https://motifmedical.com/insurance/qualify
Texas,TX,Allied Health Benefits,Motif Medical,https://motifmedical.com/insurance/qualify
Texas,TX,AllWays Health Partners,Motif Medical,https://motifmedical.com/insurance/qualify
Texas,TX,Allwell of Superior Health Plan -,Motif Medical,https://motifmedical.com/insurance/qualify
Texas,TX,Alternative Insurance Resources,Motif Medical,https://motifmedical.com/insurance/qualify
Texas,TX,Alterwood Health,Motif Medical,https://motifmedical.com/insurance/qualify
Texas,TX,Ambetter,Motif Medical,https://motifmedical.com/insurance/qualify
Texas,TX,AmBetter Commercial,Motif Medical,https://motifmedical.com/insurance/qualify
Texas,TX,AmeriBen,Motif Medical,https://motifmedical.com/insurance/qualify
Texas,TX,America's Choice Provider Network,Motif Medical,https://motifmedical.com/insurance/qualify
Texas,TX,American Health Advantage of Texas,Motif Medical,https://motifmedical.com/insurance/qualify
Texas,TX,"American Health Manager Services, LLC dba Georgia Health Advantage",Motif Medical,https://motifmedical.com/insurance/qualify
Texas,TX,American Health Plans,Motif Medical,https://motifmedical.com/insurance/qualify
Texas,TX,American Healthcare Alliance,Motif Medical,https://motifmedical.com/insurance/qualify
Texas,TX,American PPO,Motif Medical,https://motifmedical.com/insurance/qualify
Texas,TX,American Retirement Life,Motif Medical,https://motifmedical.com/insurance/qualify
Texas,TX,AmeriGroup,Motif Medical,https://motifmedical.com/insurance/qualify
Texas,TX,Amerigroup- Wellpoint,Motif Medical,https://motifmedical.com/insurance/qualify
Texas,TX,AmeriHealth,Motif Medical,https://motifmedical.com/insurance/qualify
Texas,TX,Ametros,Motif Medical,https://motifmedical.com/insurance/qualify
Texas,TX,AMRCS HLTH PLAN,Motif Medical,https://motifmedical.com/insurance/qualify
Texas,TX,Ancillary Care Services,Motif Medical,https://motifmedical.com/insurance/qualify
Texas,TX,Anthem BCBCS,Motif Medical,https://motifmedical.com/insurance/qualify
Texas,TX,Anthem BCBS,Motif Medical,https://motifmedical.com/insurance/qualify
Texas,TX,Anthem Blue Cross Blue Shield,Motif Medical,https://motifmedical.com/insurance/qualify
Texas,TX,Anthem Medicaid,Motif Medical,https://motifmedical.com/insurance/qualify
Texas,TX,Arcbest Corporation,Motif Medical,https://motifmedical.com/insurance/qualify
Texas,TX,ARIA,Motif Medical,https://motifmedical.com/insurance/qualify
Texas,TX,ASURIS,Motif Medical,https://motifmedical.com/insurance/qualify
Texas,TX,Atrio Health Plans,Motif Medical,https://motifmedical.com/insurance/qualify
Texas,TX,AUSA,Motif Medical,https://motifmedical.com/insurance/qualify
Texas,TX,Badger Care,Motif Medical,https://motifmedical.com/insurance/qualify
Texas,TX,BCBS Medicaid,Motif Medical,https://motifmedical.com/insurance/qualify
Texas,TX,BCE Emergis,Motif Medical,https://motifmedical.com/insurance/qualify
Texas,TX,Beacon Health,Motif Medical,https://motifmedical.com/insurance/qualify
Texas,TX,Beech Street,Motif Medical,https://motifmedical.com/insurance/qualify
Texas,TX,Benefit Assistance Corp,Motif Medical,https://motifmedical.com/insurance/qualify
Texas,TX,BENEFIT PLANNER,Motif Medical,https://motifmedical.com/insurance/qualify
Texas,TX,Blue Benefit Administrators,Motif Medical,https://motifmedical.com/insurance/qualify
Texas,TX,Blue Cross and Blue Shield of Texas,Motif Medical,https://motifmedical.com/insurance/qualify
Texas,TX,Blue Cross Blue Shield,Motif Medical,https://motifmedical.com/insurance/qualify
Texas,TX,Bluegrass Family Health,Motif Medical,https://motifmedical.com/insurance/qualify
Texas,TX,BMI Benefits LLC,Motif Medical,https://motifmedical.com/insurance/qualify
Texas,TX,BOON CHAPMAN,Motif Medical,https://motifmedical.com/insurance/qualify
Texas,TX,Boulder Admin,Motif Medical,https://motifmedical.com/insurance/qualify
Texas,TX,Buckeye Community Health Plan,Motif Medical,https://motifmedical.com/insurance/qualify
Texas,TX,Care Improvement Plus,Motif Medical,https://motifmedical.com/insurance/qualify
Texas,TX,Care N Care,Motif Medical,https://motifmedical.com/insurance/qualify
Texas,TX,CareFirst BCBS,Motif Medical,https://motifmedical.com/insurance/qualify
Texas,TX,Careington International,Motif Medical,https://motifmedical.com/insurance/qualify
Texas,TX,Caresource,Motif Medical,https://motifmedical.com/insurance/qualify
Texas,TX,CAREVALENT GILSBAR,Motif Medical,https://motifmedical.com/insurance/qualify
Texas,TX,CCN INSURANCE,Motif Medical,https://motifmedical.com/insurance/qualify
Texas,TX,Cedar Valley Community Healthcare,Motif Medical,https://motifmedical.com/insurance/qualify
Texas,TX,Cedar Valley Hospice - Transportation,Motif Medical,https://motifmedical.com/insurance/qualify
Texas,TX,Centene,Motif Medical,https://motifmedical.com/insurance/qualify
Texas,TX,Century Health Solutions,Motif Medical,https://motifmedical.com/insurance/qualify
Texas,TX,Cerner Health Plan,Motif Medical,https://motifmedical.com/insurance/qualify
Texas,TX,CHAMP VA,Motif Medical,https://motifmedical.com/insurance/qualify
Texas,TX,Children's Medical Center Health Plan of Dallas,Motif Medical,https://motifmedical.com/insurance/qualify
Texas,TX,CHN Solutions,Motif Medical,https://motifmedical.com/insurance/qualify
Texas,TX,Choice Care Network,Motif Medical,https://motifmedical.com/insurance/qualify
Texas,TX,Christus Health Plan,Motif Medical,https://motifmedical.com/insurance/qualify
Texas,TX,Cigna,Motif Medical,https://motifmedical.com/insurance/qualify
Texas,TX,ClearPrice Networks,Motif Medical,https://motifmedical.com/insurance/qualify
Texas,TX,CLNC DELCAMINO,Motif Medical,https://motifmedical.com/insurance/qualify
Texas,TX,Clover Health,Motif Medical,https://motifmedical.com/insurance/qualify
Texas,TX,CMN Inc. Global,Motif Medical,https://motifmedical.com/insurance/qualify
Texas,TX,Coastal Care Services,Motif Medical,https://motifmedical.com/insurance/qualify
Texas,TX,Cofinity Health Benefits,Motif Medical,https://motifmedical.com/insurance/qualify
Texas,TX,COMM HLTH CHOIC,Motif Medical,https://motifmedical.com/insurance/qualify
Texas,TX,Common Ground Health Care,Motif Medical,https://motifmedical.com/insurance/qualify
Texas,TX,Commonwealth Care Alliance,Motif Medical,https://motifmedical.com/insurance/qualify
Texas,TX,Community Care,Motif Medical,https://motifmedical.com/insurance/qualify
Texas,TX,Community First,Motif Medical,https://motifmedical.com/insurance/qualify
Texas,TX,Community Health Choice,Motif Medical,https://motifmedical.com/insurance/qualify
Texas,TX,Community Health Options,Motif Medical,https://motifmedical.com/insurance/qualify
Texas,TX,Compass Rose Health Plan,Motif Medical,https://motifmedical.com/insurance/qualify
Texas,TX,CompDME,Motif Medical,https://motifmedical.com/insurance/qualify
Texas,TX,Connecticare,Motif Medical,https://motifmedical.com/insurance/qualify
Texas,TX,CONSOCIATE CARE,Motif Medical,https://motifmedical.com/insurance/qualify
Texas,TX,Continental Benefits,Motif Medical,https://motifmedical.com/insurance/qualify
Texas,TX,Cook Children Health Plan,Motif Medical,https://motifmedical.com/insurance/qualify
Texas,TX,Cook Children's Health Plan,Motif Medical,https://motifmedical.com/insurance/qualify
Texas,TX,Cook County Health Plan,Motif Medical,https://motifmedical.com/insurance/qualify
Texas,TX,CoreSource,Motif Medical,https://motifmedical.com/insurance/qualify
Texas,TX,Coventry Health Care,Motif Medical,https://motifmedical.com/insurance/qualify
Texas,TX,CuraeChoice,Motif Medical,https://motifmedical.com/insurance/qualify
Texas,TX,Dell Children's Health Plan/ Seton Health Plan Inc,Motif Medical,https://motifmedical.com/insurance/qualify
Texas,TX,Delta Health Systems,Motif Medical,https://motifmedical.com/insurance/qualify
Texas,TX,Deseret Mutual Benefit Administrators,Motif Medical,https://motifmedical.com/insurance/qualify
Texas,TX,Driscoll Health Plan,Motif Medical,https://motifmedical.com/insurance/qualify
Texas,TX,Eagle Health Plan,Motif Medical,https://motifmedical.com/insurance/qualify
Texas,TX,EBMS,Motif Medical,https://motifmedical.com/insurance/qualify
Texas,TX,EBPA,Motif Medical,https://motifmedical.com/insurance/qualify
Texas,TX,El Paso First Health,Motif Medical,https://motifmedical.com/insurance/qualify
Texas,TX,El Paso First Health Plan,Motif Medical,https://motifmedical.com/insurance/qualify
Texas,TX,Emblem Health,Motif Medical,https://motifmedical.com/insurance/qualify
Texas,TX,Employers Health Network,Motif Medical,https://motifmedical.com/insurance/qualify
Texas,TX,Exceedent,Motif Medical,https://motifmedical.com/insurance/qualify
Texas,TX,Fidelis Care,Motif Medical,https://motifmedical.com/insurance/qualify
Texas,TX,First Care Health Plans,Motif Medical,https://motifmedical.com/insurance/qualify
Texas,TX,First Choice Health,Motif Medical,https://motifmedical.com/insurance/qualify
Texas,TX,FirstCare,Motif Medical,https://motifmedical.com/insurance/qualify
Texas,TX,FirstCare Health Plans,Motif Medical,https://motifmedical.com/insurance/qualify
Texas,TX,Friday Health Plan,Motif Medical,https://motifmedical.com/insurance/qualify
Texas,TX,Galaxy Health Network,Motif Medical,https://motifmedical.com/insurance/qualify
Texas,TX,Gateway Health,Motif Medical,https://motifmedical.com/insurance/qualify
Texas,TX,GE GROUP ADMIN,Motif Medical,https://motifmedical.com/insurance/qualify
Texas,TX,GEHA,Motif Medical,https://motifmedical.com/insurance/qualify
Texas,TX,Geisinger,Motif Medical,https://motifmedical.com/insurance/qualify
Texas,TX,Gilsbar,Motif Medical,https://motifmedical.com/insurance/qualify
Texas,TX,global excel management,Motif Medical,https://motifmedical.com/insurance/qualify
Texas,TX,Global Health,Motif Medical,https://motifmedical.com/insurance/qualify
Texas,TX,GPA,Motif Medical,https://motifmedical.com/insurance/qualify
Texas,TX,Group & Pension Administrators,Motif Medical,https://motifmedical.com/insurance/qualify
Texas,TX,group health benefits,Motif Medical,https://motifmedical.com/insurance/qualify
Texas,TX,Group Health Eau Claire,Motif Medical,https://motifmedical.com/insurance/qualify
Texas,TX,Harbor Health Plan,Motif Medical,https://motifmedical.com/insurance/qualify
Texas,TX,Harvard Pilgrim,Motif Medical,https://motifmedical.com/insurance/qualify
Texas,TX,Health Care Partners,Motif Medical,https://motifmedical.com/insurance/qualify
Texas,TX,health eos,Motif Medical,https://motifmedical.com/insurance/qualify
Texas,TX,Health EZ,Motif Medical,https://motifmedical.com/insurance/qualify
Texas,TX,"Health Management Services, LLC dba American Health Advantage of Idaho",Motif Medical,https://motifmedical.com/insurance/qualify
Texas,TX,"Health Management Services, LLC dba American Health Advantage of Texas",Motif Medical,https://motifmedical.com/insurance/qualify
Texas,TX,"Health Management Services, LLC dba American Health Advantage of Utah",Motif Medical,https://motifmedical.com/insurance/qualify
Texas,TX,Health New England,Motif Medical,https://motifmedical.com/insurance/qualify
Texas,TX,Health Options,Motif Medical,https://motifmedical.com/insurance/qualify
Texas,TX,Health Partners,Motif Medical,https://motifmedical.com/insurance/qualify
Texas,TX,Health Payment Systems,Motif Medical,https://motifmedical.com/insurance/qualify
Texas,TX,Health Plan Services,Motif Medical,https://motifmedical.com/insurance/qualify
Texas,TX,Health Plans Inc,Motif Medical,https://motifmedical.com/insurance/qualify
Texas,TX,Health Scope,Motif Medical,https://motifmedical.com/insurance/qualify
Texas,TX,Health Smart,Motif Medical,https://motifmedical.com/insurance/qualify
Texas,TX,HealthComp,Motif Medical,https://motifmedical.com/insurance/qualify
Texas,TX,Healthcomp TPA,Motif Medical,https://motifmedical.com/insurance/qualify
Texas,TX,Healthgram,Motif Medical,https://motifmedical.com/insurance/qualify
Texas,TX,HealthLink,Motif Medical,https://motifmedical.com/insurance/qualify
Texas,TX,HealthScope,Motif Medical,https://motifmedical.com/insurance/qualify
Texas,TX,HealthSmart,Motif Medical,https://motifmedical.com/insurance/qualify
Texas,TX,"HealthSmart Preferred Care II, LP",Motif Medical,https://motifmedical.com/insurance/qualify
Texas,TX,HealthSpring,Motif Medical,https://motifmedical.com/insurance/qualify
Texas,TX,HFN,Motif Medical,https://motifmedical.com/insurance/qualify
Texas,TX,highlands,Motif Medical,https://motifmedical.com/insurance/qualify
Texas,TX,Highmark BlueCross BlueShield,Motif Medical,https://motifmedical.com/insurance/qualify
Texas,TX,HISPANIC PHYS,Motif Medical,https://motifmedical.com/insurance/qualify
Texas,TX,Homelink,Motif Medical,https://motifmedical.com/insurance/qualify
Texas,TX,Hudson Health Plan,Motif Medical,https://motifmedical.com/insurance/qualify
Texas,TX,Humana,Motif Medical,https://motifmedical.com/insurance/qualify
Texas,TX,Imagine 402,Motif Medical,https://motifmedical.com/insurance/qualify
Texas,TX,"immergrun, inc.",Motif Medical,https://motifmedical.com/insurance/qualify
Texas,TX,"Imperial Insurance Companies, Inc.",Motif Medical,https://motifmedical.com/insurance/qualify
Texas,TX,IMS,Motif Medical,https://motifmedical.com/insurance/qualify
Texas,TX,Independence BCBS,Motif Medical,https://motifmedical.com/insurance/qualify
Texas,TX,Independent Health,Motif Medical,https://motifmedical.com/insurance/qualify
Texas,TX,Independent Medical Systems,Motif Medical,https://motifmedical.com/insurance/qualify
Texas,TX,indequest,Motif Medical,https://motifmedical.com/insurance/qualify
Texas,TX,Insurance Management Services,Motif Medical,https://motifmedical.com/insurance/qualify
Texas,TX,Integra,Motif Medical,https://motifmedical.com/insurance/qualify
Texas,TX,INTotal Health,Motif Medical,https://motifmedical.com/insurance/qualify
Texas,TX,IPMG,Motif Medical,https://motifmedical.com/insurance/qualify
Texas,TX,J.P. Farley Corporation,Motif Medical,https://motifmedical.com/insurance/qualify
Texas,TX,Key Benefit Administrators,Motif Medical,https://motifmedical.com/insurance/qualify
Texas,TX,Keystone First,Motif Medical,https://motifmedical.com/insurance/qualify
Texas,TX,lakes area community healthplan,Motif Medical,https://motifmedical.com/insurance/qualify
Texas,TX,Lasso Healthcare,Motif Medical,https://motifmedical.com/insurance/qualify
Texas,TX,Longevity Health Plan,Motif Medical,https://motifmedical.com/insurance/qualify
Texas,TX,Lucent Health,Motif Medical,https://motifmedical.com/insurance/qualify
Texas,TX,Luminare,Motif Medical,https://motifmedical.com/insurance/qualify
Texas,TX,Magellan,Motif Medical,https://motifmedical.com/insurance/qualify
Texas,TX,Magnacare,Motif Medical,https://motifmedical.com/insurance/qualify
Texas,TX,Mail Handlers,Motif Medical,https://motifmedical.com/insurance/qualify
Texas,TX,"Managed Care, Inc dba Galaxy Health Network",Motif Medical,https://motifmedical.com/insurance/qualify
Texas,TX,MAP Medical Access Program Seton,Motif Medical,https://motifmedical.com/insurance/qualify
Texas,TX,Martin's Point,Motif Medical,https://motifmedical.com/insurance/qualify
Texas,TX,maxor provider network,Motif Medical,https://motifmedical.com/insurance/qualify
Texas,TX,MaxorPlus,Motif Medical,https://motifmedical.com/insurance/qualify
Texas,TX,mcm maxcare ppo,Motif Medical,https://motifmedical.com/insurance/qualify
Texas,TX,Medcorp Southwest Inc,Motif Medical,https://motifmedical.com/insurance/qualify
Texas,TX,MedCost,Motif Medical,https://motifmedical.com/insurance/qualify
Texas,TX,Medi-Share,Motif Medical,https://motifmedical.com/insurance/qualify
Texas,TX,Median Healthcare,Motif Medical,https://motifmedical.com/insurance/qualify
Texas,TX,Medica,Motif Medical,https://motifmedical.com/insurance/qualify
Texas,TX,Medicaid,Motif Medical,https://motifmedical.com/insurance/qualify
Texas,TX,Medicaid of Texas,Motif Medical,https://motifmedical.com/insurance/qualify
Texas,TX,Medical Care Referral Group,Motif Medical,https://motifmedical.com/insurance/qualify
Texas,TX,"Medical Cost Containment Professionals, LLC (MCCP)",Motif Medical,https://motifmedical.com/insurance/qualify
Texas,TX,medical resource,Motif Medical,https://motifmedical.com/insurance/qualify
Texas,TX,Medicare,Motif Medical,https://motifmedical.com/insurance/qualify
Texas,TX,Memorial Hermann,Motif Medical,https://motifmedical.com/insurance/qualify
Texas,TX,Memorial Hermann Health Solutions,Motif Medical,https://motifmedical.com/insurance/qualify
Texas,TX,Meridian Health Plan,Motif Medical,https://motifmedical.com/insurance/qualify
Texas,TX,Meritain Health,Motif Medical,https://motifmedical.com/insurance/qualify
Texas,TX,Methodist First Choice,Motif Medical,https://motifmedical.com/insurance/qualify
Texas,TX,MetroPlus,Motif Medical,https://motifmedical.com/insurance/qualify
Texas,TX,Midlands Choice,Motif Medical,https://motifmedical.com/insurance/qualify
Texas,TX,Midwest Health,Motif Medical,https://motifmedical.com/insurance/qualify
Texas,TX,MissionPoint,Motif Medical,https://motifmedical.com/insurance/qualify
Texas,TX,"Missouri Medicare Select, LLC dba American Health Advantage of Missouri",Motif Medical,https://motifmedical.com/insurance/qualify
Texas,TX,Moda Health,Motif Medical,https://motifmedical.com/insurance/qualify
Texas,TX,Molina,Motif Medical,https://motifmedical.com/insurance/qualify
Texas,TX,Monumental Life Insurance-Retiree Medical Team,Motif Medical,https://motifmedical.com/insurance/qualify
Texas,TX,Mountain Health CO-OP,Motif Medical,https://motifmedical.com/insurance/qualify
Texas,TX,Multiplan-PHCS,Motif Medical,https://motifmedical.com/insurance/qualify
Texas,TX,Mutual Assurance Administrators,Motif Medical,https://motifmedical.com/insurance/qualify
Texas,TX,National Association of Letter Carriers,Motif Medical,https://motifmedical.com/insurance/qualify
Texas,TX,National Elevator Industry Health Benefits,Motif Medical,https://motifmedical.com/insurance/qualify
Texas,TX,National Healthcare Alliance,Motif Medical,https://motifmedical.com/insurance/qualify
Texas,TX,New ERA Life Insurance Company of The Midwest,Motif Medical,https://motifmedical.com/insurance/qualify
Texas,TX,Nexcaliber,Motif Medical,https://motifmedical.com/insurance/qualify
Texas,TX,NHIC,Motif Medical,https://motifmedical.com/insurance/qualify
Texas,TX,NIVANO PHYSCNS,Motif Medical,https://motifmedical.com/insurance/qualify
Texas,TX,NYSHIP,Motif Medical,https://motifmedical.com/insurance/qualify
Texas,TX,"Oklahoma Superior Select, Inc. dba American Health Advantage of Oklahoma",Motif Medical,https://motifmedical.com/insurance/qualify
Texas,TX,One Homecare Solutions,Motif Medical,https://motifmedical.com/insurance/qualify
Texas,TX,Onecall,Motif Medical,https://motifmedical.com/insurance/qualify
Texas,TX,Optum,Motif Medical,https://motifmedical.com/insurance/qualify
Texas,TX,Oscar,Motif Medical,https://motifmedical.com/insurance/qualify
Texas,TX,Oscar TX-Commercial,Motif Medical,https://motifmedical.com/insurance/qualify
Texas,TX,Other,Motif Medical,https://motifmedical.com/insurance/qualify
Texas,TX,OWCA,Motif Medical,https://motifmedical.com/insurance/qualify
Texas,TX,Oxford Health Plans,Motif Medical,https://motifmedical.com/insurance/qualify
Texas,TX,Pacific Source Health Plans,Motif Medical,https://motifmedical.com/insurance/qualify
Texas,TX,Pacificare,Motif Medical,https://motifmedical.com/insurance/qualify
Texas,TX,Paradigm,Motif Medical,https://motifmedical.com/insurance/qualify
Texas,TX,Parkland Community Health,Motif Medical,https://motifmedical.com/insurance/qualify
Texas,TX,Partners Health Plan,Motif Medical,https://motifmedical.com/insurance/qualify
Texas,TX,Performance Health,Motif Medical,https://motifmedical.com/insurance/qualify
Texas,TX,Piedmont Healthcare,Motif Medical,https://motifmedical.com/insurance/qualify
Texas,TX,Pinnacle Assurance,Motif Medical,https://motifmedical.com/insurance/qualify
Texas,TX,Porter County Government Employee Benefits,Motif Medical,https://motifmedical.com/insurance/qualify
Texas,TX,PPO Next,Motif Medical,https://motifmedical.com/insurance/qualify
Texas,TX,PPO Plus,Motif Medical,https://motifmedical.com/insurance/qualify
Texas,TX,Prairie States,Motif Medical,https://motifmedical.com/insurance/qualify
Texas,TX,Preferred Health Professionals,Motif Medical,https://motifmedical.com/insurance/qualify
Texas,TX,Preferred Medical Network,Motif Medical,https://motifmedical.com/insurance/qualify
Texas,TX,Preferred One,Motif Medical,https://motifmedical.com/insurance/qualify
Texas,TX,"Premier Access, Inc.",Motif Medical,https://motifmedical.com/insurance/qualify
Texas,TX,Premier Provider Network,Motif Medical,https://motifmedical.com/insurance/qualify
Texas,TX,Presbyterian Health Plan,Motif Medical,https://motifmedical.com/insurance/qualify
Texas,TX,Priority Health,Motif Medical,https://motifmedical.com/insurance/qualify
Texas,TX,Prominence Health Plan,Motif Medical,https://motifmedical.com/insurance/qualify
Texas,TX,Pronet - Provider Networks of America,Motif Medical,https://motifmedical.com/insurance/qualify
Texas,TX,PROVIDENCE HEALTH,Motif Medical,https://motifmedical.com/insurance/qualify
Texas,TX,Provident American Insurance Company,Motif Medical,https://motifmedical.com/insurance/qualify
Texas,TX,Provider Network of America,Motif Medical,https://motifmedical.com/insurance/qualify
Texas,TX,QualChoice,Motif Medical,https://motifmedical.com/insurance/qualify
Texas,TX,Quartz,Motif Medical,https://motifmedical.com/insurance/qualify
Texas,TX,Qubic,Motif Medical,https://motifmedical.com/insurance/qualify
Texas,TX,Reserve National Insurance Company,Motif Medical,https://motifmedical.com/insurance/qualify
Texas,TX,ResourceOne Administrators,Motif Medical,https://motifmedical.com/insurance/qualify
Texas,TX,RH Administrators,Motif Medical,https://motifmedical.com/insurance/qualify
Texas,TX,Right Care- Scott & White Health,Motif Medical,https://motifmedical.com/insurance/qualify
Texas,TX,Rightcare by Scott & White Health Plan,Motif Medical,https://motifmedical.com/insurance/qualify
Texas,TX,Rightcare from Scott and White,Motif Medical,https://motifmedical.com/insurance/qualify
Texas,TX,RIVER CITY MED,Motif Medical,https://motifmedical.com/insurance/qualify
Texas,TX,S & S Health,Motif Medical,https://motifmedical.com/insurance/qualify
Texas,TX,Samaritan,Motif Medical,https://motifmedical.com/insurance/qualify
Texas,TX,Sana Benefits,Motif Medical,https://motifmedical.com/insurance/qualify
Texas,TX,Sanford Health Plan,Motif Medical,https://motifmedical.com/insurance/qualify
Texas,TX,Scott & White Health Plan,Motif Medical,https://motifmedical.com/insurance/qualify
Texas,TX,Scott & White Health Plans,Motif Medical,https://motifmedical.com/insurance/qualify
Texas,TX,Sedgwick,Motif Medical,https://motifmedical.com/insurance/qualify
Texas,TX,Select Administrative Services,Motif Medical,https://motifmedical.com/insurance/qualify
Texas,TX,Self Insured Services Company,Motif Medical,https://motifmedical.com/insurance/qualify
Texas,TX,Sendero Health Plans,Motif Medical,https://motifmedical.com/insurance/qualify
Texas,TX,Sentara Health Plans,Motif Medical,https://motifmedical.com/insurance/qualify
Texas,TX,Sentry Insurance,Motif Medical,https://motifmedical.com/insurance/qualify
Texas,TX,Seton Health Plan,Motif Medical,https://motifmedical.com/insurance/qualify
Texas,TX,SIHO,Motif Medical,https://motifmedical.com/insurance/qualify
Texas,TX,SIX DEGREES HEALTH,Motif Medical,https://motifmedical.com/insurance/qualify
Texas,TX,SmartHealth,Motif Medical,https://motifmedical.com/insurance/qualify
Texas,TX,SMS National,Motif Medical,https://motifmedical.com/insurance/qualify
Texas,TX,Sound Health and Wellness,Motif Medical,https://motifmedical.com/insurance/qualify
Texas,TX,South Central Preferred,Motif Medical,https://motifmedical.com/insurance/qualify
Texas,TX,Southwest Preferred,Motif Medical,https://motifmedical.com/insurance/qualify
Texas,TX,Starmark,Motif Medical,https://motifmedical.com/insurance/qualify
Texas,TX,Superior Health Plan,Motif Medical,https://motifmedical.com/insurance/qualify
Texas,TX,Superior Health Plan -,Motif Medical,https://motifmedical.com/insurance/qualify
Texas,TX,Superior Health Plan TX,Motif Medical,https://motifmedical.com/insurance/qualify
Texas,TX,Superior Star Medicaid,Motif Medical,https://motifmedical.com/insurance/qualify
Texas,TX,TeamChoice,Motif Medical,https://motifmedical.com/insurance/qualify
Texas,TX,Texas Blue Cross Blue Shield,Motif Medical,https://motifmedical.com/insurance/qualify
Texas,TX,Texas Children's Health Plan,Motif Medical,https://motifmedical.com/insurance/qualify
Texas,TX,Texas CSCHN,Motif Medical,https://motifmedical.com/insurance/qualify
Texas,TX,"Texas True Choice, Inc.",Motif Medical,https://motifmedical.com/insurance/qualify
Texas,TX,The American Worker,Motif Medical,https://motifmedical.com/insurance/qualify
Texas,TX,The American Worker (f.k.a Century Healthcare),Motif Medical,https://motifmedical.com/insurance/qualify
Texas,TX,The Empire Plan,Motif Medical,https://motifmedical.com/insurance/qualify
Texas,TX,The Health Plan,Motif Medical,https://motifmedical.com/insurance/qualify
Texas,TX,TMHP CCP,Motif Medical,https://motifmedical.com/insurance/qualify
Texas,TX,TMHP DME,Motif Medical,https://motifmedical.com/insurance/qualify
Texas,TX,TML,Motif Medical,https://motifmedical.com/insurance/qualify
Texas,TX,Tricare,Motif Medical,https://motifmedical.com/insurance/qualify
Texas,TX,Tricare East,Motif Medical,https://motifmedical.com/insurance/qualify
Texas,TX,Tricare Overseas,Motif Medical,https://motifmedical.com/insurance/qualify
Texas,TX,Tricare West,Motif Medical,https://motifmedical.com/insurance/qualify
Texas,TX,Trilogy,Motif Medical,https://motifmedical.com/insurance/qualify
Texas,TX,Trisurant,Motif Medical,https://motifmedical.com/insurance/qualify
Texas,TX,TRPN,Motif Medical,https://motifmedical.com/insurance/qualify
Texas,TX,Trustmark,Motif Medical,https://motifmedical.com/insurance/qualify
Texas,TX,Tufts Health Plan,Motif Medical,https://motifmedical.com/insurance/qualify
Texas,TX,Tyler Independent School District,Motif Medical,https://motifmedical.com/insurance/qualify
Texas,TX,Ucare,Motif Medical,https://motifmedical.com/insurance/qualify
Texas,TX,UHC ALL SAVERS,Motif Medical,https://motifmedical.com/insurance/qualify
Texas,TX,UHC SHARED SERVICES,Motif Medical,https://motifmedical.com/insurance/qualify
Texas,TX,UHC STUDENT RESOURCES,Motif Medical,https://motifmedical.com/insurance/qualify
Texas,TX,UHC SUREST,Motif Medical,https://motifmedical.com/insurance/qualify
Texas,TX,UHIS,Motif Medical,https://motifmedical.com/insurance/qualify
Texas,TX,UICI,Motif Medical,https://motifmedical.com/insurance/qualify
Texas,TX,UMR,Motif Medical,https://motifmedical.com/insurance/qualify
Texas,TX,UMWA Health & Retirement Funds,Motif Medical,https://motifmedical.com/insurance/qualify
Texas,TX,Unicare,Motif Medical,https://motifmedical.com/insurance/qualify
Texas,TX,United,Motif Medical,https://motifmedical.com/insurance/qualify
Texas,TX,"United American Ins, Team Star Company",Motif Medical,https://motifmedical.com/insurance/qualify
Texas,TX,United Healthcare,Motif Medical,https://motifmedical.com/insurance/qualify
Texas,TX,United Healthcare  Commercial and Medicare,Motif Medical,https://motifmedical.com/insurance/qualify
Texas,TX,United Healthcare All Savers,Motif Medical,https://motifmedical.com/insurance/qualify
Texas,TX,United Healthcare Community Plan of Texas,Motif Medical,https://motifmedical.com/insurance/qualify
Texas,TX,United Healthcare Medicaid,Motif Medical,https://motifmedical.com/insurance/qualify
Texas,TX,United Healthcare of Texas,Motif Medical,https://motifmedical.com/insurance/qualify
Texas,TX,United Healthcare Shared Services,Motif Medical,https://motifmedical.com/insurance/qualify
Texas,TX,United Healthcare StudentResources,Motif Medical,https://motifmedical.com/insurance/qualify
Texas,TX,United Student Resources,Motif Medical,https://motifmedical.com/insurance/qualify
Texas,TX,United Teachers Association,Motif Medical,https://motifmedical.com/insurance/qualify
Texas,TX,UnitedHealthcare Community Plan,Motif Medical,https://motifmedical.com/insurance/qualify
Texas,TX,UPMC,Motif Medical,https://motifmedical.com/insurance/qualify
Texas,TX,US Family Health Plan,Motif Medical,https://motifmedical.com/insurance/qualify
Texas,TX,USA Health Network,Motif Medical,https://motifmedical.com/insurance/qualify
Texas,TX,USA Managed Care Organization,Motif Medical,https://motifmedical.com/insurance/qualify
Texas,TX,USA MANAGED CARE ORGANIZATIONS,Motif Medical,https://motifmedical.com/insurance/qualify
Texas,TX,USFHP,Motif Medical,https://motifmedical.com/insurance/qualify
Texas,TX,VA/FMP,Motif Medical,https://motifmedical.com/insurance/qualify
Texas,TX,Valenz,Motif Medical,https://motifmedical.com/insurance/qualify
Texas,TX,Valenz f.k.a United Claim Solutions (PPO Network),Motif Medical,https://motifmedical.com/insurance/qualify
Texas,TX,Vista 360 Health Plan,Motif Medical,https://motifmedical.com/insurance/qualify
Texas,TX,WebTPA,Motif Medical,https://motifmedical.com/insurance/qualify
Texas,TX,Wellcare,Motif Medical,https://motifmedical.com/insurance/qualify
Texas,TX,WellFirst Health,Motif Medical,https://motifmedical.com/insurance/qualify
Texas,TX,WellMed,Motif Medical,https://motifmedical.com/insurance/qualify
Texas,TX,Wellpoint,Motif Medical,https://motifmedical.com/insurance/qualify
Texas,TX,Wellpoint of Texas (fka Amerigroup of Texas),Motif Medical,https://motifmedical.com/insurance/qualify
Texas,TX,WESTERN MEDICAL,Motif Medical,https://motifmedical.com/insurance/qualify
Texas,TX,Western Pennsylvania Electrical Employees Benefit Funds,Motif Medical,https://motifmedical.com/insurance/qualify
Texas,TX,Wise Provider Network,Motif Medical,https://motifmedical.com/insurance/qualify
Texas,TX,World Trade Center,Motif Medical,https://motifmedical.com/insurance/qualify
Texas,TX,Zelis,Motif Medical,https://motifmedical.com/insurance/qualify
Texas,TX,ZENITH ADMIN,Motif Medical,https://motifmedical.com/insurance/qualify
Texas,TX,Zing Health Care Medicare Advantage,Motif Medical,https://motifmedical.com/insurance/qualify
Utah,UT,A&S Financial,Motif Medical,https://motifmedical.com/insurance/qualify
Utah,UT,Access Health Services - TPA,Motif Medical,https://motifmedical.com/insurance/qualify
Utah,UT,Admiral Beverage St Lukes,Motif Medical,https://motifmedical.com/insurance/qualify
Utah,UT,Aetna,Motif Medical,https://motifmedical.com/insurance/qualify
Utah,UT,Aetna Atlantic Health,Motif Medical,https://motifmedical.com/insurance/qualify
Utah,UT,Aetna National,Motif Medical,https://motifmedical.com/insurance/qualify
Utah,UT,Affinity,Motif Medical,https://motifmedical.com/insurance/qualify
Utah,UT,All Savers Health Plans,Motif Medical,https://motifmedical.com/insurance/qualify
Utah,UT,Allegiance,Motif Medical,https://motifmedical.com/insurance/qualify
Utah,UT,Alliant Health,Motif Medical,https://motifmedical.com/insurance/qualify
Utah,UT,Allied Health Benefits,Motif Medical,https://motifmedical.com/insurance/qualify
Utah,UT,AllWays Health Partners,Motif Medical,https://motifmedical.com/insurance/qualify
Utah,UT,Alternative Insurance Resources,Motif Medical,https://motifmedical.com/insurance/qualify
Utah,UT,Ambetter,Motif Medical,https://motifmedical.com/insurance/qualify
Utah,UT,AmeriBen,Motif Medical,https://motifmedical.com/insurance/qualify
Utah,UT,America's Choice Provider Network,Motif Medical,https://motifmedical.com/insurance/qualify
Utah,UT,American Health Advantage of Utah,Motif Medical,https://motifmedical.com/insurance/qualify
Utah,UT,American Health Plans,Motif Medical,https://motifmedical.com/insurance/qualify
Utah,UT,American Healthcare Alliance,Motif Medical,https://motifmedical.com/insurance/qualify
Utah,UT,American PPO,Motif Medical,https://motifmedical.com/insurance/qualify
Utah,UT,AmeriHealth,Motif Medical,https://motifmedical.com/insurance/qualify
Utah,UT,Ametros,Motif Medical,https://motifmedical.com/insurance/qualify
Utah,UT,Ancillary Care Services,Motif Medical,https://motifmedical.com/insurance/qualify
Utah,UT,Anthem BCBCS,Motif Medical,https://motifmedical.com/insurance/qualify
Utah,UT,Anthem BCBS,Motif Medical,https://motifmedical.com/insurance/qualify
Utah,UT,Anthem Blue Cross Blue Shield,Motif Medical,https://motifmedical.com/insurance/qualify
Utah,UT,Anthem Medicaid,Motif Medical,https://motifmedical.com/insurance/qualify
Utah,UT,Arcbest Corporation,Motif Medical,https://motifmedical.com/insurance/qualify
Utah,UT,ASURIS,Motif Medical,https://motifmedical.com/insurance/qualify
Utah,UT,Atrio Health Plans,Motif Medical,https://motifmedical.com/insurance/qualify
Utah,UT,Badger Care,Motif Medical,https://motifmedical.com/insurance/qualify
Utah,UT,BCE Emergis,Motif Medical,https://motifmedical.com/insurance/qualify
Utah,UT,Beacon Health,Motif Medical,https://motifmedical.com/insurance/qualify
Utah,UT,Beech Street,Motif Medical,https://motifmedical.com/insurance/qualify
Utah,UT,Benefit Assistance Corp,Motif Medical,https://motifmedical.com/insurance/qualify
Utah,UT,Blue Benefit Administrators,Motif Medical,https://motifmedical.com/insurance/qualify
Utah,UT,Blue Cross Blue Shield,Motif Medical,https://motifmedical.com/insurance/qualify
Utah,UT,Bluegrass Family Health,Motif Medical,https://motifmedical.com/insurance/qualify
Utah,UT,BMI Benefits LLC,Motif Medical,https://motifmedical.com/insurance/qualify
Utah,UT,Boulder Admin,Motif Medical,https://motifmedical.com/insurance/qualify
Utah,UT,Bridgespan Health,Motif Medical,https://motifmedical.com/insurance/qualify
Utah,UT,Buckeye Community Health Plan,Motif Medical,https://motifmedical.com/insurance/qualify
Utah,UT,CareFirst BCBS,Motif Medical,https://motifmedical.com/insurance/qualify
Utah,UT,Careington International,Motif Medical,https://motifmedical.com/insurance/qualify
Utah,UT,Caresource,Motif Medical,https://motifmedical.com/insurance/qualify
Utah,UT,CAREVALENT GILSBAR,Motif Medical,https://motifmedical.com/insurance/qualify
Utah,UT,Cedar Valley Community Healthcare,Motif Medical,https://motifmedical.com/insurance/qualify
Utah,UT,Cedar Valley Hospice - Transportation,Motif Medical,https://motifmedical.com/insurance/qualify
Utah,UT,Century Health Solutions,Motif Medical,https://motifmedical.com/insurance/qualify
Utah,UT,Cerner Health Plan,Motif Medical,https://motifmedical.com/insurance/qualify
Utah,UT,CHAMP VA,Motif Medical,https://motifmedical.com/insurance/qualify
Utah,UT,CHN Solutions,Motif Medical,https://motifmedical.com/insurance/qualify
Utah,UT,Choice Care Network,Motif Medical,https://motifmedical.com/insurance/qualify
Utah,UT,Cigna,Motif Medical,https://motifmedical.com/insurance/qualify
Utah,UT,ClearPrice Networks,Motif Medical,https://motifmedical.com/insurance/qualify
Utah,UT,CMN Inc. Global,Motif Medical,https://motifmedical.com/insurance/qualify
Utah,UT,Coastal Care Services,Motif Medical,https://motifmedical.com/insurance/qualify
Utah,UT,Cofinity Health Benefits,Motif Medical,https://motifmedical.com/insurance/qualify
Utah,UT,Common Ground Health Care,Motif Medical,https://motifmedical.com/insurance/qualify
Utah,UT,Commonwealth Care Alliance,Motif Medical,https://motifmedical.com/insurance/qualify
Utah,UT,Community Care,Motif Medical,https://motifmedical.com/insurance/qualify
Utah,UT,Community Health Options,Motif Medical,https://motifmedical.com/insurance/qualify
Utah,UT,Compass Rose Health Plan,Motif Medical,https://motifmedical.com/insurance/qualify
Utah,UT,CompDME,Motif Medical,https://motifmedical.com/insurance/qualify
Utah,UT,Connecticare,Motif Medical,https://motifmedical.com/insurance/qualify
Utah,UT,CONSOCIATE CARE,Motif Medical,https://motifmedical.com/insurance/qualify
Utah,UT,Continental Benefits,Motif Medical,https://motifmedical.com/insurance/qualify
Utah,UT,Cook County Health Plan,Motif Medical,https://motifmedical.com/insurance/qualify
Utah,UT,CoreSource,Motif Medical,https://motifmedical.com/insurance/qualify
Utah,UT,Coventry Health Care,Motif Medical,https://motifmedical.com/insurance/qualify
Utah,UT,CuraeChoice,Motif Medical,https://motifmedical.com/insurance/qualify
Utah,UT,Custom Health Solutions,Motif Medical,https://motifmedical.com/insurance/qualify
Utah,UT,Delta Health Systems,Motif Medical,https://motifmedical.com/insurance/qualify
Utah,UT,Deseret Alliance Medicare Supplemental Plan,Motif Medical,https://motifmedical.com/insurance/qualify
Utah,UT,Deseret Mutual Benefit Administrators,Motif Medical,https://motifmedical.com/insurance/qualify
Utah,UT,Eagle Health Plan,Motif Medical,https://motifmedical.com/insurance/qualify
Utah,UT,EBMS,Motif Medical,https://motifmedical.com/insurance/qualify
Utah,UT,EBPA,Motif Medical,https://motifmedical.com/insurance/qualify
Utah,UT,Emblem Health,Motif Medical,https://motifmedical.com/insurance/qualify
Utah,UT,Employers Health Network,Motif Medical,https://motifmedical.com/insurance/qualify
Utah,UT,Exceedent,Motif Medical,https://motifmedical.com/insurance/qualify
Utah,UT,Fidelis Care,Motif Medical,https://motifmedical.com/insurance/qualify
Utah,UT,First Choice Health,Motif Medical,https://motifmedical.com/insurance/qualify
Utah,UT,Friday Health Plan,Motif Medical,https://motifmedical.com/insurance/qualify
Utah,UT,Galaxy Health Network,Motif Medical,https://motifmedical.com/insurance/qualify
Utah,UT,Gateway Health,Motif Medical,https://motifmedical.com/insurance/qualify
Utah,UT,GEHA,Motif Medical,https://motifmedical.com/insurance/qualify
Utah,UT,Geisinger,Motif Medical,https://motifmedical.com/insurance/qualify
Utah,UT,Gilsbar,Motif Medical,https://motifmedical.com/insurance/qualify
Utah,UT,global excel management,Motif Medical,https://motifmedical.com/insurance/qualify
Utah,UT,group health benefits,Motif Medical,https://motifmedical.com/insurance/qualify
Utah,UT,Group Health Eau Claire,Motif Medical,https://motifmedical.com/insurance/qualify
Utah,UT,Harbor Health Plan,Motif Medical,https://motifmedical.com/insurance/qualify
Utah,UT,Harvard Pilgrim,Motif Medical,https://motifmedical.com/insurance/qualify
Utah,UT,Health Care Partners,Motif Medical,https://motifmedical.com/insurance/qualify
Utah,UT,Health Choice,Motif Medical,https://motifmedical.com/insurance/qualify
Utah,UT,health eos,Motif Medical,https://motifmedical.com/insurance/qualify
Utah,UT,Health EZ,Motif Medical,https://motifmedical.com/insurance/qualify
Utah,UT,Health New England,Motif Medical,https://motifmedical.com/insurance/qualify
Utah,UT,Health Options,Motif Medical,https://motifmedical.com/insurance/qualify
Utah,UT,Health Partners,Motif Medical,https://motifmedical.com/insurance/qualify
Utah,UT,Health Payment Systems,Motif Medical,https://motifmedical.com/insurance/qualify
Utah,UT,Health Plan Services,Motif Medical,https://motifmedical.com/insurance/qualify
Utah,UT,Health Plans Inc,Motif Medical,https://motifmedical.com/insurance/qualify
Utah,UT,Health Scope,Motif Medical,https://motifmedical.com/insurance/qualify
Utah,UT,Health Smart,Motif Medical,https://motifmedical.com/insurance/qualify
Utah,UT,health utah network,Motif Medical,https://motifmedical.com/insurance/qualify
Utah,UT,HealthComp,Motif Medical,https://motifmedical.com/insurance/qualify
Utah,UT,Healthcomp TPA,Motif Medical,https://motifmedical.com/insurance/qualify
Utah,UT,Healthgram,Motif Medical,https://motifmedical.com/insurance/qualify
Utah,UT,HealthLink,Motif Medical,https://motifmedical.com/insurance/qualify
Utah,UT,HealthSmart,Motif Medical,https://motifmedical.com/insurance/qualify
Utah,UT,"HealthSmart Preferred Care II, LP",Motif Medical,https://motifmedical.com/insurance/qualify
Utah,UT,Healthy U,Motif Medical,https://motifmedical.com/insurance/qualify
Utah,UT,HFN,Motif Medical,https://motifmedical.com/insurance/qualify
Utah,UT,highlands,Motif Medical,https://motifmedical.com/insurance/qualify
Utah,UT,Highmark BlueCross BlueShield,Motif Medical,https://motifmedical.com/insurance/qualify
Utah,UT,Homelink,Motif Medical,https://motifmedical.com/insurance/qualify
Utah,UT,Hudson Health Plan,Motif Medical,https://motifmedical.com/insurance/qualify
Utah,UT,Humana,Motif Medical,https://motifmedical.com/insurance/qualify
Utah,UT,Imagine 403,Motif Medical,https://motifmedical.com/insurance/qualify
Utah,UT,"immergrun, inc.",Motif Medical,https://motifmedical.com/insurance/qualify
Utah,UT,Independence BCBS,Motif Medical,https://motifmedical.com/insurance/qualify
Utah,UT,Independent Health,Motif Medical,https://motifmedical.com/insurance/qualify
Utah,UT,Independent Medical Systems,Motif Medical,https://motifmedical.com/insurance/qualify
Utah,UT,indequest,Motif Medical,https://motifmedical.com/insurance/qualify
Utah,UT,Insurance Management Services,Motif Medical,https://motifmedical.com/insurance/qualify
Utah,UT,Integra,Motif Medical,https://motifmedical.com/insurance/qualify
Utah,UT,INTotal Health,Motif Medical,https://motifmedical.com/insurance/qualify
Utah,UT,IPMG,Motif Medical,https://motifmedical.com/insurance/qualify
Utah,UT,J.P. Farley Corporation,Motif Medical,https://motifmedical.com/insurance/qualify
Utah,UT,Key Benefit Administrators,Motif Medical,https://motifmedical.com/insurance/qualify
Utah,UT,Keystone First,Motif Medical,https://motifmedical.com/insurance/qualify
Utah,UT,lakes area community healthplan,Motif Medical,https://motifmedical.com/insurance/qualify
Utah,UT,Lasso Healthcare,Motif Medical,https://motifmedical.com/insurance/qualify
Utah,UT,Lucent Health,Motif Medical,https://motifmedical.com/insurance/qualify
Utah,UT,Magellan,Motif Medical,https://motifmedical.com/insurance/qualify
Utah,UT,Magnacare,Motif Medical,https://motifmedical.com/insurance/qualify
Utah,UT,Mail Handlers,Motif Medical,https://motifmedical.com/insurance/qualify
Utah,UT,"Managed Care, Inc dba Galaxy Health Network",Motif Medical,https://motifmedical.com/insurance/qualify
Utah,UT,Martin's Point,Motif Medical,https://motifmedical.com/insurance/qualify
Utah,UT,maxor provider network,Motif Medical,https://motifmedical.com/insurance/qualify
Utah,UT,mcm maxcare ppo,Motif Medical,https://motifmedical.com/insurance/qualify
Utah,UT,Medcorp Southwest Inc,Motif Medical,https://motifmedical.com/insurance/qualify
Utah,UT,MedCost,Motif Medical,https://motifmedical.com/insurance/qualify
Utah,UT,Medi-Share,Motif Medical,https://motifmedical.com/insurance/qualify
Utah,UT,Medica,Motif Medical,https://motifmedical.com/insurance/qualify
Utah,UT,Medicaid,Motif Medical,https://motifmedical.com/insurance/qualify
Utah,UT,Medicaid of Utah,Motif Medical,https://motifmedical.com/insurance/qualify
Utah,UT,"Medical Cost Containment Professionals, LLC (MCCP)",Motif Medical,https://motifmedical.com/insurance/qualify
Utah,UT,Medical Management Alliance,Motif Medical,https://motifmedical.com/insurance/qualify
Utah,UT,medical resource,Motif Medical,https://motifmedical.com/insurance/qualify
Utah,UT,Medicare,Motif Medical,https://motifmedical.com/insurance/qualify
Utah,UT,Meridian Health Plan,Motif Medical,https://motifmedical.com/insurance/qualify
Utah,UT,Meritain Health,Motif Medical,https://motifmedical.com/insurance/qualify
Utah,UT,Methodist First Choice,Motif Medical,https://motifmedical.com/insurance/qualify
Utah,UT,MetroPlus,Motif Medical,https://motifmedical.com/insurance/qualify
Utah,UT,Midlands Choice,Motif Medical,https://motifmedical.com/insurance/qualify
Utah,UT,Midwest Health,Motif Medical,https://motifmedical.com/insurance/qualify
Utah,UT,MissionPoint,Motif Medical,https://motifmedical.com/insurance/qualify
Utah,UT,Moda Health,Motif Medical,https://motifmedical.com/insurance/qualify
Utah,UT,Molina,Motif Medical,https://motifmedical.com/insurance/qualify
Utah,UT,Mountain Health CO-OP,Motif Medical,https://motifmedical.com/insurance/qualify
Utah,UT,Multiplan-PHCS,Motif Medical,https://motifmedical.com/insurance/qualify
Utah,UT,Mutual Assurance Administrators,Motif Medical,https://motifmedical.com/insurance/qualify
Utah,UT,National Association of Letter Carriers,Motif Medical,https://motifmedical.com/insurance/qualify
Utah,UT,National Elevator Industry Health Benefits,Motif Medical,https://motifmedical.com/insurance/qualify
Utah,UT,NGL,Motif Medical,https://motifmedical.com/insurance/qualify
Utah,UT,NYSHIP,Motif Medical,https://motifmedical.com/insurance/qualify
Utah,UT,One Homecare Solutions,Motif Medical,https://motifmedical.com/insurance/qualify
Utah,UT,Onecall,Motif Medical,https://motifmedical.com/insurance/qualify
Utah,UT,Optum,Motif Medical,https://motifmedical.com/insurance/qualify
Utah,UT,Other,Motif Medical,https://motifmedical.com/insurance/qualify
Utah,UT,OWCA,Motif Medical,https://motifmedical.com/insurance/qualify
Utah,UT,Oxford Health Plans,Motif Medical,https://motifmedical.com/insurance/qualify
Utah,UT,P5 HEALTH PLAN,Motif Medical,https://motifmedical.com/insurance/qualify
Utah,UT,Pacific Source Health Plans,Motif Medical,https://motifmedical.com/insurance/qualify
Utah,UT,Paradigm,Motif Medical,https://motifmedical.com/insurance/qualify
Utah,UT,Performance Health,Motif Medical,https://motifmedical.com/insurance/qualify
Utah,UT,Piedmont Healthcare,Motif Medical,https://motifmedical.com/insurance/qualify
Utah,UT,Pinnacle Assurance,Motif Medical,https://motifmedical.com/insurance/qualify
Utah,UT,Porter County Government Employee Benefits,Motif Medical,https://motifmedical.com/insurance/qualify
Utah,UT,PPO Plus,Motif Medical,https://motifmedical.com/insurance/qualify
Utah,UT,Prairie States,Motif Medical,https://motifmedical.com/insurance/qualify
Utah,UT,Preferred Health Professionals,Motif Medical,https://motifmedical.com/insurance/qualify
Utah,UT,Preferred Medical Network,Motif Medical,https://motifmedical.com/insurance/qualify
Utah,UT,Preferred One,Motif Medical,https://motifmedical.com/insurance/qualify
Utah,UT,Premera BC/BS,Motif Medical,https://motifmedical.com/insurance/qualify
Utah,UT,Presbyterian Health Plan,Motif Medical,https://motifmedical.com/insurance/qualify
Utah,UT,Priority Health,Motif Medical,https://motifmedical.com/insurance/qualify
Utah,UT,PROVIDENCE HEALTH,Motif Medical,https://motifmedical.com/insurance/qualify
Utah,UT,Provider Network of America,Motif Medical,https://motifmedical.com/insurance/qualify
Utah,UT,Public Employee Health Program,Motif Medical,https://motifmedical.com/insurance/qualify
Utah,UT,Public Employees Health Program,Motif Medical,https://motifmedical.com/insurance/qualify
Utah,UT,QualChoice,Motif Medical,https://motifmedical.com/insurance/qualify
Utah,UT,Quartz,Motif Medical,https://motifmedical.com/insurance/qualify
Utah,UT,Regence BC/BS,Motif Medical,https://motifmedical.com/insurance/qualify
Utah,UT,Reserve National Insurance Company,Motif Medical,https://motifmedical.com/insurance/qualify
Utah,UT,ResourceOne Administrators,Motif Medical,https://motifmedical.com/insurance/qualify
Utah,UT,S & S Health,Motif Medical,https://motifmedical.com/insurance/qualify
Utah,UT,Samaritan,Motif Medical,https://motifmedical.com/insurance/qualify
Utah,UT,Sana Benefits,Motif Medical,https://motifmedical.com/insurance/qualify
Utah,UT,Sanford Health Plan,Motif Medical,https://motifmedical.com/insurance/qualify
Utah,UT,Scott & White Health Plan,Motif Medical,https://motifmedical.com/insurance/qualify
Utah,UT,Sedgwick,Motif Medical,https://motifmedical.com/insurance/qualify
Utah,UT,Select Administrative Services,Motif Medical,https://motifmedical.com/insurance/qualify
Utah,UT,Select Health,Motif Medical,https://motifmedical.com/insurance/qualify
Utah,UT,SelectHealth Community Care,Motif Medical,https://motifmedical.com/insurance/qualify
Utah,UT,Self Insured Services Company,Motif Medical,https://motifmedical.com/insurance/qualify
Utah,UT,Sentara Health Plans,Motif Medical,https://motifmedical.com/insurance/qualify
Utah,UT,Sentry Insurance,Motif Medical,https://motifmedical.com/insurance/qualify
Utah,UT,Service Advocate,Motif Medical,https://motifmedical.com/insurance/qualify
Utah,UT,SIHO,Motif Medical,https://motifmedical.com/insurance/qualify
Utah,UT,SIX DEGREES HEALTH,Motif Medical,https://motifmedical.com/insurance/qualify
Utah,UT,SmartHealth,Motif Medical,https://motifmedical.com/insurance/qualify
Utah,UT,SMS National,Motif Medical,https://motifmedical.com/insurance/qualify
Utah,UT,Sound Health and Wellness,Motif Medical,https://motifmedical.com/insurance/qualify
Utah,UT,South Central Preferred,Motif Medical,https://motifmedical.com/insurance/qualify
Utah,UT,Starmark,Motif Medical,https://motifmedical.com/insurance/qualify
Utah,UT,The American Worker,Motif Medical,https://motifmedical.com/insurance/qualify
Utah,UT,The American Worker (f.k.a Century Healthcare),Motif Medical,https://motifmedical.com/insurance/qualify
Utah,UT,The Empire Plan,Motif Medical,https://motifmedical.com/insurance/qualify
Utah,UT,The Health Plan,Motif Medical,https://motifmedical.com/insurance/qualify
Utah,UT,Tricare,Motif Medical,https://motifmedical.com/insurance/qualify
Utah,UT,Tricare Overseas,Motif Medical,https://motifmedical.com/insurance/qualify
Utah,UT,Tricare West,Motif Medical,https://motifmedical.com/insurance/qualify
Utah,UT,Trilogy,Motif Medical,https://motifmedical.com/insurance/qualify
Utah,UT,TRPN,Motif Medical,https://motifmedical.com/insurance/qualify
Utah,UT,Trustmark,Motif Medical,https://motifmedical.com/insurance/qualify
Utah,UT,Tufts Health Plan,Motif Medical,https://motifmedical.com/insurance/qualify
Utah,UT,Ucare,Motif Medical,https://motifmedical.com/insurance/qualify
Utah,UT,UHC ALL SAVERS,Motif Medical,https://motifmedical.com/insurance/qualify
Utah,UT,UHC SHARED SERVICES,Motif Medical,https://motifmedical.com/insurance/qualify
Utah,UT,UHC STUDENT RESOURCES,Motif Medical,https://motifmedical.com/insurance/qualify
Utah,UT,UHC SUREST,Motif Medical,https://motifmedical.com/insurance/qualify
Utah,UT,UHIS,Motif Medical,https://motifmedical.com/insurance/qualify
Utah,UT,UMR,Motif Medical,https://motifmedical.com/insurance/qualify
Utah,UT,UMWA Health & Retirement Funds,Motif Medical,https://motifmedical.com/insurance/qualify
Utah,UT,Unicare,Motif Medical,https://motifmedical.com/insurance/qualify
Utah,UT,Union Pacific RR Employees,Motif Medical,https://motifmedical.com/insurance/qualify
Utah,UT,United,Motif Medical,https://motifmedical.com/insurance/qualify
Utah,UT,United Healthcare,Motif Medical,https://motifmedical.com/insurance/qualify
Utah,UT,United Healthcare  Commercial and Medicare,Motif Medical,https://motifmedical.com/insurance/qualify
Utah,UT,United Healthcare All Savers,Motif Medical,https://motifmedical.com/insurance/qualify
Utah,UT,United Healthcare Medicaid,Motif Medical,https://motifmedical.com/insurance/qualify
Utah,UT,United Healthcare Shared Services,Motif Medical,https://motifmedical.com/insurance/qualify
Utah,UT,United Healthcare StudentResources,Motif Medical,https://motifmedical.com/insurance/qualify
Utah,UT,United Student Resources,Motif Medical,https://motifmedical.com/insurance/qualify
Utah,UT,University of Utah,Motif Medical,https://motifmedical.com/insurance/qualify
Utah,UT,UPMC,Motif Medical,https://motifmedical.com/insurance/qualify
Utah,UT,US Family Health Plan,Motif Medical,https://motifmedical.com/insurance/qualify
Utah,UT,USA MANAGED CARE ORGANIZATIONS,Motif Medical,https://motifmedical.com/insurance/qualify
Utah,UT,Valenz,Motif Medical,https://motifmedical.com/insurance/qualify
Utah,UT,Valenz f.k.a United Claim Solutions (PPO Network),Motif Medical,https://motifmedical.com/insurance/qualify
Utah,UT,WebTPA,Motif Medical,https://motifmedical.com/insurance/qualify
Utah,UT,Wellcare,Motif Medical,https://motifmedical.com/insurance/qualify
Utah,UT,WellFirst Health,Motif Medical,https://motifmedical.com/insurance/qualify
Utah,UT,WellMed,Motif Medical,https://motifmedical.com/insurance/qualify
Utah,UT,Wise Provider Network,Motif Medical,https://motifmedical.com/insurance/qualify
Utah,UT,World Trade Center,Motif Medical,https://motifmedical.com/insurance/qualify
Utah,UT,Zelis,Motif Medical,https://motifmedical.com/insurance/qualify
Utah,UT,ZENITH ADMIN,Motif Medical,https://motifmedical.com/insurance/qualify
Washington,WA,A&S Financial,Motif Medical,https://motifmedical.com/insurance/qualify
Washington,WA,Access Health Services - TPA,Motif Medical,https://motifmedical.com/insurance/qualify
Washington,WA,Aetna,Motif Medical,https://motifmedical.com/insurance/qualify
Washington,WA,Aetna Atlantic Health,Motif Medical,https://motifmedical.com/insurance/qualify
Washington,WA,Aetna National,Motif Medical,https://motifmedical.com/insurance/qualify
Washington,WA,Affinity,Motif Medical,https://motifmedical.com/insurance/qualify
Washington,WA,All Savers Health Plans,Motif Medical,https://motifmedical.com/insurance/qualify
Washington,WA,Allegiance,Motif Medical,https://motifmedical.com/insurance/qualify
Washington,WA,Alliant Health,Motif Medical,https://motifmedical.com/insurance/qualify
Washington,WA,Allied Health Benefits,Motif Medical,https://motifmedical.com/insurance/qualify
Washington,WA,AllWays Health Partners,Motif Medical,https://motifmedical.com/insurance/qualify
Washington,WA,Allwell Coordinated Care,Motif Medical,https://motifmedical.com/insurance/qualify
Washington,WA,Alternative Insurance Resources,Motif Medical,https://motifmedical.com/insurance/qualify
Washington,WA,Ambetter,Motif Medical,https://motifmedical.com/insurance/qualify
Washington,WA,AmBetter Commercial,Motif Medical,https://motifmedical.com/insurance/qualify
Washington,WA,AmeriBen,Motif Medical,https://motifmedical.com/insurance/qualify
Washington,WA,America's Choice Provider Network,Motif Medical,https://motifmedical.com/insurance/qualify
Washington,WA,American Healthcare Alliance,Motif Medical,https://motifmedical.com/insurance/qualify
Washington,WA,American PPO,Motif Medical,https://motifmedical.com/insurance/qualify
Washington,WA,AmeriGroup,Motif Medical,https://motifmedical.com/insurance/qualify
Washington,WA,Amerigroup- Wellpoint,Motif Medical,https://motifmedical.com/insurance/qualify
Washington,WA,AmeriHealth,Motif Medical,https://motifmedical.com/insurance/qualify
Washington,WA,Ametros,Motif Medical,https://motifmedical.com/insurance/qualify
Washington,WA,Ancillary Care Services,Motif Medical,https://motifmedical.com/insurance/qualify
Washington,WA,Anthem BCBCS,Motif Medical,https://motifmedical.com/insurance/qualify
Washington,WA,Anthem BCBS,Motif Medical,https://motifmedical.com/insurance/qualify
Washington,WA,Anthem Blue Cross Blue Shield,Motif Medical,https://motifmedical.com/insurance/qualify
Washington,WA,Anthem Medicaid,Motif Medical,https://motifmedical.com/insurance/qualify
Washington,WA,Arcbest Corporation,Motif Medical,https://motifmedical.com/insurance/qualify
Washington,WA,ASURIS,Motif Medical,https://motifmedical.com/insurance/qualify
Washington,WA,Asuris Northwest Health,Motif Medical,https://motifmedical.com/insurance/qualify
Washington,WA,Atrio Health Plans,Motif Medical,https://motifmedical.com/insurance/qualify
Washington,WA,Badger Care,Motif Medical,https://motifmedical.com/insurance/qualify
Washington,WA,BCE Emergis,Motif Medical,https://motifmedical.com/insurance/qualify
Washington,WA,Beacon Health,Motif Medical,https://motifmedical.com/insurance/qualify
Washington,WA,Beech Street,Motif Medical,https://motifmedical.com/insurance/qualify
Washington,WA,Benefit Assistance Corp,Motif Medical,https://motifmedical.com/insurance/qualify
Washington,WA,Blue Benefit Administrators,Motif Medical,https://motifmedical.com/insurance/qualify
Washington,WA,Blue Cross Blue Shield,Motif Medical,https://motifmedical.com/insurance/qualify
Washington,WA,Bluegrass Family Health,Motif Medical,https://motifmedical.com/insurance/qualify
Washington,WA,BMI Benefits LLC,Motif Medical,https://motifmedical.com/insurance/qualify
Washington,WA,Boulder Admin,Motif Medical,https://motifmedical.com/insurance/qualify
Washington,WA,BRIDGESPAN,Motif Medical,https://motifmedical.com/insurance/qualify
Washington,WA,Bridgespan Health,Motif Medical,https://motifmedical.com/insurance/qualify
Washington,WA,Buckeye Community Health Plan,Motif Medical,https://motifmedical.com/insurance/qualify
Washington,WA,CareFirst BCBS,Motif Medical,https://motifmedical.com/insurance/qualify
Washington,WA,Careington International,Motif Medical,https://motifmedical.com/insurance/qualify
Washington,WA,Caresource,Motif Medical,https://motifmedical.com/insurance/qualify
Washington,WA,CAREVALENT GILSBAR,Motif Medical,https://motifmedical.com/insurance/qualify
Washington,WA,Cedar Valley Community Healthcare,Motif Medical,https://motifmedical.com/insurance/qualify
Washington,WA,Cedar Valley Hospice - Transportation,Motif Medical,https://motifmedical.com/insurance/qualify
Washington,WA,Centene,Motif Medical,https://motifmedical.com/insurance/qualify
Washington,WA,Century Health Solutions,Motif Medical,https://motifmedical.com/insurance/qualify
Washington,WA,Cerner Health Plan,Motif Medical,https://motifmedical.com/insurance/qualify
Washington,WA,CHAMP VA,Motif Medical,https://motifmedical.com/insurance/qualify
Washington,WA,CHN Solutions,Motif Medical,https://motifmedical.com/insurance/qualify
Washington,WA,Choice Care Network,Motif Medical,https://motifmedical.com/insurance/qualify
Washington,WA,Cigna,Motif Medical,https://motifmedical.com/insurance/qualify
Washington,WA,ClearPrice Networks,Motif Medical,https://motifmedical.com/insurance/qualify
Washington,WA,CMN Inc. Global,Motif Medical,https://motifmedical.com/insurance/qualify
Washington,WA,Coastal Care Services,Motif Medical,https://motifmedical.com/insurance/qualify
Washington,WA,Cofinity Health Benefits,Motif Medical,https://motifmedical.com/insurance/qualify
Washington,WA,Common Ground Health Care,Motif Medical,https://motifmedical.com/insurance/qualify
Washington,WA,Commonwealth Care Alliance,Motif Medical,https://motifmedical.com/insurance/qualify
Washington,WA,Community Care,Motif Medical,https://motifmedical.com/insurance/qualify
Washington,WA,Community Health Options,Motif Medical,https://motifmedical.com/insurance/qualify
Washington,WA,Community Health Plan of Washington,Motif Medical,https://motifmedical.com/insurance/qualify
Washington,WA,Compass Rose Health Plan,Motif Medical,https://motifmedical.com/insurance/qualify
Washington,WA,CompDME,Motif Medical,https://motifmedical.com/insurance/qualify
Washington,WA,Confluence Health,Motif Medical,https://motifmedical.com/insurance/qualify
Washington,WA,Connecticare,Motif Medical,https://motifmedical.com/insurance/qualify
Washington,WA,CONSOCIATE CARE,Motif Medical,https://motifmedical.com/insurance/qualify
Washington,WA,Continental Benefits,Motif Medical,https://motifmedical.com/insurance/qualify
Washington,WA,Cook County Health Plan,Motif Medical,https://motifmedical.com/insurance/qualify
Washington,WA,Coordinated Care Health of Washington,Motif Medical,https://motifmedical.com/insurance/qualify
Washington,WA,CoreSource,Motif Medical,https://motifmedical.com/insurance/qualify
Washington,WA,Coventry Health Care,Motif Medical,https://motifmedical.com/insurance/qualify
Washington,WA,CuraeChoice,Motif Medical,https://motifmedical.com/insurance/qualify
Washington,WA,Delta Health Systems,Motif Medical,https://motifmedical.com/insurance/qualify
Washington,WA,Deseret Mutual Benefit Administrators,Motif Medical,https://motifmedical.com/insurance/qualify
Washington,WA,Eagle Health Plan,Motif Medical,https://motifmedical.com/insurance/qualify
Washington,WA,EBMS,Motif Medical,https://motifmedical.com/insurance/qualify
Washington,WA,EBPA,Motif Medical,https://motifmedical.com/insurance/qualify
Washington,WA,Emblem Health,Motif Medical,https://motifmedical.com/insurance/qualify
Washington,WA,Employers Health Network,Motif Medical,https://motifmedical.com/insurance/qualify
Washington,WA,Exceedent,Motif Medical,https://motifmedical.com/insurance/qualify
Washington,WA,Fidelis Care,Motif Medical,https://motifmedical.com/insurance/qualify
Washington,WA,First Choice Health,Motif Medical,https://motifmedical.com/insurance/qualify
Washington,WA,First Choice Health Administrators,Motif Medical,https://motifmedical.com/insurance/qualify
Washington,WA,Friday Health Plan,Motif Medical,https://motifmedical.com/insurance/qualify
Washington,WA,Galaxy Health Network,Motif Medical,https://motifmedical.com/insurance/qualify
Washington,WA,Gateway Health,Motif Medical,https://motifmedical.com/insurance/qualify
Washington,WA,GEHA,Motif Medical,https://motifmedical.com/insurance/qualify
Washington,WA,Geisinger,Motif Medical,https://motifmedical.com/insurance/qualify
Washington,WA,Gilsbar,Motif Medical,https://motifmedical.com/insurance/qualify
Washington,WA,global excel management,Motif Medical,https://motifmedical.com/insurance/qualify
Washington,WA,group health benefits,Motif Medical,https://motifmedical.com/insurance/qualify
Washington,WA,Group Health Eau Claire,Motif Medical,https://motifmedical.com/insurance/qualify
Washington,WA,Harbor Health Plan,Motif Medical,https://motifmedical.com/insurance/qualify
Washington,WA,Harvard Pilgrim,Motif Medical,https://motifmedical.com/insurance/qualify
Washington,WA,Health Alliance Medical Plans,Motif Medical,https://motifmedical.com/insurance/qualify
Washington,WA,Health Care Partners,Motif Medical,https://motifmedical.com/insurance/qualify
Washington,WA,health eos,Motif Medical,https://motifmedical.com/insurance/qualify
Washington,WA,Health EZ,Motif Medical,https://motifmedical.com/insurance/qualify
Washington,WA,Health New England,Motif Medical,https://motifmedical.com/insurance/qualify
Washington,WA,Health Options,Motif Medical,https://motifmedical.com/insurance/qualify
Washington,WA,Health Partners,Motif Medical,https://motifmedical.com/insurance/qualify
Washington,WA,Health Payment Systems,Motif Medical,https://motifmedical.com/insurance/qualify
Washington,WA,Health Plan Services,Motif Medical,https://motifmedical.com/insurance/qualify
Washington,WA,Health Plans Inc,Motif Medical,https://motifmedical.com/insurance/qualify
Washington,WA,Health Scope,Motif Medical,https://motifmedical.com/insurance/qualify
Washington,WA,Health Smart,Motif Medical,https://motifmedical.com/insurance/qualify
Washington,WA,Healthcare Management Administration,Motif Medical,https://motifmedical.com/insurance/qualify
Washington,WA,HealthComp,Motif Medical,https://motifmedical.com/insurance/qualify
Washington,WA,Healthcomp TPA,Motif Medical,https://motifmedical.com/insurance/qualify
Washington,WA,Healthgram,Motif Medical,https://motifmedical.com/insurance/qualify
Washington,WA,HealthLink,Motif Medical,https://motifmedical.com/insurance/qualify
Washington,WA,HealthSmart,Motif Medical,https://motifmedical.com/insurance/qualify
Washington,WA,"HealthSmart Preferred Care II, LP",Motif Medical,https://motifmedical.com/insurance/qualify
Washington,WA,HFN,Motif Medical,https://motifmedical.com/insurance/qualify
Washington,WA,highlands,Motif Medical,https://motifmedical.com/insurance/qualify
Washington,WA,Highmark BlueCross BlueShield,Motif Medical,https://motifmedical.com/insurance/qualify
Washington,WA,HMA,Motif Medical,https://motifmedical.com/insurance/qualify
Washington,WA,Homelink,Motif Medical,https://motifmedical.com/insurance/qualify
Washington,WA,Hudson Health Plan,Motif Medical,https://motifmedical.com/insurance/qualify
Washington,WA,Humana,Motif Medical,https://motifmedical.com/insurance/qualify
Washington,WA,Imagine 406,Motif Medical,https://motifmedical.com/insurance/qualify
Washington,WA,"immergrun, inc.",Motif Medical,https://motifmedical.com/insurance/qualify
Washington,WA,Independence BCBS,Motif Medical,https://motifmedical.com/insurance/qualify
Washington,WA,Independent Health,Motif Medical,https://motifmedical.com/insurance/qualify
Washington,WA,Independent Medical Systems,Motif Medical,https://motifmedical.com/insurance/qualify
Washington,WA,indequest,Motif Medical,https://motifmedical.com/insurance/qualify
Washington,WA,Insurance Management Services,Motif Medical,https://motifmedical.com/insurance/qualify
Washington,WA,Integra,Motif Medical,https://motifmedical.com/insurance/qualify
Washington,WA,Interplan,Motif Medical,https://motifmedical.com/insurance/qualify
Washington,WA,INTotal Health,Motif Medical,https://motifmedical.com/insurance/qualify
Washington,WA,IPMG,Motif Medical,https://motifmedical.com/insurance/qualify
Washington,WA,J.P. Farley Corporation,Motif Medical,https://motifmedical.com/insurance/qualify
Washington,WA,Kaiser,Motif Medical,https://motifmedical.com/insurance/qualify
Washington,WA,Kaiser Foundation Health Plan,Motif Medical,https://motifmedical.com/insurance/qualify
Washington,WA,Key Benefit Administrators,Motif Medical,https://motifmedical.com/insurance/qualify
Washington,WA,Keystone First,Motif Medical,https://motifmedical.com/insurance/qualify
Washington,WA,lakes area community healthplan,Motif Medical,https://motifmedical.com/insurance/qualify
Washington,WA,Lasso Healthcare,Motif Medical,https://motifmedical.com/insurance/qualify
Washington,WA,Lifewise,Motif Medical,https://motifmedical.com/insurance/qualify
Washington,WA,Longevity Health Plan,Motif Medical,https://motifmedical.com/insurance/qualify
Washington,WA,Lucent Health,Motif Medical,https://motifmedical.com/insurance/qualify
Washington,WA,Magellan,Motif Medical,https://motifmedical.com/insurance/qualify
Washington,WA,Magnacare,Motif Medical,https://motifmedical.com/insurance/qualify
Washington,WA,Mail Handlers,Motif Medical,https://motifmedical.com/insurance/qualify
Washington,WA,"Managed Care, Inc dba Galaxy Health Network",Motif Medical,https://motifmedical.com/insurance/qualify
Washington,WA,Martin's Point,Motif Medical,https://motifmedical.com/insurance/qualify
Washington,WA,maxor provider network,Motif Medical,https://motifmedical.com/insurance/qualify
Washington,WA,mcm maxcare ppo,Motif Medical,https://motifmedical.com/insurance/qualify
Washington,WA,Medcorp Southwest Inc,Motif Medical,https://motifmedical.com/insurance/qualify
Washington,WA,MedCost,Motif Medical,https://motifmedical.com/insurance/qualify
Washington,WA,Medi-Share,Motif Medical,https://motifmedical.com/insurance/qualify
Washington,WA,Medica,Motif Medical,https://motifmedical.com/insurance/qualify
Washington,WA,Medicaid,Motif Medical,https://motifmedical.com/insurance/qualify
Washington,WA,Medicaid of Washington,Motif Medical,https://motifmedical.com/insurance/qualify
Washington,WA,"Medical Cost Containment Professionals, LLC (MCCP)",Motif Medical,https://motifmedical.com/insurance/qualify
Washington,WA,medical resource,Motif Medical,https://motifmedical.com/insurance/qualify
Washington,WA,Medicare,Motif Medical,https://motifmedical.com/insurance/qualify
Washington,WA,Meridian Health Plan,Motif Medical,https://motifmedical.com/insurance/qualify
Washington,WA,Meritain Health,Motif Medical,https://motifmedical.com/insurance/qualify
Washington,WA,Methodist First Choice,Motif Medical,https://motifmedical.com/insurance/qualify
Washington,WA,MetroPlus,Motif Medical,https://motifmedical.com/insurance/qualify
Washington,WA,Midlands Choice,Motif Medical,https://motifmedical.com/insurance/qualify
Washington,WA,Midwest Health,Motif Medical,https://motifmedical.com/insurance/qualify
Washington,WA,MissionPoint,Motif Medical,https://motifmedical.com/insurance/qualify
Washington,WA,Moda Health,Motif Medical,https://motifmedical.com/insurance/qualify
Washington,WA,Molina,Motif Medical,https://motifmedical.com/insurance/qualify
Washington,WA,Mountain Health CO-OP,Motif Medical,https://motifmedical.com/insurance/qualify
Washington,WA,Multiplan-PHCS,Motif Medical,https://motifmedical.com/insurance/qualify
Washington,WA,Mutual Assurance Administrators,Motif Medical,https://motifmedical.com/insurance/qualify
Washington,WA,National Association of Letter Carriers,Motif Medical,https://motifmedical.com/insurance/qualify
Washington,WA,National Elevator Industry Health Benefits,Motif Medical,https://motifmedical.com/insurance/qualify
Washington,WA,NYSHIP,Motif Medical,https://motifmedical.com/insurance/qualify
Washington,WA,One Homecare Solutions,Motif Medical,https://motifmedical.com/insurance/qualify
Washington,WA,Onecall,Motif Medical,https://motifmedical.com/insurance/qualify
Washington,WA,Optum,Motif Medical,https://motifmedical.com/insurance/qualify
Washington,WA,Other,Motif Medical,https://motifmedical.com/insurance/qualify
Washington,WA,OWCA,Motif Medical,https://motifmedical.com/insurance/qualify
Washington,WA,Oxford Health Plans,Motif Medical,https://motifmedical.com/insurance/qualify
Washington,WA,Pacific Medical Centers USFHP,Motif Medical,https://motifmedical.com/insurance/qualify
Washington,WA,Pacific Source Health Plans,Motif Medical,https://motifmedical.com/insurance/qualify
Washington,WA,PacificSource Health Plans,Motif Medical,https://motifmedical.com/insurance/qualify
Washington,WA,Paradigm,Motif Medical,https://motifmedical.com/insurance/qualify
Washington,WA,Performance Health,Motif Medical,https://motifmedical.com/insurance/qualify
Washington,WA,Piedmont Healthcare,Motif Medical,https://motifmedical.com/insurance/qualify
Washington,WA,Pinnacle Assurance,Motif Medical,https://motifmedical.com/insurance/qualify
Washington,WA,Porter County Government Employee Benefits,Motif Medical,https://motifmedical.com/insurance/qualify
Washington,WA,PPO Plus,Motif Medical,https://motifmedical.com/insurance/qualify
Washington,WA,Prairie States,Motif Medical,https://motifmedical.com/insurance/qualify
Washington,WA,Preferred Health Professionals,Motif Medical,https://motifmedical.com/insurance/qualify
Washington,WA,Preferred Medical Network,Motif Medical,https://motifmedical.com/insurance/qualify
Washington,WA,Preferred One,Motif Medical,https://motifmedical.com/insurance/qualify
Washington,WA,Premera BC/BS,Motif Medical,https://motifmedical.com/insurance/qualify
Washington,WA,Premera BlueCross,Motif Medical,https://motifmedical.com/insurance/qualify
Washington,WA,Presbyterian Health Plan,Motif Medical,https://motifmedical.com/insurance/qualify
Washington,WA,Priority Health,Motif Medical,https://motifmedical.com/insurance/qualify
Washington,WA,PROVIDENCE HEALTH,Motif Medical,https://motifmedical.com/insurance/qualify
Washington,WA,Provider Network of America,Motif Medical,https://motifmedical.com/insurance/qualify
Washington,WA,QualChoice,Motif Medical,https://motifmedical.com/insurance/qualify
Washington,WA,Quartz,Motif Medical,https://motifmedical.com/insurance/qualify
Washington,WA,Regence BC/BS,Motif Medical,https://motifmedical.com/insurance/qualify
Washington,WA,Regence Group Administrators,Motif Medical,https://motifmedical.com/insurance/qualify
Washington,WA,Reserve National Insurance Company,Motif Medical,https://motifmedical.com/insurance/qualify
Washington,WA,ResourceOne Administrators,Motif Medical,https://motifmedical.com/insurance/qualify
Washington,WA,S & S Health,Motif Medical,https://motifmedical.com/insurance/qualify
Washington,WA,Samaritan,Motif Medical,https://motifmedical.com/insurance/qualify
Washington,WA,Sana Benefits,Motif Medical,https://motifmedical.com/insurance/qualify
Washington,WA,Sanford Health Plan,Motif Medical,https://motifmedical.com/insurance/qualify
Washington,WA,Scott & White Health Plan,Motif Medical,https://motifmedical.com/insurance/qualify
Washington,WA,Sedgwick,Motif Medical,https://motifmedical.com/insurance/qualify
Washington,WA,Select Administrative Services,Motif Medical,https://motifmedical.com/insurance/qualify
Washington,WA,Self Insured Services Company,Motif Medical,https://motifmedical.com/insurance/qualify
Washington,WA,Sentara Health Plans,Motif Medical,https://motifmedical.com/insurance/qualify
Washington,WA,Sentry Insurance,Motif Medical,https://motifmedical.com/insurance/qualify
Washington,WA,SIHO,Motif Medical,https://motifmedical.com/insurance/qualify
Washington,WA,SIX DEGREES HEALTH,Motif Medical,https://motifmedical.com/insurance/qualify
Washington,WA,SmartHealth,Motif Medical,https://motifmedical.com/insurance/qualify
Washington,WA,SMS National,Motif Medical,https://motifmedical.com/insurance/qualify
Washington,WA,Sound Health and Wellness,Motif Medical,https://motifmedical.com/insurance/qualify
Washington,WA,South Central Preferred,Motif Medical,https://motifmedical.com/insurance/qualify
Washington,WA,Starmark,Motif Medical,https://motifmedical.com/insurance/qualify
Washington,WA,The American Worker,Motif Medical,https://motifmedical.com/insurance/qualify
Washington,WA,The American Worker (f.k.a Century Healthcare),Motif Medical,https://motifmedical.com/insurance/qualify
Washington,WA,The Empire Plan,Motif Medical,https://motifmedical.com/insurance/qualify
Washington,WA,The Health Plan,Motif Medical,https://motifmedical.com/insurance/qualify
Washington,WA,Tricare,Motif Medical,https://motifmedical.com/insurance/qualify
Washington,WA,Tricare Overseas,Motif Medical,https://motifmedical.com/insurance/qualify
Washington,WA,Tricare West,Motif Medical,https://motifmedical.com/insurance/qualify
Washington,WA,Trilogy,Motif Medical,https://motifmedical.com/insurance/qualify
Washington,WA,TRPN,Motif Medical,https://motifmedical.com/insurance/qualify
Washington,WA,Trustmark,Motif Medical,https://motifmedical.com/insurance/qualify
Washington,WA,Tufts Health Plan,Motif Medical,https://motifmedical.com/insurance/qualify
Washington,WA,Ucare,Motif Medical,https://motifmedical.com/insurance/qualify
Washington,WA,UHC ALL SAVERS,Motif Medical,https://motifmedical.com/insurance/qualify
Washington,WA,UHC SHARED SERVICES,Motif Medical,https://motifmedical.com/insurance/qualify
Washington,WA,UHC STUDENT RESOURCES,Motif Medical,https://motifmedical.com/insurance/qualify
Washington,WA,UHC SUREST,Motif Medical,https://motifmedical.com/insurance/qualify
Washington,WA,UHIS,Motif Medical,https://motifmedical.com/insurance/qualify
Washington,WA,UMR,Motif Medical,https://motifmedical.com/insurance/qualify
Washington,WA,UMWA Health & Retirement Funds,Motif Medical,https://motifmedical.com/insurance/qualify
Washington,WA,Unicare,Motif Medical,https://motifmedical.com/insurance/qualify
Washington,WA,United,Motif Medical,https://motifmedical.com/insurance/qualify
Washington,WA,United Healthcare,Motif Medical,https://motifmedical.com/insurance/qualify
Washington,WA,United Healthcare  Commercial and Medicare,Motif Medical,https://motifmedical.com/insurance/qualify
Washington,WA,United Healthcare All Savers,Motif Medical,https://motifmedical.com/insurance/qualify
Washington,WA,United Healthcare Medicaid,Motif Medical,https://motifmedical.com/insurance/qualify
Washington,WA,United Healthcare Shared Services,Motif Medical,https://motifmedical.com/insurance/qualify
Washington,WA,United Healthcare StudentResources,Motif Medical,https://motifmedical.com/insurance/qualify
Washington,WA,United Student Resources,Motif Medical,https://motifmedical.com/insurance/qualify
Washington,WA,UnitedHealthcare Community Plan,Motif Medical,https://motifmedical.com/insurance/qualify
Washington,WA,UPMC,Motif Medical,https://motifmedical.com/insurance/qualify
Washington,WA,US Family Health Plan,Motif Medical,https://motifmedical.com/insurance/qualify
Washington,WA,USA MANAGED CARE ORGANIZATIONS,Motif Medical,https://motifmedical.com/insurance/qualify
Washington,WA,USFHP,Motif Medical,https://motifmedical.com/insurance/qualify
Washington,WA,Valenz,Motif Medical,https://motifmedical.com/insurance/qualify
Washington,WA,Valenz f.k.a United Claim Solutions (PPO Network),Motif Medical,https://motifmedical.com/insurance/qualify
Washington,WA,Washington Coordinated Care,Motif Medical,https://motifmedical.com/insurance/qualify
Washington,WA,WebTPA,Motif Medical,https://motifmedical.com/insurance/qualify
Washington,WA,Welfare and Pension Administrating Services Operating Engineers 302,Motif Medical,https://motifmedical.com/insurance/qualify
Washington,WA,Wellcare,Motif Medical,https://motifmedical.com/insurance/qualify
Washington,WA,WellFirst Health,Motif Medical,https://motifmedical.com/insurance/qualify
Washington,WA,WellMed,Motif Medical,https://motifmedical.com/insurance/qualify
Washington,WA,Wellpoint,Motif Medical,https://motifmedical.com/insurance/qualify
Washington,WA,Wellpoint of Washington (fka Amerigroup of Washington),Motif Medical,https://motifmedical.com/insurance/qualify
Washington,WA,World Trade Center,Motif Medical,https://motifmedical.com/insurance/qualify
Washington,WA,Zelis,Motif Medical,https://motifmedical.com/insurance/qualify
Washington,WA,ZENITA,Motif Medical,https://motifmedical.com/insurance/qualify
Washington,WA,ZENITH ADMIN,Motif Medical,https://motifmedical.com/insurance/qualify
